-- phpMyAdmin SQL Dump
-- version 5.2.0
-- https://www.phpmyadmin.net/
--
-- Servidor: db
-- Tiempo de generaci처n: 17-06-2023 a las 10:14:37
-- Versi처n del servidor: 8.0.31
-- Versi처n de PHP: 8.0.25

SET SQL_MODE = "NO_AUTO_VALUE_ON_ZERO";
START TRANSACTION;
SET time_zone = "+00:00";


/*!40101 SET @OLD_CHARACTER_SET_CLIENT=@@CHARACTER_SET_CLIENT */;
/*!40101 SET @OLD_CHARACTER_SET_RESULTS=@@CHARACTER_SET_RESULTS */;
/*!40101 SET @OLD_COLLATION_CONNECTION=@@COLLATION_CONNECTION */;
/*!40101 SET NAMES utf8mb4 */;

--
-- Base de datos: `osiris`
--

-- --------------------------------------------------------

--
-- Estructura de tabla para la tabla `document`
--

CREATE TABLE `document` (
  `code` varchar(100) CHARACTER SET utf8mb4 COLLATE utf8mb4_general_ci NOT NULL,
  `time` varchar(100) NOT NULL,
  `location` varchar(100) NOT NULL,
  `type` varchar(100) NOT NULL
) ENGINE=InnoDB DEFAULT CHARSET=utf8mb4 COLLATE=utf8mb4_general_ci;

--
-- Volcado de datos para la tabla `document`
--

INSERT INTO `document` (`code`, `time`, `location`, `type`) VALUES
('A1C', 'Senusret I', 'Lisht', 'coffin'),
('Ab1Le', '?', 'Abusir', 'coffin'),
('Ab1Ph', '?', 'Abydos', 'coffin'),
('Ab2Le', '?', 'Abusir', 'coffin'),
('B10C', 'Amenemhat II', 'Bersha', 'coffin'),
('B11C', 'Amenemhat II', 'Bersha', 'canoptic-box'),
('B12C', 'Senusret II', 'Bersha', 'coffin'),
('B13C', 'Senusret II', 'Bersha', 'coffin'),
('B14C', '?', 'Bersha', 'coffin'),
('B15C', 'Amenemhat II', 'Bersha', 'coffin'),
('B16C', 'Senusret III', 'Bersha', 'coffin'),
('B17C', 'Senusret III', 'Bersha', 'coffin'),
('B18C', '?', 'Bersha', 'canoptic-box'),
('B19C', '?', 'Bersha', 'canoptic-box'),
('B1Be', '?', 'Bersha', 'coffin'),
('B1Bo', 'end XI d. / Amenemhat I or end Amenemhat I', 'Bersha', 'coffin'),
('B1C', 'Senusret II', 'Bersha', 'coffin'),
('B1L', 'Senusret III', 'Bersha', 'coffin'),
('B1P', 'Senusret III', 'Bersha', 'coffin'),
('B1Y', 'Senusret I or Amenemhat II', 'Bersha', 'coffin'),
('B20C', 'Senusret III', 'Bersha', 'coffin'),
('B2Be', 'Senusret III ?', 'Bersha', 'coffin'),
('B2Bo', 'end XI d. / Amenemhat I or end Amenemhat I', 'Bersha', 'coffin'),
('B2C', 'Senusret II', 'Bersha', 'coffin'),
('B2L', 'Senusret III', 'Bersha', 'coffin'),
('B2P', 'Senusret III', 'Bersha', 'coffin'),
('B3Bo', 'end XId. - Amenemhat I', 'Bersha', 'coffin'),
('B3C', 'Senusret I', 'Bersha', 'coffin'),
('B3L', 'Senusret III', 'Bersha', 'coffin'),
('B4Bo', 'end XId. - Amenemhat I', 'Bersha', 'coffin'),
('B4C', 'Senusret I', 'Bersha', 'coffin'),
('B4L', 'Senusret III', 'Bersha', 'coffin'),
('B5Bo', 'end XI d. / Amenemhat I', 'Bersha', 'canoptic-box'),
('B5C', 'Senusret II', 'Bersha', 'coffin'),
('B6Bo', 'Mentuhotep III / Amenemhat I', 'Bersha', 'coffin'),
('B6C', 'end Amenemhat I', 'Bersha', 'coffin'),
('B7Bo', 'Mentuhotep III / Amenemhat I', 'Bersha', 'coffin'),
('B7C', 'Senusret II', 'Bersha', 'coffin'),
('B9C', 'Amenemhat II', 'Bersha', 'coffin'),
('BH1Br', 'end Amenemhat II / beginning Senusret III', 'Beni Hassan', 'coffin'),
('BH1C', 'Amenemhat I', 'Beni Hassan', 'coffin'),
('BH1Ox', 'Amenemhat I', 'Beni Hassan', 'coffin'),
('BH2C', 'Amenemhat I', 'Beni Hassan', 'coffin'),
('BH2Ox', 'Amenemhat I', 'Beni Hassan', 'coffin'),
('BH3C', 'Amenemhat I', 'Beni Hassan', 'coffin'),
('BH3Ox', '?', 'Beni Hassan', 'coffin'),
('BH4C', 'end Amenemhat II / beginning Senusret III', 'Beni Hassan', 'coffin'),
('BH5C', 'Amenemhat I', 'Beni Hassan', 'coffin'),
('BH6C', '?', 'Beni Hassan', 'coffin'),
('D1C', '?', 'Denderah', 'coffin'),
('Da1C', '?', 'Dahshur', 'coffin'),
('Da2C', '?', 'Dahshur', 'sarcophagus-gold-foil'),
('Da3C', '?', 'Dahshur', 'sarcophagus-gold-foil'),
('Da4C', '?', 'Dahshur', 'sarcophagus-gold-foil'),
('G1Be', '?', 'Gebelein', 'coffin'),
('G1T', 'end I I.P.', 'Gebelein', 'coffin'),
('G2T', 'end I I.P.', 'Gebelein', 'coffin'),
('H', '?', 'Gebelein?', 'coffin'),
('K1T', '?', 'Kaor', 'coffin'),
('L-A1', '?', 'Lisht', 'coffin'),
('L-BnrA', '?', 'Lisht', 'coffin'),
('L-D1', '?', 'Lisht', 'coffin'),
('L-HM', '?', 'Lisht', 'coffin'),
('L-JMH1', '?', 'Lisht', 'coffin'),
('L-KhPM2', '?', 'Lisht', 'coffin'),
('L-MH1A', '?', 'Lisht', 'coffin'),
('L-Nnjl', '?', 'Lisht', 'coffin'),
('L-PW1A', '?', 'Lisht', 'coffin'),
('L-PW1B', '?', 'Lisht', 'doorjamb'),
('L-S1B', '?', 'Lisht', 'coffin'),
('L-Snb2', '?', 'Lisht', 'mask'),
('L-SS1A', '?', 'Lisht', 'doorjamb'),
('L-SS1B', '?', 'Lisht', 'doorjamb'),
('L-SS1C', '?', 'Lisht', 'doorjamb'),
('L-WN1A', '?', 'Lisht', 'coffin'),
('L-Wsr1', '?', 'Lisht', 'coffin'),
('L-X13', '?', 'Lisht', 'coffin'),
('L1Li', 'Amenemhat III or later', 'Lisht', 'coffin'),
('L1NY', 'Amenemhat II or later', 'Lisht', 'coffin'),
('L2Li', 'Amenemhat III or later', 'Lisht', 'coffin'),
('L3Li', 'Amenemhat II or later', 'Lisht', 'coffin'),
('M.C.105', 'end XI d.?', 'Thebes', 'coffin'),
('M10C', 'Senusret I', 'Meir', 'coffin'),
('M11C', 'Senusret I', 'Meir', 'coffin'),
('M12C', 'Senusret I', 'Meir', 'coffin'),
('M13C', 'Senusret I', 'Meir', 'coffin'),
('M14C', 'Senusret I', 'Meir', 'coffin'),
('M16C', '?', 'Meir', 'coffin'),
('M18C', '?', 'Meir', 'coffin'),
('M19C', 'Senusret I', 'Meir', 'coffin'),
('M1Ann.', '?', 'Meir', 'mask'),
('M1C', 'end Amenemhat II', 'Meir', 'coffin'),
('M1NY', 'end Amenemhat II', 'Meir', 'coffin'),
('M20C', '?', 'Meir', 'coffin'),
('M21C', '?', 'Meir', 'coffin'),
('M22C', '?', 'Meir', 'board'),
('M23C', '?', 'Meir', 'coffin'),
('M24C', 'Senusret I', 'Meir', 'coffin'),
('M25C', '?', 'Meir', 'coffin'),
('M28C', 'Senusret I', 'Meir', 'coffin'),
('M2Ann.', '?', 'Meir', 'mask'),
('M2C', 'end Amenemhat II', 'Meir', 'coffin'),
('M2NY', 'end Amenemhat II / beginning Senusret III', 'Meir', 'coffin'),
('M30C', '?', 'Meir', 'coffin'),
('M31C', '?', 'Meir', 'coffin'),
('M35C', '?', 'Meir', 'mask'),
('M36C', '?', 'Meir', 'mask'),
('M37C', '?', 'Meir', 'coffin'),
('M38C', 'Senusret I', 'Meir', 'coffin'),
('M39C', 'Senusret I', 'Meir', 'coffin'),
('M3Ann.', '?', 'Meir', 'board'),
('M3C', 'Senusret I', 'Meir', 'coffin'),
('M41C', 'Senusret I', 'Meir', 'coffin'),
('M44C', '?', 'Meir', 'coffin'),
('M45C', 'Senusret I', 'Meir', 'coffin'),
('M46C', '?', 'Meir', 'coffin'),
('M47C', 'Senusret I', 'Meir', 'coffin'),
('M48C', 'Senusret I', 'Meir', 'coffin'),
('M4C', 'Senusret I', 'Meir', 'coffin'),
('M54C', 'Senusret I or end Amenemhat II', 'Meir', 'coffin'),
('M57C', '2nd 1/2 XII d.', 'Meir', 'coffin'),
('M58C', '?', 'Meir', 'coffin'),
('M5C', 'Amenemhat I', 'Meir', 'coffin'),
('M6C', 'Amenemhat I', 'Meir', 'coffin'),
('M7C', 'Senusret II / Senusret III', 'Meir', 'coffin'),
('M8C', 'Senusret II / Senusret III', 'Meir', 'coffin'),
('M9C', 'Senusret I', 'Meir', 'coffin'),
('MAnn.', 'Senusret I ', 'Meir', 'coffin'),
('Pap.Berl(BelinPap.10482)', '?', 'Asyut?', 'papyrus'),
('Pap.Gard.II', '?', '?', 'papyrus'),
('Pap.Gard.III', '?', '?', 'papyrus'),
('Pap.Gard.IV', '?', '?', 'papyrus'),
('R1X', '?', 'Riqqah', 'coffin'),
('S10C', 'Senusret II ?', 'Asyut', 'coffin'),
('S11C', 'Senusret II ?', 'Asyut', 'coffin'),
('S12C', 'Senusret II ?', 'Asyut', 'coffin'),
('S14C', 'Senusret II ?', 'Asyut', 'coffin'),
('S16C', 'Amenemhat I ?', 'Asyut', 'coffin'),
('S1C', 'Senusret II ?', 'Asyut', 'coffin'),
('S1Chass', 'Senusret II ?', 'Asyut', 'coffin'),
('S1P', 'Senusret II ?', 'Asyut', 'coffin'),
('S1T체', 'Senusret II ?', 'Asyut', 'coffin'),
('S2C', 'Senusret II ?', 'Asyut', 'coffin'),
('S2Chass', 'Senusret II ?', 'Asyut', 'coffin'),
('S2P', 'Senusret II ?', 'Asyut', 'coffin'),
('S3C', 'Senusret II ?', 'Asyut', 'coffin'),
('S3P', 'Senusret II ?', 'Asyut', 'coffin'),
('S5C', 'Senusret II ?', 'Asyut', 'coffin'),
('S6C', 'Senusret II ?', 'Asyut', 'coffin'),
('S6P', 'Senusret II ?', 'Asyut', 'coffin'),
('S9C', 'Senusret II ?', 'Asyut', 'coffin'),
('Sed1Cam', '?', 'Sedment', 'coffin'),
('Sed1Cop', '?', 'Sedment', 'coffin'),
('Sed1Sed', '?', 'Sedment', 'coffin'),
('Sed2Cop', '?', 'Sedment', 'coffin'),
('Sq10C', 'Sewahenre (XIII d.)', 'Saqqara', 'coffin'),
('Sq11C', 'XI / XII dd.', 'Saqqara', 'coffin'),
('Sq12C', 'XI / XII dd.', 'Saqqara', 'coffin'),
('Sq13C', '?', 'Saqqara', 'coffin'),
('Sq1C', 'Amenemhat II or later', 'Saqqara', 'coffin'),
('Sq1Ch', '?', 'Saqqara', 'coffin'),
('Sq1Cop', '?', 'Saqqara', 'coffin'),
('Sq1Sq', 'XI / XII dd.', 'Saqqara', 'tomb'),
('Sq1X', '?', 'Saqqara', 'coffin'),
('Sq2Be', '?', 'Saqqara', 'coffin'),
('Sq2C', '?', 'Saqqara', 'coffin'),
('Sq2Sq', 'XI / XII dd.', 'Saqqara', 'tomb'),
('Sq3Be', '?', 'Saqqara', 'coffin'),
('Sq3C', 'XI d. / beginning XII d.', 'Saqqara', 'coffin'),
('Sq3Sq', 'XI / beginning XII d.', 'Saqqara', 'coffin'),
('Sq4C', 'XI / XII dd.', 'Saqqara', 'coffin'),
('Sq4Sq', 'XI / beginning XII d.', 'Saqqara', 'coffin'),
('Sq5C', 'XI / XII dd.', 'Saqqara', 'coffin'),
('Sq5Sq', 'XI / XII dd.', 'Saqqara', 'coffin'),
('Sq6C', 'XI d. / beginning XII d.', 'Saqqara', 'coffin'),
('Sq7C', 'Amenemhat II or later', 'Saqqara', 'coffin'),
('Sq7Sq', 'XI / XII dd.', 'Saqqara', 'coffin'),
('Sq8Sq', 'XI / XII dd.', 'Saqqara', 'coffin'),
('Sq9C', '?', 'Saqqara', 'coffin'),
('T10C', 'Sewahenre (XIII d.)', 'Thebes', 'coffin'),
('T13C', '?', 'Thebes', 'coffin'),
('T1Be', 'Senusret I or later', 'Thebes', 'coffin'),
('T1C', 'end XI d.', 'Thebes', 'tomb'),
('T1L', 'end XI d.', 'Thebes', 'coffin'),
('T1N.Y.', 'end XI d.?', 'Thebes', 'coffin'),
('T2Be', 'Senusret I or later', 'Thebes', 'coffin'),
('T2C', 'Mentuhotep II', 'Thebes', 'coffin'),
('T2L', 'Senusret I or later ', 'Thebes', 'coffin'),
('T3Be', 'Senusret I or later', 'Thebes', 'coffin'),
('T3C', 'Senusret I or later ', 'Thebes', 'coffin'),
('T3L', 'Senusret I or later ', 'Thebes', 'coffin'),
('T4Be', 'Senusret I or later', 'Thebes', 'coffin'),
('T6C', 'Sewahenre (XIII d.)', 'Thebes', 'coffin'),
('T7C', '?', 'Thebes', 'coffin'),
('T8C', '?', 'Thebes', 'coffin'),
('T9C', 'Mentuhotep II', 'Thebes', 'coffin'),
('TT240', 'end XI d.?', 'Thebes', 'tomb'),
('TT319', 'Mentuhotep II  or later?', 'Thebes', 'tomb'),
('Y1C', '?', '?', 'board');

-- --------------------------------------------------------

--
-- Estructura de tabla para la tabla `spell`
--

CREATE TABLE `spell` (
  `id` int NOT NULL,
  `book` varchar(10) NOT NULL,
  `spell` int NOT NULL
) ENGINE=InnoDB DEFAULT CHARSET=utf8mb4 COLLATE=utf8mb4_general_ci;

--
-- Volcado de datos para la tabla `spell`
--

INSERT INTO `spell` (`id`, `book`, `spell`) VALUES
(1, 'PT', 1),
(2, 'PT', 2),
(3, 'PT', 3),
(4, 'PT', 4),
(5, 'PT', 5),
(6, 'PT', 6),
(7, 'PT', 7),
(8, 'PT', 8),
(9, 'PT', 9),
(10, 'PT', 10),
(11, 'PT', 11),
(12, 'PT', 12),
(13, 'PT', 13),
(14, 'PT', 14),
(15, 'PT', 15),
(16, 'PT', 16),
(17, 'PT', 17),
(18, 'PT', 18),
(19, 'PT', 19),
(20, 'PT', 20),
(21, 'PT', 21),
(22, 'PT', 22),
(23, 'PT', 23),
(24, 'PT', 24),
(25, 'PT', 25),
(26, 'PT', 26),
(27, 'PT', 27),
(28, 'PT', 28),
(29, 'PT', 29),
(30, 'PT', 30),
(31, 'PT', 31),
(32, 'PT', 32),
(33, 'PT', 33),
(34, 'PT', 34),
(35, 'PT', 35),
(36, 'PT', 36),
(37, 'PT', 37),
(38, 'PT', 38),
(39, 'PT', 39),
(40, 'PT', 40),
(41, 'PT', 41),
(42, 'PT', 42),
(43, 'PT', 43),
(44, 'PT', 44),
(45, 'PT', 45),
(46, 'PT', 46),
(47, 'PT', 47),
(48, 'PT', 48),
(49, 'PT', 49),
(50, 'PT', 50),
(51, 'PT', 51),
(52, 'PT', 52),
(53, 'PT', 53),
(54, 'PT', 54),
(55, 'PT', 55),
(56, 'PT', 56),
(57, 'PT', 57),
(58, 'PT', 58),
(59, 'PT', 59),
(60, 'PT', 60),
(61, 'PT', 61),
(62, 'PT', 62),
(63, 'PT', 63),
(64, 'PT', 64),
(65, 'PT', 65),
(66, 'PT', 66),
(67, 'PT', 67),
(68, 'PT', 68),
(69, 'PT', 69),
(70, 'PT', 70),
(71, 'PT', 71),
(72, 'PT', 72),
(73, 'PT', 73),
(74, 'PT', 74),
(75, 'PT', 75),
(76, 'PT', 76),
(77, 'PT', 77),
(78, 'PT', 78),
(79, 'PT', 79),
(80, 'PT', 80),
(81, 'PT', 81),
(82, 'PT', 82),
(83, 'PT', 83),
(84, 'PT', 84),
(85, 'PT', 85),
(86, 'PT', 86),
(87, 'PT', 87),
(88, 'PT', 88),
(89, 'PT', 89),
(90, 'PT', 90),
(91, 'PT', 91),
(92, 'PT', 92),
(93, 'PT', 93),
(94, 'PT', 94),
(95, 'PT', 95),
(96, 'PT', 96),
(97, 'PT', 97),
(98, 'PT', 98),
(99, 'PT', 99),
(100, 'PT', 100),
(101, 'PT', 101),
(102, 'PT', 102),
(103, 'PT', 103),
(104, 'PT', 104),
(105, 'PT', 105),
(106, 'PT', 106),
(107, 'PT', 107),
(108, 'PT', 108),
(109, 'PT', 109),
(110, 'PT', 110),
(111, 'PT', 111),
(112, 'PT', 112),
(113, 'PT', 113),
(114, 'PT', 114),
(115, 'PT', 115),
(116, 'PT', 116),
(117, 'PT', 117),
(118, 'PT', 118),
(119, 'PT', 119),
(120, 'PT', 120),
(121, 'PT', 121),
(122, 'PT', 122),
(123, 'PT', 123),
(124, 'PT', 124),
(125, 'PT', 125),
(126, 'PT', 126),
(127, 'PT', 127),
(128, 'PT', 128),
(129, 'PT', 129),
(130, 'PT', 130),
(131, 'PT', 131),
(132, 'PT', 132),
(133, 'PT', 133),
(134, 'PT', 134),
(135, 'PT', 135),
(136, 'PT', 136),
(137, 'PT', 137),
(138, 'PT', 138),
(139, 'PT', 139),
(140, 'PT', 140),
(141, 'PT', 141),
(142, 'PT', 142),
(143, 'PT', 143),
(144, 'PT', 144),
(145, 'PT', 145),
(146, 'PT', 146),
(147, 'PT', 147),
(148, 'PT', 148),
(149, 'PT', 149),
(150, 'PT', 150),
(151, 'PT', 151),
(152, 'PT', 152),
(153, 'PT', 153),
(154, 'PT', 154),
(155, 'PT', 155),
(156, 'PT', 156),
(157, 'PT', 157),
(158, 'PT', 158),
(159, 'PT', 159),
(160, 'PT', 160),
(161, 'PT', 161),
(162, 'PT', 162),
(163, 'PT', 163),
(164, 'PT', 164),
(165, 'PT', 165),
(166, 'PT', 166),
(167, 'PT', 167),
(168, 'PT', 168),
(169, 'PT', 169),
(170, 'PT', 170),
(171, 'PT', 171),
(172, 'PT', 172),
(173, 'PT', 173),
(174, 'PT', 174),
(175, 'PT', 175),
(176, 'PT', 176),
(177, 'PT', 177),
(178, 'PT', 178),
(179, 'PT', 179),
(180, 'PT', 180),
(181, 'PT', 181),
(182, 'PT', 182),
(183, 'PT', 183),
(184, 'PT', 184),
(185, 'PT', 185),
(186, 'PT', 186),
(187, 'PT', 187),
(188, 'PT', 188),
(189, 'PT', 189),
(190, 'PT', 190),
(191, 'PT', 191),
(192, 'PT', 192),
(193, 'PT', 193),
(194, 'PT', 194),
(195, 'PT', 195),
(196, 'PT', 196),
(197, 'PT', 197),
(198, 'PT', 198),
(199, 'PT', 199),
(200, 'PT', 200),
(201, 'PT', 201),
(202, 'PT', 202),
(203, 'PT', 203),
(204, 'PT', 204),
(205, 'PT', 205),
(206, 'PT', 206),
(207, 'PT', 207),
(208, 'PT', 208),
(209, 'PT', 209),
(210, 'PT', 210),
(211, 'PT', 211),
(212, 'PT', 212),
(213, 'PT', 213),
(214, 'PT', 214),
(215, 'PT', 215),
(216, 'PT', 216),
(217, 'PT', 217),
(218, 'PT', 218),
(219, 'PT', 219),
(220, 'PT', 220),
(221, 'PT', 221),
(222, 'PT', 222),
(223, 'PT', 223),
(224, 'PT', 224),
(225, 'PT', 225),
(226, 'PT', 226),
(227, 'PT', 227),
(228, 'PT', 228),
(229, 'PT', 229),
(230, 'PT', 230),
(231, 'PT', 231),
(232, 'PT', 232),
(233, 'PT', 233),
(234, 'PT', 234),
(235, 'PT', 235),
(236, 'PT', 236),
(237, 'PT', 237),
(238, 'PT', 238),
(239, 'PT', 239),
(240, 'PT', 240),
(241, 'PT', 241),
(242, 'PT', 242),
(243, 'PT', 243),
(244, 'PT', 244),
(245, 'PT', 245),
(246, 'PT', 246),
(247, 'PT', 247),
(248, 'PT', 248),
(249, 'PT', 249),
(250, 'PT', 250),
(251, 'PT', 251),
(252, 'PT', 252),
(253, 'PT', 253),
(254, 'PT', 254),
(255, 'PT', 255),
(256, 'PT', 256),
(257, 'PT', 257),
(258, 'PT', 258),
(259, 'PT', 259),
(260, 'PT', 260),
(261, 'PT', 261),
(262, 'PT', 262),
(263, 'PT', 263),
(264, 'PT', 264),
(265, 'PT', 265),
(266, 'PT', 266),
(267, 'PT', 267),
(268, 'PT', 268),
(269, 'PT', 269),
(270, 'PT', 270),
(271, 'PT', 271),
(272, 'PT', 272),
(273, 'PT', 273),
(274, 'PT', 274),
(275, 'PT', 275),
(276, 'PT', 276),
(277, 'PT', 277),
(278, 'PT', 278),
(279, 'PT', 279),
(280, 'PT', 280),
(281, 'PT', 281),
(282, 'PT', 282),
(283, 'PT', 283),
(284, 'PT', 284),
(285, 'PT', 285),
(286, 'PT', 286),
(287, 'PT', 287),
(288, 'PT', 288),
(289, 'PT', 289),
(290, 'PT', 290),
(291, 'PT', 291),
(292, 'PT', 292),
(293, 'PT', 293),
(294, 'PT', 294),
(295, 'PT', 295),
(296, 'PT', 296),
(297, 'PT', 297),
(298, 'PT', 298),
(299, 'PT', 299),
(300, 'PT', 300),
(301, 'PT', 301),
(302, 'PT', 302),
(303, 'PT', 303),
(304, 'PT', 304),
(305, 'PT', 305),
(306, 'PT', 306),
(307, 'PT', 307),
(308, 'PT', 308),
(309, 'PT', 309),
(310, 'PT', 310),
(311, 'PT', 311),
(312, 'PT', 312),
(313, 'PT', 313),
(314, 'PT', 314),
(315, 'PT', 315),
(316, 'PT', 316),
(317, 'PT', 317),
(318, 'PT', 318),
(319, 'PT', 319),
(320, 'PT', 320),
(321, 'PT', 321),
(322, 'PT', 322),
(323, 'PT', 323),
(324, 'PT', 324),
(325, 'PT', 325),
(326, 'PT', 326),
(327, 'PT', 327),
(328, 'PT', 328),
(329, 'PT', 329),
(330, 'PT', 330),
(331, 'PT', 331),
(332, 'PT', 332),
(333, 'PT', 333),
(334, 'PT', 334),
(335, 'PT', 335),
(336, 'PT', 336),
(337, 'PT', 337),
(338, 'PT', 338),
(339, 'PT', 339),
(340, 'PT', 340),
(341, 'PT', 341),
(342, 'PT', 342),
(343, 'PT', 343),
(344, 'PT', 344),
(345, 'PT', 345),
(346, 'PT', 346),
(347, 'PT', 347),
(348, 'PT', 348),
(349, 'PT', 349),
(350, 'PT', 350),
(351, 'PT', 351),
(352, 'PT', 352),
(353, 'PT', 353),
(354, 'PT', 354),
(355, 'PT', 355),
(356, 'PT', 356),
(357, 'PT', 357),
(358, 'PT', 358),
(359, 'PT', 359),
(360, 'PT', 360),
(361, 'PT', 361),
(362, 'PT', 362),
(363, 'PT', 363),
(364, 'PT', 364),
(365, 'PT', 365),
(366, 'PT', 366),
(367, 'PT', 367),
(368, 'PT', 368),
(369, 'PT', 369),
(370, 'PT', 370),
(371, 'PT', 371),
(372, 'PT', 372),
(373, 'PT', 373),
(374, 'PT', 374),
(375, 'PT', 375),
(376, 'PT', 376),
(377, 'PT', 377),
(378, 'PT', 378),
(379, 'PT', 379),
(380, 'PT', 380),
(381, 'PT', 381),
(382, 'PT', 382),
(383, 'PT', 383),
(384, 'PT', 384),
(385, 'PT', 385),
(386, 'PT', 386),
(387, 'PT', 387),
(388, 'PT', 388),
(389, 'PT', 389),
(390, 'PT', 390),
(391, 'PT', 391),
(392, 'PT', 392),
(393, 'PT', 393),
(394, 'PT', 394),
(395, 'PT', 395),
(396, 'PT', 396),
(397, 'PT', 397),
(398, 'PT', 398),
(399, 'PT', 399),
(400, 'PT', 400),
(401, 'PT', 401),
(402, 'PT', 402),
(403, 'PT', 403),
(404, 'PT', 404),
(405, 'PT', 405),
(406, 'PT', 406),
(407, 'PT', 407),
(408, 'PT', 408),
(409, 'PT', 409),
(410, 'PT', 410),
(411, 'PT', 411),
(412, 'PT', 412),
(413, 'PT', 413),
(414, 'PT', 414),
(415, 'PT', 415),
(416, 'PT', 416),
(417, 'PT', 417),
(418, 'PT', 418),
(419, 'PT', 419),
(420, 'PT', 420),
(421, 'PT', 421),
(422, 'PT', 422),
(423, 'PT', 423),
(424, 'PT', 424),
(425, 'PT', 425),
(426, 'PT', 426),
(427, 'PT', 427),
(428, 'PT', 428),
(429, 'PT', 429),
(430, 'PT', 430),
(431, 'PT', 431),
(432, 'PT', 432),
(433, 'PT', 433),
(434, 'PT', 434),
(435, 'PT', 435),
(436, 'PT', 436),
(437, 'PT', 437),
(438, 'PT', 438),
(439, 'PT', 439),
(440, 'PT', 440),
(441, 'PT', 441),
(442, 'PT', 442),
(443, 'PT', 443),
(444, 'PT', 444),
(445, 'PT', 445),
(446, 'PT', 446),
(447, 'PT', 447),
(448, 'PT', 448),
(449, 'PT', 449),
(450, 'PT', 450),
(451, 'PT', 451),
(452, 'PT', 452),
(453, 'PT', 453),
(454, 'PT', 454),
(455, 'PT', 455),
(456, 'PT', 456),
(457, 'PT', 457),
(458, 'PT', 458),
(459, 'PT', 459),
(460, 'PT', 460),
(461, 'PT', 461),
(462, 'PT', 462),
(463, 'PT', 463),
(464, 'PT', 464),
(465, 'PT', 465),
(466, 'PT', 466),
(467, 'PT', 467),
(468, 'PT', 468),
(469, 'PT', 469),
(470, 'PT', 470),
(471, 'PT', 471),
(472, 'PT', 472),
(473, 'PT', 473),
(474, 'PT', 474),
(475, 'PT', 475),
(476, 'PT', 476),
(477, 'PT', 477),
(478, 'PT', 478),
(479, 'PT', 479),
(480, 'PT', 480),
(481, 'PT', 481),
(482, 'PT', 482),
(483, 'PT', 483),
(484, 'PT', 484),
(485, 'PT', 485),
(486, 'PT', 486),
(487, 'PT', 487),
(488, 'PT', 488),
(489, 'PT', 489),
(490, 'PT', 490),
(491, 'PT', 491),
(492, 'PT', 492),
(493, 'PT', 493),
(494, 'PT', 494),
(495, 'PT', 495),
(496, 'PT', 496),
(497, 'PT', 497),
(498, 'PT', 498),
(499, 'PT', 499),
(500, 'PT', 500),
(501, 'PT', 501),
(502, 'PT', 502),
(503, 'PT', 503),
(504, 'PT', 504),
(505, 'PT', 505),
(506, 'PT', 506),
(507, 'PT', 507),
(508, 'PT', 508),
(509, 'PT', 509),
(510, 'PT', 510),
(511, 'PT', 511),
(512, 'PT', 512),
(513, 'PT', 513),
(514, 'PT', 514),
(515, 'PT', 515),
(516, 'PT', 516),
(517, 'PT', 517),
(518, 'PT', 518),
(519, 'PT', 519),
(520, 'PT', 520),
(521, 'PT', 521),
(522, 'PT', 522),
(523, 'PT', 523),
(524, 'PT', 524),
(525, 'PT', 525),
(526, 'PT', 526),
(527, 'PT', 527),
(528, 'PT', 528),
(529, 'PT', 529),
(530, 'PT', 530),
(531, 'PT', 531),
(532, 'PT', 532),
(533, 'PT', 533),
(534, 'PT', 534),
(535, 'PT', 535),
(536, 'PT', 536),
(537, 'PT', 537),
(538, 'PT', 538),
(539, 'PT', 539),
(540, 'PT', 540),
(541, 'PT', 541),
(542, 'PT', 542),
(543, 'PT', 543),
(544, 'PT', 544),
(545, 'PT', 545),
(546, 'PT', 546),
(547, 'PT', 547),
(548, 'PT', 548),
(549, 'PT', 549),
(550, 'PT', 550),
(551, 'PT', 551),
(552, 'PT', 552),
(553, 'PT', 553),
(554, 'PT', 554),
(555, 'PT', 555),
(556, 'PT', 556),
(557, 'PT', 557),
(558, 'PT', 558),
(559, 'PT', 559),
(560, 'PT', 560),
(561, 'PT', 561),
(562, 'PT', 562),
(563, 'PT', 563),
(564, 'PT', 564),
(565, 'PT', 565),
(566, 'PT', 566),
(567, 'PT', 567),
(568, 'PT', 568),
(569, 'PT', 569),
(570, 'PT', 570),
(571, 'PT', 571),
(572, 'PT', 572),
(573, 'PT', 573),
(574, 'PT', 574),
(575, 'PT', 575),
(576, 'PT', 576),
(577, 'PT', 577),
(578, 'PT', 578),
(579, 'PT', 579),
(580, 'PT', 580),
(581, 'PT', 581),
(582, 'PT', 582),
(583, 'PT', 583),
(584, 'PT', 584),
(585, 'PT', 585),
(586, 'PT', 586),
(587, 'PT', 587),
(588, 'PT', 588),
(589, 'PT', 589),
(590, 'PT', 590),
(591, 'PT', 591),
(592, 'PT', 592),
(593, 'PT', 593),
(594, 'PT', 594),
(595, 'PT', 595),
(596, 'PT', 596),
(597, 'PT', 597),
(598, 'PT', 598),
(599, 'PT', 599),
(600, 'PT', 600),
(601, 'PT', 601),
(602, 'PT', 602),
(603, 'PT', 603),
(604, 'PT', 604),
(605, 'PT', 605),
(606, 'PT', 606),
(607, 'PT', 607),
(608, 'PT', 608),
(609, 'PT', 609),
(610, 'PT', 610),
(611, 'PT', 611),
(612, 'PT', 612),
(613, 'PT', 613),
(614, 'PT', 614),
(615, 'PT', 615),
(616, 'PT', 616),
(617, 'PT', 617),
(618, 'PT', 618),
(619, 'PT', 619),
(620, 'PT', 620),
(621, 'PT', 621),
(622, 'PT', 622),
(623, 'PT', 623),
(624, 'PT', 624),
(625, 'PT', 625),
(626, 'PT', 626),
(627, 'PT', 627),
(628, 'PT', 628),
(629, 'PT', 629),
(630, 'PT', 630),
(631, 'PT', 631),
(632, 'PT', 632),
(633, 'PT', 633),
(634, 'PT', 634),
(635, 'PT', 635),
(636, 'PT', 636),
(637, 'PT', 637),
(638, 'PT', 638),
(639, 'PT', 639),
(640, 'PT', 640),
(641, 'PT', 641),
(642, 'PT', 642),
(643, 'PT', 643),
(644, 'PT', 644),
(645, 'PT', 645),
(646, 'PT', 646),
(647, 'PT', 647),
(648, 'PT', 648),
(649, 'PT', 649),
(650, 'PT', 650),
(651, 'PT', 651),
(652, 'PT', 652),
(653, 'PT', 653),
(654, 'PT', 654),
(655, 'PT', 655),
(656, 'PT', 656),
(657, 'PT', 657),
(658, 'PT', 658),
(659, 'PT', 659),
(660, 'PT', 660),
(661, 'PT', 661),
(662, 'PT', 662),
(663, 'PT', 663),
(664, 'PT', 664),
(665, 'PT', 665),
(666, 'PT', 666),
(667, 'PT', 667),
(668, 'PT', 668),
(669, 'PT', 669),
(670, 'PT', 670),
(671, 'PT', 671),
(672, 'PT', 672),
(673, 'PT', 673),
(674, 'PT', 674),
(675, 'PT', 675),
(676, 'PT', 676),
(677, 'PT', 677),
(678, 'PT', 678),
(679, 'PT', 679),
(680, 'PT', 680),
(681, 'PT', 681),
(682, 'PT', 682),
(683, 'PT', 683),
(684, 'PT', 684),
(685, 'PT', 685),
(686, 'PT', 686),
(687, 'PT', 687),
(688, 'PT', 688),
(689, 'PT', 689),
(690, 'PT', 690),
(691, 'PT', 691),
(692, 'PT', 692),
(693, 'PT', 693),
(694, 'PT', 694),
(695, 'PT', 695),
(696, 'PT', 696),
(697, 'PT', 697),
(698, 'PT', 698),
(699, 'PT', 699),
(700, 'PT', 700),
(701, 'PT', 701),
(702, 'PT', 702),
(703, 'PT', 703),
(704, 'PT', 704),
(705, 'PT', 705),
(706, 'PT', 706),
(707, 'PT', 707),
(708, 'PT', 708),
(709, 'PT', 709),
(710, 'PT', 710),
(711, 'PT', 711),
(712, 'PT', 712),
(713, 'PT', 713),
(714, 'PT', 714),
(715, 'CT', 1),
(716, 'CT', 2),
(717, 'CT', 3),
(718, 'CT', 4),
(719, 'CT', 5),
(720, 'CT', 6),
(721, 'CT', 7),
(722, 'CT', 8),
(723, 'CT', 9),
(724, 'CT', 10),
(725, 'CT', 11),
(726, 'CT', 12),
(727, 'CT', 13),
(728, 'CT', 14),
(729, 'CT', 15),
(730, 'CT', 16),
(731, 'CT', 17),
(732, 'CT', 18),
(733, 'CT', 19),
(734, 'CT', 20),
(735, 'CT', 21),
(736, 'CT', 22),
(737, 'CT', 23),
(738, 'CT', 24),
(739, 'CT', 25),
(740, 'CT', 26),
(741, 'CT', 27),
(742, 'CT', 28),
(743, 'CT', 29),
(744, 'CT', 30),
(745, 'CT', 31),
(746, 'CT', 32),
(747, 'CT', 33),
(748, 'CT', 34),
(749, 'CT', 35),
(750, 'CT', 36),
(751, 'CT', 37),
(752, 'CT', 38),
(753, 'CT', 39),
(754, 'CT', 40),
(755, 'CT', 41),
(756, 'CT', 42),
(757, 'CT', 43),
(758, 'CT', 44),
(759, 'CT', 45),
(760, 'CT', 46),
(761, 'CT', 47),
(762, 'CT', 48),
(763, 'CT', 49),
(764, 'CT', 50),
(765, 'CT', 51),
(766, 'CT', 52),
(767, 'CT', 53),
(768, 'CT', 54),
(769, 'CT', 55),
(770, 'CT', 56),
(771, 'CT', 57),
(772, 'CT', 58),
(773, 'CT', 59),
(774, 'CT', 60),
(775, 'CT', 61),
(776, 'CT', 62),
(777, 'CT', 63),
(778, 'CT', 64),
(779, 'CT', 65),
(780, 'CT', 66),
(781, 'CT', 67),
(782, 'CT', 68),
(783, 'CT', 69),
(784, 'CT', 70),
(785, 'CT', 71),
(786, 'CT', 72),
(787, 'CT', 73),
(788, 'CT', 74),
(789, 'CT', 75),
(790, 'CT', 76),
(791, 'CT', 77),
(792, 'CT', 78),
(793, 'CT', 79),
(794, 'CT', 80),
(795, 'CT', 81),
(796, 'CT', 82),
(797, 'CT', 83),
(798, 'CT', 84),
(799, 'CT', 85),
(800, 'CT', 86),
(801, 'CT', 87),
(802, 'CT', 88),
(803, 'CT', 89),
(804, 'CT', 90),
(805, 'CT', 91),
(806, 'CT', 92),
(807, 'CT', 93),
(808, 'CT', 94),
(809, 'CT', 95),
(810, 'CT', 96),
(811, 'CT', 97),
(812, 'CT', 98),
(813, 'CT', 99),
(814, 'CT', 100),
(815, 'CT', 101),
(816, 'CT', 102),
(817, 'CT', 103),
(818, 'CT', 104),
(819, 'CT', 105),
(820, 'CT', 106),
(821, 'CT', 107),
(822, 'CT', 108),
(823, 'CT', 109),
(824, 'CT', 110),
(825, 'CT', 111),
(826, 'CT', 112),
(827, 'CT', 113),
(828, 'CT', 114),
(829, 'CT', 115),
(830, 'CT', 116),
(831, 'CT', 117),
(832, 'CT', 118),
(833, 'CT', 119),
(834, 'CT', 120),
(835, 'CT', 121),
(836, 'CT', 122),
(837, 'CT', 123),
(838, 'CT', 124),
(839, 'CT', 125),
(840, 'CT', 126),
(841, 'CT', 127),
(842, 'CT', 128),
(843, 'CT', 129),
(844, 'CT', 130),
(845, 'CT', 131),
(846, 'CT', 132),
(847, 'CT', 133),
(848, 'CT', 134),
(849, 'CT', 135),
(850, 'CT', 136),
(851, 'CT', 137),
(852, 'CT', 138),
(853, 'CT', 139),
(854, 'CT', 140),
(855, 'CT', 141),
(856, 'CT', 142),
(857, 'CT', 143),
(858, 'CT', 144),
(859, 'CT', 145),
(860, 'CT', 146),
(861, 'CT', 147),
(862, 'CT', 148),
(863, 'CT', 149),
(864, 'CT', 150),
(865, 'CT', 151),
(866, 'CT', 152),
(867, 'CT', 153),
(868, 'CT', 154),
(869, 'CT', 155),
(870, 'CT', 156),
(871, 'CT', 157),
(872, 'CT', 158),
(873, 'CT', 159),
(874, 'CT', 160),
(875, 'CT', 161),
(876, 'CT', 162),
(877, 'CT', 163),
(878, 'CT', 164),
(879, 'CT', 165),
(880, 'CT', 166),
(881, 'CT', 167),
(882, 'CT', 168),
(883, 'CT', 169),
(884, 'CT', 170),
(885, 'CT', 171),
(886, 'CT', 172),
(887, 'CT', 173),
(888, 'CT', 174),
(889, 'CT', 175),
(890, 'CT', 176),
(891, 'CT', 177),
(892, 'CT', 178),
(893, 'CT', 179),
(894, 'CT', 180),
(895, 'CT', 181),
(896, 'CT', 182),
(897, 'CT', 183),
(898, 'CT', 184),
(899, 'CT', 185),
(900, 'CT', 186),
(901, 'CT', 187),
(902, 'CT', 188),
(903, 'CT', 189),
(904, 'CT', 190),
(905, 'CT', 191),
(906, 'CT', 192),
(907, 'CT', 193),
(908, 'CT', 194),
(909, 'CT', 195),
(910, 'CT', 196),
(911, 'CT', 197),
(912, 'CT', 198),
(913, 'CT', 199),
(914, 'CT', 200),
(915, 'CT', 201),
(916, 'CT', 202),
(917, 'CT', 203),
(918, 'CT', 204),
(919, 'CT', 205),
(920, 'CT', 206),
(921, 'CT', 207),
(922, 'CT', 208),
(923, 'CT', 209),
(924, 'CT', 210),
(925, 'CT', 211),
(926, 'CT', 212),
(927, 'CT', 213),
(928, 'CT', 214),
(929, 'CT', 215),
(930, 'CT', 216),
(931, 'CT', 217),
(932, 'CT', 218),
(933, 'CT', 219),
(934, 'CT', 220),
(935, 'CT', 221),
(936, 'CT', 222),
(937, 'CT', 223),
(938, 'CT', 224),
(939, 'CT', 225),
(940, 'CT', 226),
(941, 'CT', 227),
(942, 'CT', 228),
(943, 'CT', 229),
(944, 'CT', 230),
(945, 'CT', 231),
(946, 'CT', 232),
(947, 'CT', 233),
(948, 'CT', 234),
(949, 'CT', 235),
(950, 'CT', 236),
(951, 'CT', 237),
(952, 'CT', 238),
(953, 'CT', 239),
(954, 'CT', 240),
(955, 'CT', 241),
(956, 'CT', 242),
(957, 'CT', 243),
(958, 'CT', 244),
(959, 'CT', 245),
(960, 'CT', 246),
(961, 'CT', 247),
(962, 'CT', 248),
(963, 'CT', 249),
(964, 'CT', 250),
(965, 'CT', 251),
(966, 'CT', 252),
(967, 'CT', 253),
(968, 'CT', 254),
(969, 'CT', 255),
(970, 'CT', 256),
(971, 'CT', 257),
(972, 'CT', 258),
(973, 'CT', 259),
(974, 'CT', 260),
(975, 'CT', 261),
(976, 'CT', 262),
(977, 'CT', 263),
(978, 'CT', 264),
(979, 'CT', 265),
(980, 'CT', 266),
(981, 'CT', 267),
(982, 'CT', 268),
(983, 'CT', 269),
(984, 'CT', 270),
(985, 'CT', 271),
(986, 'CT', 272),
(987, 'CT', 273),
(988, 'CT', 274),
(989, 'CT', 275),
(990, 'CT', 276),
(991, 'CT', 277),
(992, 'CT', 278),
(993, 'CT', 279),
(994, 'CT', 280),
(995, 'CT', 281),
(996, 'CT', 282),
(997, 'CT', 283),
(998, 'CT', 284),
(999, 'CT', 285),
(1000, 'CT', 286),
(1001, 'CT', 287),
(1002, 'CT', 288),
(1003, 'CT', 289),
(1004, 'CT', 290),
(1005, 'CT', 291),
(1006, 'CT', 292),
(1007, 'CT', 293),
(1008, 'CT', 294),
(1009, 'CT', 295),
(1010, 'CT', 296),
(1011, 'CT', 297),
(1012, 'CT', 298),
(1013, 'CT', 299),
(1014, 'CT', 300),
(1015, 'CT', 301),
(1016, 'CT', 302),
(1017, 'CT', 303),
(1018, 'CT', 304),
(1019, 'CT', 305),
(1020, 'CT', 306),
(1021, 'CT', 307),
(1022, 'CT', 308),
(1023, 'CT', 309),
(1024, 'CT', 310),
(1025, 'CT', 311),
(1026, 'CT', 312),
(1027, 'CT', 313),
(1028, 'CT', 314),
(1029, 'CT', 315),
(1030, 'CT', 316),
(1031, 'CT', 317),
(1032, 'CT', 318),
(1033, 'CT', 319),
(1034, 'CT', 320),
(1035, 'CT', 321),
(1036, 'CT', 322),
(1037, 'CT', 323),
(1038, 'CT', 324),
(1039, 'CT', 325),
(1040, 'CT', 326),
(1041, 'CT', 327),
(1042, 'CT', 328),
(1043, 'CT', 329),
(1044, 'CT', 330),
(1045, 'CT', 331),
(1046, 'CT', 332),
(1047, 'CT', 333),
(1048, 'CT', 334),
(1049, 'CT', 335),
(1050, 'CT', 336),
(1051, 'CT', 337),
(1052, 'CT', 338),
(1053, 'CT', 339),
(1054, 'CT', 340),
(1055, 'CT', 341),
(1056, 'CT', 342),
(1057, 'CT', 343),
(1058, 'CT', 344),
(1059, 'CT', 345),
(1060, 'CT', 346),
(1061, 'CT', 347),
(1062, 'CT', 348),
(1063, 'CT', 349),
(1064, 'CT', 350),
(1065, 'CT', 351),
(1066, 'CT', 352),
(1067, 'CT', 353),
(1068, 'CT', 354),
(1069, 'CT', 355),
(1070, 'CT', 356),
(1071, 'CT', 357),
(1072, 'CT', 358),
(1073, 'CT', 359),
(1074, 'CT', 360),
(1075, 'CT', 361),
(1076, 'CT', 362),
(1077, 'CT', 363),
(1078, 'CT', 364),
(1079, 'CT', 365),
(1080, 'CT', 366),
(1081, 'CT', 367),
(1082, 'CT', 368),
(1083, 'CT', 369),
(1084, 'CT', 370),
(1085, 'CT', 371),
(1086, 'CT', 372),
(1087, 'CT', 373),
(1088, 'CT', 374),
(1089, 'CT', 375),
(1090, 'CT', 376),
(1091, 'CT', 377),
(1092, 'CT', 378),
(1093, 'CT', 379),
(1094, 'CT', 380),
(1095, 'CT', 381),
(1096, 'CT', 382),
(1097, 'CT', 383),
(1098, 'CT', 384),
(1099, 'CT', 385),
(1100, 'CT', 386),
(1101, 'CT', 387),
(1102, 'CT', 388),
(1103, 'CT', 389),
(1104, 'CT', 390),
(1105, 'CT', 391),
(1106, 'CT', 392),
(1107, 'CT', 393),
(1108, 'CT', 394),
(1109, 'CT', 395),
(1110, 'CT', 396),
(1111, 'CT', 397),
(1112, 'CT', 398),
(1113, 'CT', 399),
(1114, 'CT', 400),
(1115, 'CT', 401),
(1116, 'CT', 402),
(1117, 'CT', 403),
(1118, 'CT', 404),
(1119, 'CT', 405),
(1120, 'CT', 406),
(1121, 'CT', 407),
(1122, 'CT', 408),
(1123, 'CT', 409),
(1124, 'CT', 410),
(1125, 'CT', 411),
(1126, 'CT', 412),
(1127, 'CT', 413),
(1128, 'CT', 414),
(1129, 'CT', 415),
(1130, 'CT', 416),
(1131, 'CT', 417),
(1132, 'CT', 418),
(1133, 'CT', 419),
(1134, 'CT', 420),
(1135, 'CT', 421),
(1136, 'CT', 422),
(1137, 'CT', 423),
(1138, 'CT', 424),
(1139, 'CT', 425),
(1140, 'CT', 426),
(1141, 'CT', 427),
(1142, 'CT', 428),
(1143, 'CT', 429),
(1144, 'CT', 430),
(1145, 'CT', 431),
(1146, 'CT', 432),
(1147, 'CT', 433),
(1148, 'CT', 434),
(1149, 'CT', 435),
(1150, 'CT', 436),
(1151, 'CT', 437),
(1152, 'CT', 438),
(1153, 'CT', 439),
(1154, 'CT', 440),
(1155, 'CT', 441),
(1156, 'CT', 442),
(1157, 'CT', 443),
(1158, 'CT', 444),
(1159, 'CT', 445),
(1160, 'CT', 446),
(1161, 'CT', 447),
(1162, 'CT', 448),
(1163, 'CT', 449),
(1164, 'CT', 450),
(1165, 'CT', 451),
(1166, 'CT', 452),
(1167, 'CT', 453),
(1168, 'CT', 454),
(1169, 'CT', 455),
(1170, 'CT', 456),
(1171, 'CT', 457),
(1172, 'CT', 458),
(1173, 'CT', 459),
(1174, 'CT', 460),
(1175, 'CT', 461),
(1176, 'CT', 462),
(1177, 'CT', 463),
(1178, 'CT', 464),
(1179, 'CT', 465),
(1180, 'CT', 466),
(1181, 'CT', 467),
(1182, 'CT', 468),
(1183, 'CT', 469),
(1184, 'CT', 470),
(1185, 'CT', 471),
(1186, 'CT', 472),
(1187, 'CT', 473),
(1188, 'CT', 474),
(1189, 'CT', 475),
(1190, 'CT', 476),
(1191, 'CT', 477),
(1192, 'CT', 478),
(1193, 'CT', 479),
(1194, 'CT', 480),
(1195, 'CT', 481),
(1196, 'CT', 482),
(1197, 'CT', 483),
(1198, 'CT', 484),
(1199, 'CT', 485),
(1200, 'CT', 486),
(1201, 'CT', 487),
(1202, 'CT', 488),
(1203, 'CT', 489),
(1204, 'CT', 490),
(1205, 'CT', 491),
(1206, 'CT', 492),
(1207, 'CT', 493),
(1208, 'CT', 494),
(1209, 'CT', 495),
(1210, 'CT', 496),
(1211, 'CT', 497),
(1212, 'CT', 498),
(1213, 'CT', 499),
(1214, 'CT', 500),
(1215, 'CT', 501),
(1216, 'CT', 502),
(1217, 'CT', 503),
(1218, 'CT', 504),
(1219, 'CT', 505),
(1220, 'CT', 506),
(1221, 'CT', 507),
(1222, 'CT', 508),
(1223, 'CT', 509),
(1224, 'CT', 510),
(1225, 'CT', 511),
(1226, 'CT', 512),
(1227, 'CT', 513),
(1228, 'CT', 514),
(1229, 'CT', 515),
(1230, 'CT', 516),
(1231, 'CT', 517),
(1232, 'CT', 518),
(1233, 'CT', 519),
(1234, 'CT', 520),
(1235, 'CT', 521),
(1236, 'CT', 522),
(1237, 'CT', 523),
(1238, 'CT', 524),
(1239, 'CT', 525),
(1240, 'CT', 526),
(1241, 'CT', 527),
(1242, 'CT', 528),
(1243, 'CT', 529),
(1244, 'CT', 530),
(1245, 'CT', 531),
(1246, 'CT', 532),
(1247, 'CT', 533),
(1248, 'CT', 534),
(1249, 'CT', 535),
(1250, 'CT', 536),
(1251, 'CT', 537),
(1252, 'CT', 538),
(1253, 'CT', 539),
(1254, 'CT', 540),
(1255, 'CT', 541),
(1256, 'CT', 542),
(1257, 'CT', 543),
(1258, 'CT', 544),
(1259, 'CT', 545),
(1260, 'CT', 546),
(1261, 'CT', 547),
(1262, 'CT', 548),
(1263, 'CT', 549),
(1264, 'CT', 550),
(1265, 'CT', 551),
(1266, 'CT', 552),
(1267, 'CT', 553),
(1268, 'CT', 554),
(1269, 'CT', 555),
(1270, 'CT', 556),
(1271, 'CT', 557),
(1272, 'CT', 558),
(1273, 'CT', 559),
(1274, 'CT', 560),
(1275, 'CT', 561),
(1276, 'CT', 562),
(1277, 'CT', 563),
(1278, 'CT', 564),
(1279, 'CT', 565),
(1280, 'CT', 566),
(1281, 'CT', 567),
(1282, 'CT', 568),
(1283, 'CT', 569),
(1284, 'CT', 570),
(1285, 'CT', 571),
(1286, 'CT', 572),
(1287, 'CT', 573),
(1288, 'CT', 574),
(1289, 'CT', 575),
(1290, 'CT', 576),
(1291, 'CT', 577),
(1292, 'CT', 578),
(1293, 'CT', 579),
(1294, 'CT', 580),
(1295, 'CT', 581),
(1296, 'CT', 582),
(1297, 'CT', 583),
(1298, 'CT', 584),
(1299, 'CT', 585),
(1300, 'CT', 586),
(1301, 'CT', 587),
(1302, 'CT', 588),
(1303, 'CT', 589),
(1304, 'CT', 590),
(1305, 'CT', 591),
(1306, 'CT', 592),
(1307, 'CT', 593),
(1308, 'CT', 594),
(1309, 'CT', 595),
(1310, 'CT', 596),
(1311, 'CT', 597),
(1312, 'CT', 598),
(1313, 'CT', 599),
(1314, 'CT', 600),
(1315, 'CT', 601),
(1316, 'CT', 602),
(1317, 'CT', 603),
(1318, 'CT', 604),
(1319, 'CT', 605),
(1320, 'CT', 606),
(1321, 'CT', 607),
(1322, 'CT', 608),
(1323, 'CT', 609),
(1324, 'CT', 610),
(1325, 'CT', 611),
(1326, 'CT', 612),
(1327, 'CT', 613),
(1328, 'CT', 614),
(1329, 'CT', 615),
(1330, 'CT', 616),
(1331, 'CT', 617),
(1332, 'CT', 618),
(1333, 'CT', 619),
(1334, 'CT', 620),
(1335, 'CT', 621),
(1336, 'CT', 622),
(1337, 'CT', 623),
(1338, 'CT', 624),
(1339, 'CT', 625),
(1340, 'CT', 626),
(1341, 'CT', 627),
(1342, 'CT', 628),
(1343, 'CT', 629),
(1344, 'CT', 630),
(1345, 'CT', 631),
(1346, 'CT', 632),
(1347, 'CT', 633),
(1348, 'CT', 634),
(1349, 'CT', 635),
(1350, 'CT', 636),
(1351, 'CT', 637),
(1352, 'CT', 638),
(1353, 'CT', 639),
(1354, 'CT', 640),
(1355, 'CT', 641),
(1356, 'CT', 642),
(1357, 'CT', 643),
(1358, 'CT', 644),
(1359, 'CT', 645),
(1360, 'CT', 646),
(1361, 'CT', 647),
(1362, 'CT', 648),
(1363, 'CT', 649),
(1364, 'CT', 650),
(1365, 'CT', 651),
(1366, 'CT', 652),
(1367, 'CT', 653),
(1368, 'CT', 654),
(1369, 'CT', 655),
(1370, 'CT', 656),
(1371, 'CT', 657),
(1372, 'CT', 658),
(1373, 'CT', 659),
(1374, 'CT', 660),
(1375, 'CT', 661),
(1376, 'CT', 662),
(1377, 'CT', 663),
(1378, 'CT', 664),
(1379, 'CT', 665),
(1380, 'CT', 666),
(1381, 'CT', 667),
(1382, 'CT', 668),
(1383, 'CT', 669),
(1384, 'CT', 670),
(1385, 'CT', 671),
(1386, 'CT', 672),
(1387, 'CT', 673),
(1388, 'CT', 674),
(1389, 'CT', 675),
(1390, 'CT', 676),
(1391, 'CT', 677),
(1392, 'CT', 678),
(1393, 'CT', 679),
(1394, 'CT', 680),
(1395, 'CT', 681),
(1396, 'CT', 682),
(1397, 'CT', 683),
(1398, 'CT', 684),
(1399, 'CT', 685),
(1400, 'CT', 686),
(1401, 'CT', 687),
(1402, 'CT', 688),
(1403, 'CT', 689),
(1404, 'CT', 690),
(1405, 'CT', 691),
(1406, 'CT', 692),
(1407, 'CT', 693),
(1408, 'CT', 694),
(1409, 'CT', 695),
(1410, 'CT', 696),
(1411, 'CT', 697),
(1412, 'CT', 698),
(1413, 'CT', 699),
(1414, 'CT', 700),
(1415, 'CT', 701),
(1416, 'CT', 702),
(1417, 'CT', 703),
(1418, 'CT', 704),
(1419, 'CT', 705),
(1420, 'CT', 706),
(1421, 'CT', 707),
(1422, 'CT', 708),
(1423, 'CT', 709),
(1424, 'CT', 710),
(1425, 'CT', 711),
(1426, 'CT', 712),
(1427, 'CT', 713),
(1428, 'CT', 714),
(1429, 'CT', 715),
(1430, 'CT', 716),
(1431, 'CT', 717),
(1432, 'CT', 718),
(1433, 'CT', 719),
(1434, 'CT', 720),
(1435, 'CT', 721),
(1436, 'CT', 722),
(1437, 'CT', 723),
(1438, 'CT', 724),
(1439, 'CT', 725),
(1440, 'CT', 726),
(1441, 'CT', 727),
(1442, 'CT', 728),
(1443, 'CT', 729),
(1444, 'CT', 730),
(1445, 'CT', 731),
(1446, 'CT', 732),
(1447, 'CT', 733),
(1448, 'CT', 734),
(1449, 'CT', 735),
(1450, 'CT', 736),
(1451, 'CT', 737),
(1452, 'CT', 738),
(1453, 'CT', 739),
(1454, 'CT', 740),
(1455, 'CT', 741),
(1456, 'CT', 742),
(1457, 'CT', 743),
(1458, 'CT', 744),
(1459, 'CT', 745),
(1460, 'CT', 746),
(1461, 'CT', 747),
(1462, 'CT', 748),
(1463, 'CT', 749),
(1464, 'CT', 750),
(1465, 'CT', 751),
(1466, 'CT', 752),
(1467, 'CT', 753),
(1468, 'CT', 754),
(1469, 'CT', 755),
(1470, 'CT', 756),
(1471, 'CT', 757),
(1472, 'CT', 758),
(1473, 'CT', 759),
(1474, 'CT', 760),
(1475, 'CT', 761),
(1476, 'CT', 762),
(1477, 'CT', 763),
(1478, 'CT', 764),
(1479, 'CT', 765),
(1480, 'CT', 766),
(1481, 'CT', 767),
(1482, 'CT', 768),
(1483, 'CT', 769),
(1484, 'CT', 770),
(1485, 'CT', 771),
(1486, 'CT', 772),
(1487, 'CT', 773),
(1488, 'CT', 774),
(1489, 'CT', 775),
(1490, 'CT', 776),
(1491, 'CT', 777),
(1492, 'CT', 778),
(1493, 'CT', 779),
(1494, 'CT', 780),
(1495, 'CT', 781),
(1496, 'CT', 782),
(1497, 'CT', 783),
(1498, 'CT', 784),
(1499, 'CT', 785),
(1500, 'CT', 786),
(1501, 'CT', 787),
(1502, 'CT', 788),
(1503, 'CT', 789),
(1504, 'CT', 790),
(1505, 'CT', 791),
(1506, 'CT', 792),
(1507, 'CT', 793),
(1508, 'CT', 794),
(1509, 'CT', 795),
(1510, 'CT', 796),
(1511, 'CT', 797),
(1512, 'CT', 798),
(1513, 'CT', 799),
(1514, 'CT', 800),
(1515, 'CT', 801),
(1516, 'CT', 802),
(1517, 'CT', 803),
(1518, 'CT', 804),
(1519, 'CT', 805),
(1520, 'CT', 806),
(1521, 'CT', 807),
(1522, 'CT', 808),
(1523, 'CT', 809),
(1524, 'CT', 810),
(1525, 'CT', 811),
(1526, 'CT', 812),
(1527, 'CT', 813),
(1528, 'CT', 814),
(1529, 'CT', 815),
(1530, 'CT', 816),
(1531, 'CT', 817),
(1532, 'CT', 818),
(1533, 'CT', 819),
(1534, 'CT', 820),
(1535, 'CT', 821),
(1536, 'CT', 822),
(1537, 'CT', 823),
(1538, 'CT', 824),
(1539, 'CT', 825),
(1540, 'CT', 826),
(1541, 'CT', 827),
(1542, 'CT', 828),
(1543, 'CT', 829),
(1544, 'CT', 830),
(1545, 'CT', 831),
(1546, 'CT', 832),
(1547, 'CT', 833),
(1548, 'CT', 834),
(1549, 'CT', 835),
(1550, 'CT', 836),
(1551, 'CT', 837),
(1552, 'CT', 838),
(1553, 'CT', 839),
(1554, 'CT', 840),
(1555, 'CT', 841),
(1556, 'CT', 842),
(1557, 'CT', 843),
(1558, 'CT', 844),
(1559, 'CT', 845),
(1560, 'CT', 846),
(1561, 'CT', 847),
(1562, 'CT', 848),
(1563, 'CT', 849),
(1564, 'CT', 850),
(1565, 'CT', 851),
(1566, 'CT', 852),
(1567, 'CT', 853),
(1568, 'CT', 854),
(1569, 'CT', 855),
(1570, 'CT', 856),
(1571, 'CT', 857),
(1572, 'CT', 858),
(1573, 'CT', 859),
(1574, 'CT', 860),
(1575, 'CT', 861),
(1576, 'CT', 862),
(1577, 'CT', 863),
(1578, 'CT', 864),
(1579, 'CT', 865),
(1580, 'CT', 866),
(1581, 'CT', 867),
(1582, 'CT', 868),
(1583, 'CT', 869),
(1584, 'CT', 870),
(1585, 'CT', 871),
(1586, 'CT', 872),
(1587, 'CT', 873),
(1588, 'CT', 874),
(1589, 'CT', 875),
(1590, 'CT', 876),
(1591, 'CT', 877),
(1592, 'CT', 878),
(1593, 'CT', 879),
(1594, 'CT', 880),
(1595, 'CT', 881),
(1596, 'CT', 882),
(1597, 'CT', 883),
(1598, 'CT', 884),
(1599, 'CT', 885),
(1600, 'CT', 886),
(1601, 'CT', 887),
(1602, 'CT', 888),
(1603, 'CT', 889),
(1604, 'CT', 890),
(1605, 'CT', 891),
(1606, 'CT', 892),
(1607, 'CT', 893),
(1608, 'CT', 894),
(1609, 'CT', 895),
(1610, 'CT', 896),
(1611, 'CT', 897),
(1612, 'CT', 898),
(1613, 'CT', 899),
(1614, 'CT', 900),
(1615, 'CT', 901),
(1616, 'CT', 902),
(1617, 'CT', 903),
(1618, 'CT', 904),
(1619, 'CT', 905),
(1620, 'CT', 906),
(1621, 'CT', 907),
(1622, 'CT', 908),
(1623, 'CT', 909),
(1624, 'CT', 910),
(1625, 'CT', 911),
(1626, 'CT', 912),
(1627, 'CT', 913),
(1628, 'CT', 914),
(1629, 'CT', 915),
(1630, 'CT', 916),
(1631, 'CT', 917),
(1632, 'CT', 918),
(1633, 'CT', 919),
(1634, 'CT', 920),
(1635, 'CT', 921),
(1636, 'CT', 922),
(1637, 'CT', 923),
(1638, 'CT', 924),
(1639, 'CT', 925),
(1640, 'CT', 926),
(1641, 'CT', 927),
(1642, 'CT', 928),
(1643, 'CT', 929),
(1644, 'CT', 930),
(1645, 'CT', 931),
(1646, 'CT', 932),
(1647, 'CT', 933),
(1648, 'CT', 934),
(1649, 'CT', 935),
(1650, 'CT', 936),
(1651, 'CT', 937),
(1652, 'CT', 938),
(1653, 'CT', 939),
(1654, 'CT', 940),
(1655, 'CT', 941),
(1656, 'CT', 942),
(1657, 'CT', 943),
(1658, 'CT', 944),
(1659, 'CT', 945),
(1660, 'CT', 946),
(1661, 'CT', 947),
(1662, 'CT', 948),
(1663, 'CT', 949),
(1664, 'CT', 950),
(1665, 'CT', 951),
(1666, 'CT', 952),
(1667, 'CT', 953),
(1668, 'CT', 954),
(1669, 'CT', 955),
(1670, 'CT', 956),
(1671, 'CT', 957),
(1672, 'CT', 958),
(1673, 'CT', 959),
(1674, 'CT', 960),
(1675, 'CT', 961),
(1676, 'CT', 962),
(1677, 'CT', 963),
(1678, 'CT', 964),
(1679, 'CT', 965),
(1680, 'CT', 966),
(1681, 'CT', 967),
(1682, 'CT', 968),
(1683, 'CT', 969),
(1684, 'CT', 970),
(1685, 'CT', 971),
(1686, 'CT', 972),
(1687, 'CT', 973),
(1688, 'CT', 974),
(1689, 'CT', 975),
(1690, 'CT', 976),
(1691, 'CT', 977),
(1692, 'CT', 978),
(1693, 'CT', 979),
(1694, 'CT', 980),
(1695, 'CT', 981),
(1696, 'CT', 982),
(1697, 'CT', 983),
(1698, 'CT', 984),
(1699, 'CT', 985),
(1700, 'CT', 986),
(1701, 'CT', 987),
(1702, 'CT', 988),
(1703, 'CT', 989),
(1704, 'CT', 990),
(1705, 'CT', 991),
(1706, 'CT', 992),
(1707, 'CT', 993),
(1708, 'CT', 994),
(1709, 'CT', 995),
(1710, 'CT', 996),
(1711, 'CT', 997),
(1712, 'CT', 998),
(1713, 'CT', 999),
(1714, 'CT', 1000),
(1715, 'CT', 1001),
(1716, 'CT', 1002),
(1717, 'CT', 1003),
(1718, 'CT', 1004),
(1719, 'CT', 1005),
(1720, 'CT', 1006),
(1721, 'CT', 1007),
(1722, 'CT', 1008),
(1723, 'CT', 1009),
(1724, 'CT', 1010),
(1725, 'CT', 1011),
(1726, 'CT', 1012),
(1727, 'CT', 1013),
(1728, 'CT', 1014),
(1729, 'CT', 1015),
(1730, 'CT', 1016),
(1731, 'CT', 1017),
(1732, 'CT', 1018),
(1733, 'CT', 1019),
(1734, 'CT', 1020),
(1735, 'CT', 1021),
(1736, 'CT', 1022),
(1737, 'CT', 1023),
(1738, 'CT', 1024),
(1739, 'CT', 1025),
(1740, 'CT', 1026),
(1741, 'CT', 1027),
(1742, 'CT', 1028),
(1743, 'CT', 1029),
(1744, 'CT', 1030),
(1745, 'CT', 1031),
(1746, 'CT', 1032),
(1747, 'CT', 1033),
(1748, 'CT', 1034),
(1749, 'CT', 1035),
(1750, 'CT', 1036),
(1751, 'CT', 1037),
(1752, 'CT', 1038),
(1753, 'CT', 1039),
(1754, 'CT', 1040),
(1755, 'CT', 1041),
(1756, 'CT', 1042),
(1757, 'CT', 1043),
(1758, 'CT', 1044),
(1759, 'CT', 1045),
(1760, 'CT', 1046),
(1761, 'CT', 1047),
(1762, 'CT', 1048),
(1763, 'CT', 1049),
(1764, 'CT', 1050),
(1765, 'CT', 1051),
(1766, 'CT', 1052),
(1767, 'CT', 1053),
(1768, 'CT', 1054),
(1769, 'CT', 1055),
(1770, 'CT', 1056),
(1771, 'CT', 1057),
(1772, 'CT', 1058),
(1773, 'CT', 1059),
(1774, 'CT', 1060),
(1775, 'CT', 1061),
(1776, 'CT', 1062),
(1777, 'CT', 1063),
(1778, 'CT', 1064),
(1779, 'CT', 1065),
(1780, 'CT', 1066),
(1781, 'CT', 1067),
(1782, 'CT', 1068),
(1783, 'CT', 1069),
(1784, 'CT', 1070),
(1785, 'CT', 1071),
(1786, 'CT', 1072),
(1787, 'CT', 1073),
(1788, 'CT', 1074),
(1789, 'CT', 1075),
(1790, 'CT', 1076),
(1791, 'CT', 1077),
(1792, 'CT', 1078),
(1793, 'CT', 1079),
(1794, 'CT', 1080),
(1795, 'CT', 1081),
(1796, 'CT', 1082),
(1797, 'CT', 1083),
(1798, 'CT', 1084),
(1799, 'CT', 1085),
(1800, 'CT', 1086),
(1801, 'CT', 1087),
(1802, 'CT', 1088),
(1803, 'CT', 1089),
(1804, 'CT', 1090),
(1805, 'CT', 1091),
(1806, 'CT', 1092),
(1807, 'CT', 1093),
(1808, 'CT', 1094),
(1809, 'CT', 1095),
(1810, 'CT', 1096),
(1811, 'CT', 1097),
(1812, 'CT', 1098),
(1813, 'CT', 1099),
(1814, 'CT', 1100),
(1815, 'CT', 1101),
(1816, 'CT', 1102),
(1817, 'CT', 1103),
(1818, 'CT', 1104),
(1819, 'CT', 1105),
(1820, 'CT', 1106),
(1821, 'CT', 1107),
(1822, 'CT', 1108),
(1823, 'CT', 1109),
(1824, 'CT', 1110),
(1825, 'CT', 1111),
(1826, 'CT', 1112),
(1827, 'CT', 1113),
(1828, 'CT', 1114),
(1829, 'CT', 1115),
(1830, 'CT', 1116),
(1831, 'CT', 1117),
(1832, 'CT', 1118),
(1833, 'CT', 1119),
(1834, 'CT', 1120),
(1835, 'CT', 1121),
(1836, 'CT', 1122),
(1837, 'CT', 1123),
(1838, 'CT', 1124),
(1839, 'CT', 1125),
(1840, 'CT', 1126),
(1841, 'CT', 1127),
(1842, 'CT', 1128),
(1843, 'CT', 1129),
(1844, 'CT', 1130),
(1845, 'CT', 1131),
(1846, 'CT', 1132),
(1847, 'CT', 1133),
(1848, 'CT', 1134),
(1849, 'CT', 1135),
(1850, 'CT', 1136),
(1851, 'CT', 1137),
(1852, 'CT', 1138),
(1853, 'CT', 1139),
(1854, 'CT', 1140),
(1855, 'CT', 1141),
(1856, 'CT', 1142),
(1857, 'CT', 1143),
(1858, 'CT', 1144),
(1859, 'CT', 1145),
(1860, 'CT', 1146),
(1861, 'CT', 1147),
(1862, 'CT', 1148),
(1863, 'CT', 1149),
(1864, 'CT', 1150),
(1865, 'CT', 1151),
(1866, 'CT', 1152),
(1867, 'CT', 1153),
(1868, 'CT', 1154),
(1869, 'CT', 1155),
(1870, 'CT', 1156),
(1871, 'CT', 1157),
(1872, 'CT', 1158),
(1873, 'CT', 1159),
(1874, 'CT', 1160),
(1875, 'CT', 1161),
(1876, 'CT', 1162),
(1877, 'CT', 1163),
(1878, 'CT', 1164),
(1879, 'CT', 1165),
(1880, 'CT', 1166),
(1881, 'CT', 1167),
(1882, 'CT', 1168),
(1883, 'CT', 1169),
(1884, 'CT', 1170),
(1885, 'CT', 1171),
(1886, 'CT', 1172),
(1887, 'CT', 1173),
(1888, 'CT', 1174),
(1889, 'CT', 1175),
(1890, 'CT', 1176),
(1891, 'CT', 1177),
(1892, 'CT', 1178),
(1893, 'CT', 1179),
(1894, 'CT', 1180),
(1895, 'CT', 1181),
(1896, 'CT', 1182),
(1897, 'CT', 1183),
(1898, 'CT', 1184),
(1899, 'CT', 1185);

-- --------------------------------------------------------

--
-- Estructura de tabla para la tabla `spelling`
--

CREATE TABLE `spelling` (
  `id` int NOT NULL,
  `vol` int NOT NULL,
  `page` int NOT NULL,
  `section` varchar(10) DEFAULT NULL,
  `pyr_page` int DEFAULT NULL,
  `pyr_sect` varchar(100) DEFAULT NULL,
  `is_locution` tinyint(1) NOT NULL,
  `type` varchar(100) DEFAULT NULL,
  `spell` int DEFAULT NULL,
  `position` varchar(100) CHARACTER SET utf8mb4 COLLATE utf8mb4_general_ci NOT NULL,
  `document` varchar(100) DEFAULT NULL
) ENGINE=InnoDB DEFAULT CHARSET=utf8mb4 COLLATE=utf8mb4_general_ci;

--
-- Volcado de datos para la tabla `spelling`
--

INSERT INTO `spelling` (`id`, `vol`, `page`, `section`, `pyr_page`, `pyr_sect`, `is_locution`, `type`, `spell`, `position`, `document`) VALUES
(1, 5, 132, 'b', NULL, NULL, 0, 'D4:Q1:A40', 1112, 'B', 'A1C'),
(2, 1, 349, 'd', NULL, NULL, 0, 'F51:D21:A40', 789, 'Fr', 'A1C'),
(3, 1, 365, 'a', NULL, NULL, 0, 'F51:D21:A40', 789, 'Fr', 'A1C'),
(4, 3, 294, 'e', NULL, NULL, 0, 'F51:D21:A40', 943, 'H', 'A1C'),
(5, 3, 295, 'h', NULL, NULL, 0, 'F51:D21:A40', 943, 'H', 'A1C'),
(6, 3, 297, 'h', NULL, NULL, 0, 'F51:D21:A40', 943, 'H', 'A1C'),
(7, 3, 297, 'l', NULL, NULL, 0, 'F51:D21:A40', 943, 'H', 'A1C'),
(8, 3, 303, 'b', NULL, NULL, 0, 'F51:D21:A40', 950, 'F', 'A1C'),
(9, 3, 303, 'f', NULL, NULL, 0, 'F51:D21:A40', 950, 'F', 'A1C'),
(10, 3, 307, 'a', NULL, NULL, 0, 'F51:D21:A40', 951, 'B', 'A1C'),
(11, 3, 314, 'c', NULL, NULL, 0, 'F51:D21:A40', 951, 'B', 'A1C'),
(12, 3, 321, 'c', NULL, NULL, 0, 'F51:D21:A40', 953, 'Fr', 'A1C'),
(13, 3, 324, 'h', NULL, NULL, 0, 'F51:D21:A40', 955, 'Fr', 'A1C'),
(14, 3, 325, 'i', NULL, NULL, 0, 'F51:D21:A40', 955, 'Fr', 'A1C'),
(15, 5, 12, 'd', NULL, NULL, 0, 'F51:D21:A40', 1073, 'unknown', 'A1C'),
(16, 5, 13, 'b', NULL, NULL, 0, 'F51:D21:A40', 1073, 'unknown', 'A1C'),
(17, 5, 13, 'c', NULL, NULL, 0, 'F51:D21:A40', 1073, 'unknown', 'A1C'),
(18, 5, 135, 'a', NULL, NULL, 0, 'F51:D21:A40', 1112, 'B', 'A1C'),
(19, 5, 140, 'a', NULL, NULL, 0, 'F51:D21:A40', 1112, 'B', 'A1C'),
(20, 7, 132, 'p', NULL, NULL, 0, 'F51:D21:A40', 1646, 'Bo', 'A1C'),
(21, 7, 133, 'f', NULL, NULL, 0, 'F51:D21:A40', 1647, 'Bo', 'A1C'),
(22, 3, 299, 'd', NULL, NULL, 0, '(F51:D21)*A40', 945, 'H', 'A1C'),
(23, 3, 305, 'e', NULL, NULL, 0, '(F51:D21)*A40', 950, 'F', 'A1C'),
(24, 3, 308, 'a', NULL, NULL, 0, '(F51:D21)*A40', 951, 'B', 'A1C'),
(25, 3, 309, 'b', NULL, NULL, 0, '(F51:D21)*A40', 951, 'B', 'A1C'),
(26, 3, 311, 'a', NULL, NULL, 0, '(F51:D21)*A40', 951, 'B', 'A1C'),
(27, 3, 311, 'h', NULL, NULL, 0, '(F51:D21)*A40', 951, 'B', 'A1C'),
(28, 3, 312, 'd', NULL, NULL, 0, '(F51:D21)*A40', 951, 'B', 'A1C'),
(29, 3, 313, 'c', NULL, NULL, 0, '(F51:D21)*A40', 951, 'B', 'A1C'),
(30, 5, 131, 'b', NULL, NULL, 0, '(F51:D21)*A40', 1112, 'B', 'A1C'),
(31, 5, 133, 'a', NULL, NULL, 0, '(F51:D21)*A40', 1112, 'B', 'A1C'),
(32, 5, 133, 'b', NULL, NULL, 0, '(F51:D21)*A40', 1112, 'B', 'A1C'),
(33, 5, 166, 'j', NULL, NULL, 0, '(F51:D21)*A40', 1113, 'B', 'A1C'),
(34, 3, 320, 'e', NULL, NULL, 0, 'A40*(F51:D21)-retro', 953, 'Fr', 'A1C'),
(35, 3, 323, 'a', NULL, NULL, 0, 'A40*(F51:D21)-retro', 954, 'Fr', 'A1C'),
(36, 6, 264, 'f', NULL, NULL, 0, 'F51*D21*A40', 1358, 'L', 'A1C'),
(37, 3, 325, 'e', NULL, NULL, 0, 'F51:D21', 955, 'Fr', 'A1C'),
(38, 8, 90, NULL, 144, 'a', 0, 'Q1:D4:A40', 215, 'Bo & L', 'Ab1Le'),
(39, 8, 96, NULL, 146, 'a', 0, 'Q1:D4:A40', 215, 'Bo & L', 'Ab1Le'),
(40, 8, 132, NULL, 155, 'a', 0, 'Q1:D4:A40', 217, 'L', 'Ab1Le'),
(41, 8, 158, NULL, 167, 'a', 0, 'Q1:D4:A40', 219, 'Bo', 'Ab1Le'),
(42, 8, 160, NULL, 168, 'a', 0, 'Q1:D4:A40', 219, 'Bo', 'Ab1Le'),
(43, 8, 395, NULL, 1627, 'a', 0, 'Q1:D4:A40', 593, 'Bo & L', 'Ab1Le'),
(44, 8, 46, NULL, 134, 'a', 0, 'D4:Q1', 213, 'Bo & L', 'Ab1Le'),
(45, 8, 58, NULL, 136, 'a', 0, 'D4:Q1', 214, 'Bo & L', 'Ab1Le'),
(46, 8, 162, NULL, 169, 'a', 0, 'D4:Q1', 219, 'Bo', 'Ab1Le'),
(47, 8, 165, NULL, 172, 'a', 0, 'D4:Q1', 219, 'Bo', 'Ab1Le'),
(48, 8, 86, NULL, 143, 'a', 0, 'D4:Q1:A40', 215, 'Bo', 'Ab2Le'),
(49, 8, 48, NULL, 134, 'b', 0, 'Q1:D4:A40', 213, 'Bo & L', 'Ab2Le'),
(50, 8, 92, NULL, 145, 'b', 0, 'Q1:D4:A40', 215, 'Bo', 'Ab2Le'),
(51, 8, 132, NULL, 155, 'a', 0, 'Q1:D4:A40', 217, 'Bo', 'Ab2Le'),
(52, 8, 160, NULL, 168, 'a', 0, 'Q1:D4:A40', 219, 'L', 'Ab2Le'),
(53, 8, 165, NULL, 172, 'a', 0, 'Q1:D4:A40', 219, 'L', 'Ab2Le'),
(54, 8, 169, NULL, 175, 'a', 0, 'Q1:D4:A40', 219, 'L', 'Ab2Le'),
(55, 8, 170, NULL, 176, 'a', 0, 'Q1:D4:A40', 219, 'L', 'Ab2Le'),
(56, 8, 92, NULL, 145, 'b', 0, '(Q1*A40):D4', 215, 'Bo', 'Ab2Le'),
(57, 8, 96, NULL, 146, 'a', 0, '(Q1:D4)*G5', 215, 'Bo', 'Ab2Le'),
(58, 8, 48, NULL, 134, 'b', 0, 'D4:Q1', 213, 'Bo & L', 'Ab2Le'),
(59, 8, 172, NULL, 178, 'a', 0, 'D4:Q1', 219, 'L', 'Ab2Le'),
(60, 7, 364, 'f', NULL, NULL, 0, 'D4:Q1:A40', 1801, 'Bo', 'B1Be'),
(61, 7, 366, 'a', NULL, NULL, 0, 'D4:Q1:A40', 1802, 'unknown', 'B1Be'),
(62, 7, 472, 'i', NULL, NULL, 0, 'D4:Q1:A40', 1845, 'Bo', 'B1Be'),
(63, 7, 498, 'e', NULL, NULL, 0, 'D4:Q1:A40', 1862, 'Bo', 'B1Be'),
(64, 7, 500, 'c', NULL, NULL, 0, 'D4:Q1:A40', 1864, 'Bo', 'B1Be'),
(65, 7, 358, 'd', NULL, NULL, 0, 'D4:(Q1*A40)', 1799, 'Bo', 'B1Be'),
(66, 7, 363, 'a', NULL, NULL, 0, 'D4:(Q1*A40)', 1800, 'Bo', 'B1Be'),
(67, 7, 364, 'f', NULL, NULL, 0, 'D4:(Q1*A40)', 1801, 'Bo', 'B1Be'),
(68, 7, 365, 'f', NULL, NULL, 0, 'D4:(Q1*A40)', 1801, 'Bo', 'B1Be'),
(69, 7, 366, 'a', NULL, NULL, 0, 'D4:(Q1*A40)', 1802, 'unknown', 'B1Be'),
(70, 7, 494, 'g', NULL, NULL, 0, 'D4:(Q1*A40)', 1859, 'Bo', 'B1Be'),
(71, 7, 520, 'l', NULL, NULL, 0, '(D4:Q1)*A40', 1898, 'Bo', 'B1Be'),
(72, 7, 521, 'd', NULL, NULL, 0, '(D4:Q1)*A40', 1899, 'Bo', 'B1Be'),
(73, 7, 504, 'e', NULL, NULL, 0, 'D4:Q1', 1872, 'Bo', 'B1Be'),
(74, 7, 498, 'a', NULL, NULL, 0, 'F51:D21:A40', 1862, 'Bo', 'B1Be'),
(75, 7, 498, 'h', NULL, NULL, 0, 'F51:D21:A40', 1862, 'Bo', 'B1Be'),
(76, 7, 505, 'b', NULL, NULL, 0, 'F51:D21:A40', 1874, 'Bo', 'B1Be'),
(77, 7, 505, 'd', NULL, NULL, 0, 'F51:D21:A40', 1874, 'Bo', 'B1Be'),
(78, 7, 505, 'f', NULL, NULL, 0, 'F51:D21:A40', 1874, 'Bo', 'B1Be'),
(79, 7, 505, 'g', NULL, NULL, 0, 'F51:D21:A40', 1874, 'Bo', 'B1Be'),
(80, 7, 507, 'e', NULL, NULL, 0, 'F51:D21:A40', 1878, 'Bo', 'B1Be'),
(81, 7, 520, 'd', NULL, NULL, 0, 'F51:D21:A40', 1898, 'Bo', 'B1Be'),
(82, 7, 520, 'g', NULL, NULL, 0, 'F51*D21:A40', 1898, 'Bo', 'B1Be'),
(83, 7, 477, 'b', NULL, NULL, 0, 'F51:D21:A40', 1848, 'unknown', 'B2Be'),
(84, 4, 16, 'b', NULL, NULL, 0, '(F51:D21)*A40', 989, 'Bo', 'B2Be'),
(85, 4, 16, 'f', NULL, NULL, 0, '(F51:D21)*A40', 989, 'Bo', 'B2Be'),
(86, 5, 282, 'b', NULL, NULL, 0, '(F51:D21)*A40', 1147, 'Bo', 'B2Be'),
(87, 1, 348, 'd', NULL, NULL, 0, 'D4:Q1:A40', 789, 'Bo', 'B1Bo'),
(88, 3, 181, 'a', NULL, NULL, 0, 'D4:Q1:A40', 929, 'Fr', 'B1Bo'),
(89, 3, 206, 'd', NULL, NULL, 0, 'D4:Q1:A40', 935, 'Fr & Bo', 'B1Bo'),
(90, 5, 243, 'e', NULL, NULL, 0, 'D4:Q1:A40', 1127, 'Bo', 'B1Bo'),
(91, 6, 24, 'd', NULL, NULL, 0, 'D4:Q1:A40', 1188, 'H', 'B1Bo'),
(92, 6, 292, 'm', NULL, NULL, 0, 'D4:Q1:A40', 1379, 'H', 'B1Bo'),
(93, 6, 292, 'r', NULL, NULL, 0, 'D4:Q1:A40', 1379, 'H', 'B1Bo'),
(94, 6, 306, 'c', NULL, NULL, 0, 'D4:Q1:A40', 1395, 'B', 'B1Bo'),
(95, 6, 306, 'g', NULL, NULL, 0, 'D4:Q1:A40', 1395, 'B', 'B1Bo'),
(96, 6, 306, 'k', NULL, NULL, 0, 'D4:Q1:A40', 1395, 'B', 'B1Bo'),
(97, 7, 284, 'b', NULL, NULL, 0, 'D4:Q1:A40', 1750, 'L', 'B1Bo'),
(98, 7, 357, 'b', NULL, NULL, 0, 'D4:Q1:A40', 1799, 'unknown', 'B1Bo'),
(99, 1, 396, 'b', NULL, NULL, 0, 'Q1:D4:A40', 789, 'Bo', 'B1Bo'),
(100, 5, 282, 'b', NULL, NULL, 0, 'Q1:D4:A40', 1147, 'Fr & Bo', 'B1Bo'),
(101, 5, 284, 'b', NULL, NULL, 0, 'Q1:D4:A40', 1148, 'L & Bo', 'B1Bo'),
(102, 5, 284, 'b', NULL, NULL, 0, 'Q1:D4:A40', 1148, 'L & Bo', 'B1Bo'),
(103, 6, 18, 'd', NULL, NULL, 0, 'Q1:D4:A40', 1188, 'H', 'B1Bo'),
(104, 6, 151, 'a', NULL, NULL, 0, 'Q1:D4:A40', 1266, 'unknown', 'B1Bo'),
(105, 6, 285, 'u', NULL, NULL, 0, 'Q1:D4:A40', 1374, 'B', 'B1Bo'),
(106, 6, 291, 't', NULL, NULL, 0, 'Q1:D4:A40', 1379, 'H', 'B1Bo'),
(107, 6, 292, 'd', NULL, NULL, 0, 'Q1:D4:A40', 1379, 'H', 'B1Bo'),
(108, 6, 293, 'b', NULL, NULL, 0, 'Q1:D4:A40', 1380, 'F', 'B1Bo'),
(109, 6, 293, 'd', NULL, NULL, 0, 'Q1:D4:A40', 1380, 'F', 'B1Bo'),
(110, 6, 295, 'p', NULL, NULL, 0, 'Q1:D4:A40', 1381, 'F', 'B1Bo'),
(111, 8, 29, NULL, 57, 'e', 0, 'Q1:D4:A40', 81, 'H', 'B1Bo'),
(112, 3, 206, 'd', NULL, NULL, 0, 'D4:(Q1*A40)', 935, 'Fr & Bo', 'B1Bo'),
(113, 6, 193, 'c', NULL, NULL, 0, 'D4:(Q1*A40)', 1291, 'unknown', 'B1Bo'),
(114, 6, 301, 'k', NULL, NULL, 0, 'D4:(Q1*A40)', 1387, 'B', 'B1Bo'),
(115, 7, 356, 'd', NULL, NULL, 0, '(D4:Q1)*A40', 1799, 'unknown', 'B1Bo'),
(116, 1, 364, 'a', NULL, NULL, 0, 'Q1:D4:A43', 789, 'Bo', 'B1Bo'),
(117, 5, 268, 'a', NULL, NULL, 0, 'Q1:D4:A43', 1138, 'L', 'B1Bo'),
(118, 6, 22, 'b', NULL, NULL, 0, 'Q1:D4:A43', 1188, 'H', 'B1Bo'),
(119, 6, 291, 'j', NULL, NULL, 0, 'Q1:D4:A43', 1379, 'H', 'B1Bo'),
(120, 7, 286, 'b', NULL, NULL, 0, 'Q1:D4:A43', 1751, 'L', 'B1Bo'),
(121, 7, 290, 'a', NULL, NULL, 0, 'Q1:D4:A43', 1754, 'L', 'B1Bo'),
(122, 6, 281, 'b', NULL, NULL, 0, 'D4:Q1', 1374, 'B', 'B1Bo'),
(123, 7, 506, 'c', NULL, NULL, 0, 'F51:D21:A40', 1876, 'unknown', 'B1Bo'),
(124, 1, 12, 'd', NULL, NULL, 0, 'D4:Q1:A40', 718, 'Bo', 'B2Bo'),
(125, 1, 29, 'b', NULL, NULL, 0, 'D4:Q1:A40', 723, 'Bo', 'B2Bo'),
(126, 1, 115, 'c', NULL, NULL, 0, 'D4:Q1:A40', 747, 'Bo', 'B2Bo'),
(127, 1, 117, 'a', NULL, NULL, 0, 'D4:Q1:A40', 747, 'Bo', 'B2Bo'),
(128, 1, 120, 'e', NULL, NULL, 0, 'D4:Q1:A40', 747, 'Bo', 'B2Bo'),
(129, 1, 122, 'b', NULL, NULL, 0, 'D4:Q1:A40', 748, 'Bo', 'B2Bo'),
(130, 1, 127, 'a', NULL, NULL, 0, 'D4:Q1:A40', 748, 'Bo', 'B2Bo'),
(131, 1, 150, 'd', NULL, NULL, 0, 'D4:Q1:A40', 751, 'Bo', 'B2Bo'),
(132, 2, 294, 'b', NULL, NULL, 0, 'D4:Q1:A40', 869, 'L', 'B2Bo'),
(133, 2, 302, 'c', NULL, NULL, 0, 'D4:Q1:A40', 869, 'L', 'B2Bo'),
(134, 2, 308, 'b', NULL, NULL, 0, 'D4:Q1:A40', 870, 'L', 'B2Bo'),
(135, 3, 193, 'c', NULL, NULL, 0, 'D4:Q1:A40', 930, 'Fr', 'B2Bo'),
(136, 3, 206, 'd', NULL, NULL, 0, 'D4:Q1:A40', 935, 'Fr', 'B2Bo'),
(137, 3, 268, 'a', NULL, NULL, 0, 'D4:Q1:A40', 942, 'Bo', 'B2Bo'),
(138, 3, 276, 'b', NULL, NULL, 0, 'D4:Q1:A40', 942, 'Bo', 'B2Bo'),
(139, 3, 278, 'a', NULL, NULL, 0, 'D4:Q1:A40', 942, 'Bo', 'B2Bo'),
(140, 3, 278, 'b', NULL, NULL, 0, 'D4:Q1:A40', 942, 'Bo', 'B2Bo'),
(141, 3, 291, 'a', NULL, NULL, 0, 'D4:Q1:A40', 942, 'Bo', 'B2Bo'),
(142, 4, 70, 'd', NULL, NULL, 0, 'D4:Q1:A40', 1026, 'L', 'B2Bo'),
(143, 4, 71, 'c', NULL, NULL, 0, 'D4:Q1:A40', 1026, 'L', 'B2Bo'),
(144, 4, 78, 'b', NULL, NULL, 0, 'D4:Q1:A40', 1026, 'L', 'B2Bo'),
(145, 4, 78, 'd', NULL, NULL, 0, 'D4:Q1:A40', 1026, 'L', 'B2Bo'),
(146, 4, 371, 'a', NULL, NULL, 0, 'D4:Q1:A40', 1059, 'Bo', 'B2Bo'),
(147, 4, 372, 'a', NULL, NULL, 0, 'D4:Q1:A40', 1059, 'Bo', 'B2Bo'),
(148, 4, 373, 'a', NULL, NULL, 0, 'D4:Q1:A40', 1059, 'Bo', 'B2Bo'),
(149, 4, 393, 'c', NULL, NULL, 0, 'D4:Q1:A40', 1067, 'Fr', 'B2Bo'),
(150, 4, 397, 'b', NULL, NULL, 0, 'D4:Q1:A40', 1067, 'Fr', 'B2Bo'),
(151, 5, 22, 'd', NULL, NULL, 0, 'D4:Q1:A40', 1076, 'unknown', 'B2Bo'),
(152, 5, 243, 'e', NULL, NULL, 0, 'D4:Q1:A40', 1127, 'Bo', 'B2Bo'),
(153, 5, 267, 'e', NULL, NULL, 0, 'D4:Q1:A40', 1138, 'Fr', 'B2Bo'),
(154, 5, 268, 'a', NULL, NULL, 0, 'D4:Q1:A40', 1138, 'Fr', 'B2Bo'),
(155, 5, 284, 'b', NULL, NULL, 0, 'D4:Q1:A40', 1148, 'Fr', 'B2Bo'),
(156, 5, 287, 'c', NULL, NULL, 0, 'D4:Q1:A40', 1150, 'Fr', 'B2Bo'),
(157, 5, 320, 'd', NULL, NULL, 0, 'D4:Q1:A40', 1165, 'Bo', 'B2Bo'),
(158, 6, 156, 'e', NULL, NULL, 0, 'D4:Q1:A40', 1270, 'Bo', 'B2Bo'),
(159, 6, 157, 'a', NULL, NULL, 0, 'D4:Q1:A40', 1270, 'Bo', 'B2Bo'),
(160, 6, 157, 'e', NULL, NULL, 0, 'D4:Q1:A40', 1270, 'Bo', 'B2Bo'),
(161, 6, 157, 'i', NULL, NULL, 0, 'D4:Q1:A40', 1270, 'Bo', 'B2Bo'),
(162, 6, 201, 'a', NULL, NULL, 0, 'D4:Q1:A40', 1299, 'unknown', 'B2Bo'),
(163, 7, 286, 'b', NULL, NULL, 0, 'D4:Q1:A40', 1751, 'B', 'B2Bo'),
(164, 7, 298, 'a', NULL, NULL, 0, 'D4:Q1:A40', 1760, 'B', 'B2Bo'),
(165, 7, 343, 'c', NULL, NULL, 0, 'D4:Q1:A40', 1787, 'B', 'B2Bo'),
(166, 7, 346, 'b', NULL, NULL, 0, 'D4:Q1:A40', 1790, 'B', 'B2Bo'),
(167, 7, 351, 'b', NULL, NULL, 0, 'D4:Q1:A40', 1793, 'B', 'B2Bo'),
(168, 7, 351, 'e', NULL, NULL, 0, 'D4:Q1:A40', 1793, 'B', 'B2Bo'),
(169, 7, 354, 'e', NULL, NULL, 0, 'D4:Q1:A40', 1796, 'B', 'B2Bo'),
(170, 7, 385, 'b', NULL, NULL, 0, 'D4:Q1:A40', 1812, 'B', 'B2Bo'),
(171, 8, 446, NULL, 0, 'a', 0, 'D4:Q1:A40', 1, 'unknown', 'B2Bo'),
(172, 1, 112, 'c', NULL, NULL, 0, 'Q1:D4:A40', 747, 'Bo', 'B2Bo'),
(173, 1, 151, 'b', NULL, NULL, 0, 'Q1:D4:A40', 751, 'Bo', 'B2Bo'),
(174, 1, 178, 'd', NULL, NULL, 0, 'Q1:D4:A40', 756, 'Bo', 'B2Bo'),
(175, 3, 274, 'b', NULL, NULL, 0, 'Q1:D4:A40', 942, 'Bo', 'B2Bo'),
(176, 7, 302, 'b', NULL, NULL, 0, 'Q1:D4:A40', 1764, 'B', 'B2Bo'),
(177, 2, 290, 'b', NULL, NULL, 0, 'D4:(Q1*A40)', 869, 'L', 'B2Bo'),
(178, 3, 181, 'a', NULL, NULL, 0, 'D4:(Q1*A40)', 929, 'Bo', 'B2Bo'),
(179, 4, 78, 'a', NULL, NULL, 0, 'D4:(Q1*A40)', 1026, 'L', 'B2Bo'),
(180, 7, 284, 'b', NULL, NULL, 0, 'D4:(Q1*A40)', 1750, 'B', 'B2Bo'),
(181, 7, 290, 'a', NULL, NULL, 0, 'D4:(Q1*A40)', 1754, 'B', 'B2Bo'),
(182, 7, 352, 'b', NULL, NULL, 0, 'D4:(Q1*A40)', 1794, 'B', 'B2Bo'),
(183, 6, 158, 'g', NULL, NULL, 0, 'Q1:D4:(A40*Z1)', 1271, 'Bo', 'B2Bo'),
(184, 1, 102, 'a', NULL, NULL, 0, 'D4:Q1', 746, 'Bo', 'B2Bo'),
(185, 1, 107, 'b', NULL, NULL, 0, 'D4:Q1', 746, 'Bo', 'B2Bo'),
(186, 1, 119, 'd', NULL, NULL, 0, 'D4:Q1', 747, 'Bo', 'B2Bo'),
(187, 1, 154, 'b', NULL, NULL, 0, 'D4:Q1', 751, 'Bo', 'B2Bo'),
(188, 1, 179, 'm', NULL, NULL, 0, 'D4:Q1', 757, 'Bo', 'B2Bo'),
(189, 1, 180, 'g', NULL, NULL, 0, 'D4:Q1', 757, 'Bo', 'B2Bo'),
(190, 5, 320, 'e', NULL, NULL, 0, 'D4:Q1', 1165, 'Bo', 'B2Bo'),
(191, 6, 157, 'k', NULL, NULL, 0, 'D4:Q1', 1270, 'Bo', 'B2Bo'),
(192, 6, 157, 'm', NULL, NULL, 0, 'D4:Q1', 1270, 'Bo', 'B2Bo'),
(193, 7, 302, 'nd', NULL, NULL, 0, 'Q1*D4', 1764, 'B', 'B2Bo'),
(194, 7, 303, 'a', NULL, NULL, 0, 'D4:Q1', 1765, 'B', 'B2Bo'),
(195, 7, 349, 'd', NULL, NULL, 0, 'D4:Q1', 1793, 'B', 'B2Bo'),
(196, 8, 9, NULL, 22, 'a', 0, 'D4:Q1', 32, 'Fr', 'B2Bo'),
(197, 7, 302, 'nd', NULL, NULL, 0, 'Q1*D4', 1745, 'Bo', 'B2Bo'),
(198, 4, 165, 'a', NULL, NULL, 0, 'F51:D21:A40', 1043, 'F', 'B2Bo'),
(199, 4, 165, 'c', NULL, NULL, 0, 'F51:D21:A40', 1043, 'F', 'B2Bo'),
(200, 4, 168, 'c', NULL, NULL, 0, 'F51:D21:A40', 1044, 'F', 'B2Bo'),
(201, 5, 38, 'd', NULL, NULL, 0, 'F51:D21:A40', 1089, 'Fr', 'B2Bo'),
(202, 5, 39, 'e', NULL, NULL, 0, 'F51:D21:A40', 1091, 'Fr', 'B2Bo'),
(203, 5, 287, 'c', NULL, NULL, 0, 'F51:D21:A40', 1150, 'Fr', 'B2Bo'),
(204, 6, 151, 'a', NULL, NULL, 0, '(F51:D21)*A40', 1266, 'unknown', 'B2Bo'),
(205, 1, 12, 'd', NULL, NULL, 0, 'D4:Q1:A40', 718, 'L', 'B3Bo'),
(206, 1, 29, 'b', NULL, NULL, 0, 'D4:Q1:A40', 723, 'L', 'B3Bo'),
(207, 1, 53, 'a', NULL, NULL, 0, 'D4:Q1:A40', 732, 'L', 'B3Bo'),
(208, 1, 64, 'b', NULL, NULL, 0, 'D4:Q1:A40', 736, 'L', 'B3Bo'),
(209, 1, 102, 'a', NULL, NULL, 0, 'D4:Q1:A40', 746, 'L', 'B3Bo'),
(210, 1, 107, 'b', NULL, NULL, 0, 'D4:Q1:A40', 746, 'L', 'B3Bo'),
(211, 1, 115, 'c', NULL, NULL, 0, 'D4:Q1:A40', 747, 'L', 'B3Bo'),
(212, 1, 117, 'a', NULL, NULL, 0, 'D4:Q1:A40', 747, 'L', 'B3Bo'),
(213, 1, 119, 'd', NULL, NULL, 0, 'D4:Q1:A40', 747, 'L', 'B3Bo'),
(214, 1, 120, 'e', NULL, NULL, 0, 'D4:Q1:A40', 747, 'L', 'B3Bo'),
(215, 1, 122, 'b', NULL, NULL, 0, 'D4:Q1:A40', 748, 'L', 'B3Bo'),
(216, 1, 127, 'a', NULL, NULL, 0, 'D4:Q1:A40', 748, 'L', 'B3Bo'),
(217, 1, 135, 'a', NULL, NULL, 0, 'D4:Q1:A40', 750, 'L', 'B3Bo'),
(218, 1, 141, 'b', NULL, NULL, 0, 'D4:Q1:A40', 750, 'L', 'B3Bo'),
(219, 1, 151, 'b', NULL, NULL, 0, 'D4:Q1:A40', 751, 'L', 'B3Bo'),
(220, 1, 154, 'b', NULL, NULL, 0, 'D4:Q1:A40', 751, 'L', 'B3Bo'),
(221, 1, 155, 'b', NULL, NULL, 0, 'D4:Q1:A40', 751, 'L', 'B3Bo'),
(222, 1, 178, 'd', NULL, NULL, 0, 'D4:Q1:A40', 756, 'L', 'B3Bo'),
(223, 1, 179, 'm', NULL, NULL, 0, 'D4:Q1:A40', 757, 'L', 'B3Bo'),
(224, 1, 180, 'g', NULL, NULL, 0, 'D4:Q1:A40', 757, 'L', 'B3Bo'),
(225, 4, 163, 'd', NULL, NULL, 0, 'D4:Q1:A40', 1041, 'Bo', 'B3Bo'),
(226, 4, 392, 'c', NULL, NULL, 0, 'D4:Q1:A40', 1067, 'Bo', 'B3Bo'),
(227, 4, 396, 'b', NULL, NULL, 0, 'D4:Q1:A40', 1067, 'Bo', 'B3Bo'),
(228, 6, 81, 'b', NULL, NULL, 0, 'D4:Q1:A40', 1212, 'Fr', 'B3Bo'),
(229, 6, 81, 'c', NULL, NULL, 0, 'D4:Q1:A40', 1212, 'Fr', 'B3Bo'),
(230, 6, 185, 'd', NULL, NULL, 0, 'D4:Q1:A40', 1289, 'L & Bo', 'B3Bo'),
(231, 6, 351, 'g', NULL, NULL, 0, 'D4:Q1:A40', 1437, 'L', 'B3Bo'),
(232, 1, 112, 'c', NULL, NULL, 0, 'Q1:D4:A40', 747, 'L', 'B3Bo'),
(233, 3, 85, 'j', NULL, NULL, 0, 'D4:(Q1*A40)', 900, 'Bo', 'B3Bo'),
(234, 3, 89, 'd', NULL, NULL, 0, 'D4:(Q1*A40)', 901, 'Bo', 'B3Bo'),
(235, 3, 89, 'g', NULL, NULL, 0, 'D4:(Q1*A40)', 901, 'Bo', 'B3Bo'),
(236, 5, 298, 'f', NULL, NULL, 0, 'D4:(Q1*A40)', 1155, 'B', 'B3Bo'),
(237, 1, 150, 'd', NULL, NULL, 0, 'F51:D21:A40', 751, 'L', 'B3Bo'),
(238, 6, 185, 'd', NULL, NULL, 0, '(F51:D21)*A40', 1289, 'L & Bo', 'B3Bo'),
(239, 1, 12, 'd', NULL, NULL, 0, 'D4:Q1:A40', 718, 'L', 'B4Bo'),
(240, 1, 29, 'b', NULL, NULL, 0, 'D4:Q1:A40', 723, 'L', 'B4Bo'),
(241, 2, 294, 'b', NULL, NULL, 0, 'D4:Q1:A40', 869, 'Fr', 'B4Bo'),
(242, 3, 181, 'a', NULL, NULL, 0, 'D4:Q1:A40', 929, 'Bo', 'B4Bo'),
(243, 4, 371, 'a', NULL, NULL, 0, 'D4:Q1:A40', 1059, 'Bo', 'B4Bo'),
(244, 4, 372, 'a', NULL, NULL, 0, 'D4:Q1:A40', 1059, 'Bo', 'B4Bo'),
(245, 4, 373, 'a', NULL, NULL, 0, 'D4:Q1:A40', 1059, 'Bo', 'B4Bo'),
(246, 4, 393, 'c', NULL, NULL, 0, 'D4:Q1:A40', 1067, 'Bo', 'B4Bo'),
(247, 4, 397, 'b', NULL, NULL, 0, 'D4:Q1:A40', 1067, 'Bo', 'B4Bo'),
(248, 5, 268, 'a', NULL, NULL, 0, 'D4:Q1:A40', 1138, 'Bo', 'B4Bo'),
(249, 6, 157, 'e', NULL, NULL, 0, 'D4:Q1:A40', 1270, 'Bo', 'B4Bo'),
(250, 6, 157, 'k', NULL, NULL, 0, 'D4:Q1:A40', 1270, 'Bo', 'B4Bo'),
(251, 7, 284, 'b', NULL, NULL, 0, 'D4:Q1:A40', 1750, 'B', 'B4Bo'),
(252, 7, 286, 'b', NULL, NULL, 0, 'D4:Q1:A40', 1751, 'B', 'B4Bo'),
(253, 7, 290, 'a', NULL, NULL, 0, 'D4:Q1:A40', 1754, 'B', 'B4Bo'),
(254, 7, 299, 'c', NULL, NULL, 0, 'D4:Q1:A40', 1761, 'B', 'B4Bo'),
(255, 7, 300, 'a', NULL, NULL, 0, 'D4:Q1:A40', 1762, 'unknown', 'B4Bo'),
(256, 7, 302, 'd', NULL, NULL, 0, 'D4:Q1:A40', 1764, 'B', 'B4Bo'),
(257, 7, 302, 'd', NULL, NULL, 0, 'D4:Q1:A40', 1745, 'unknown', 'B4Bo'),
(258, 7, 303, 'a', NULL, NULL, 0, 'D4:Q1:A40', 1765, 'B', 'B4Bo'),
(259, 7, 343, 'c', NULL, NULL, 0, 'D4:Q1:A40', 1787, 'B', 'B4Bo'),
(260, 7, 346, 'b', NULL, NULL, 0, 'D4:Q1:A40', 1790, 'B', 'B4Bo'),
(261, 7, 349, 'd', NULL, NULL, 0, 'D4:Q1:A40', 1793, 'B', 'B4Bo'),
(262, 7, 351, 'b', NULL, NULL, 0, 'D4:Q1:A40', 1793, 'B', 'B4Bo'),
(263, 7, 351, 'e', NULL, NULL, 0, 'D4:Q1:A40', 1793, 'B', 'B4Bo'),
(264, 7, 352, 'b', NULL, NULL, 0, 'D4:Q1:A40', 1794, 'B', 'B4Bo'),
(265, 7, 354, 'e', NULL, NULL, 0, 'D4:Q1:A40', 1796, 'B', 'B4Bo'),
(266, 7, 385, 'b', NULL, NULL, 0, 'D4:Q1:A40', 1812, 'B', 'B4Bo'),
(267, 8, 48, NULL, 134, 'b', 0, 'D4:Q1:A40', 213, 'L', 'B4Bo'),
(268, 8, 92, NULL, 145, 'b', 0, 'D4:Q1:A40', 215, 'L', 'B4Bo'),
(269, 3, 171, 'i', NULL, NULL, 0, 'Q1:D4:A40', 927, 'Fr', 'B4Bo'),
(270, 3, 171, 'm', NULL, NULL, 0, 'Q1:D4:A40', 927, 'Fr', 'B4Bo'),
(271, 3, 171, 'e', NULL, NULL, 0, 'Q1:D4:A40', 927, 'Fr', 'B4Bo'),
(272, 3, 172, 'd', NULL, NULL, 0, 'Q1:D4:A40', 927, 'Fr', 'B4Bo'),
(273, 2, 302, 'c', NULL, NULL, 0, 'D4:(Q1*A40)', 869, 'Fr', 'B4Bo'),
(274, 2, 308, 'b', NULL, NULL, 0, 'D4:(Q1*A40)', 870, 'Fr', 'B4Bo'),
(275, 7, 298, 'a', NULL, NULL, 0, 'D4:(Q1*A40)', 1760, 'B', 'B4Bo'),
(276, 4, 163, 'd', NULL, NULL, 0, 'Q1*(D4:A40)', 1041, 'Bo', 'B4Bo'),
(277, 4, 168, 'c', NULL, NULL, 0, 'F51:D21:A40', 1044, 'Fr', 'B4Bo'),
(278, 5, 243, 'e', NULL, NULL, 0, 'F51:D21:A40', 1127, 'Bo', 'B4Bo'),
(279, 4, 383, 'd', NULL, NULL, 0, 'D4:Q1:A40', 1063, 'H', 'B6Bo'),
(280, 6, 6, 'c', NULL, NULL, 0, 'D4:Q1:A40', 1187, 'F', 'B6Bo'),
(281, 7, 116, 'a', NULL, NULL, 0, 'D4:Q1:A40', 1625, 'H', 'B6Bo'),
(282, 8, 48, NULL, 134, 'b', 0, 'D4:Q1:A40', 213, 'L', 'B6Bo'),
(283, 8, 90, NULL, 144, 'a', 0, 'D4:Q1:A40', 215, 'L', 'B6Bo'),
(284, 8, 96, NULL, 146, 'b', 0, 'D4:Q1:A40', 215, 'L', 'B6Bo'),
(285, 2, 130, 'b', NULL, NULL, 0, 'D4:Q1', 827, 'H', 'B6Bo'),
(286, 2, 130, 'e', NULL, NULL, 0, 'D4:Q1', 827, 'H', 'B6Bo'),
(287, 6, 7, 'c', NULL, NULL, 0, 'F51:D21:A40', 1187, 'F', 'B6Bo'),
(288, 5, 38, 'd', NULL, NULL, 0, 'F51:D21:A40', 1089, 'F', 'B7Bo'),
(289, 5, 287, 'c', NULL, NULL, 0, 'F51:D21:A40', 1150, 'F', 'B7Bo'),
(290, 5, 287, 'c', NULL, NULL, 0, 'F51:D21:A40', 1150, 'F', 'B7Bo'),
(291, 4, 163, 'd', NULL, NULL, 0, 'D4:Q1:A40', 1041, 'B', 'B1C'),
(292, 7, 303, 'a', NULL, NULL, 0, 'D4:Q1:A40', 1765, 'Bo', 'B1C'),
(293, 7, 451, 'c', NULL, NULL, 0, 'D4:Q1:A40', 1833, 'Bo', 'B1C'),
(294, 7, 455, 'c', NULL, NULL, 0, 'D4:Q1:A40', 1839, 'Bo', 'B1C'),
(295, 7, 451, 'a', NULL, NULL, 0, 'Q1:D4:A40', 1833, 'Bo', 'B1C'),
(296, 2, 130, 'b', NULL, NULL, 0, 'D4:(Q1*A40)', 827, 'H', 'B1C'),
(297, 5, 26, 'f', NULL, NULL, 0, 'D4:(Q1*A40)', 1079, 'Fr', 'B1C'),
(298, 5, 31, 'c', NULL, NULL, 0, 'D4:(Q1*A40)', 1083, 'Fr', 'B1C'),
(299, 5, 32, 'j', NULL, NULL, 0, 'D4:(Q1*A40)', 1084, 'Fr', 'B1C'),
(300, 5, 357, 'XX', NULL, NULL, 0, 'D4:(Q1*A40)', 1180, 'Fr', 'B1C'),
(301, 5, 374, 'a', NULL, NULL, 0, 'D4:(Q1*A40)', 1181, 'Fr', 'B1C'),
(302, 7, 282, 'b', NULL, NULL, 0, 'D4:(Q1*A40)', 1749, 'Bo', 'B1C'),
(303, 7, 298, 'a', NULL, NULL, 0, 'D4:(Q1*A40)', 1760, 'Bo', 'B1C'),
(304, 7, 385, 'b', NULL, NULL, 0, 'D4:(Q1*A40)', 1812, 'Bo', 'B1C'),
(305, 7, 453, 'b', NULL, NULL, 0, 'D4:(Q1*A40)', 1835, 'Bo', 'B1C'),
(306, 1, 364, 'a', NULL, NULL, 0, 'F51:D21:A40', 789, 'B', 'B1C'),
(307, 2, 38, 'h', NULL, NULL, 0, 'F51:D21:A40', 794, 'B', 'B1C'),
(308, 2, 40, 'h', NULL, NULL, 0, 'F51:D21:A40', 794, 'B', 'B1C'),
(309, 2, 41, 'i', NULL, NULL, 0, 'F51:D21:A40', 794, 'B', 'B1C'),
(310, 2, 48, 'a', NULL, NULL, 0, 'F51:D21:A40', 797, 'B', 'B1C'),
(311, 2, 67, 'c', NULL, NULL, 0, 'F51:D21:A40', 808, 'L & Bo', 'B1C'),
(312, 2, 68, 'b', NULL, NULL, 0, 'F51:D21:A40', 808, 'L & Bo', 'B1C'),
(313, 2, 69, 'a', NULL, NULL, 0, 'F51:D21:A40', 808, 'L & Bo', 'B1C'),
(314, 2, 70, 'a', NULL, NULL, 0, 'F51:D21:A40', 808, 'L & Bo', 'B1C'),
(315, 2, 70, 'c', NULL, NULL, 0, 'F51:D21:A40', 808, 'L & Bo', 'B1C'),
(316, 2, 71, 'b', NULL, NULL, 0, 'F51:D21:A40', 808, 'L & Bo', 'B1C'),
(317, 2, 77, 'a', NULL, NULL, 0, 'F51:D21:A40', 810, 'L & Bo', 'B1C'),
(318, 2, 77, 'd', NULL, NULL, 0, 'F51:D21:A40', 810, 'L & Bo', 'B1C'),
(319, 2, 79, 'b', NULL, NULL, 0, 'F51:D21:A40', 810, 'L & Bo', 'B1C'),
(320, 2, 79, 'c', NULL, NULL, 0, 'F51:D21:A40', 810, 'L & Bo', 'B1C'),
(321, 2, 81, 'b', NULL, NULL, 0, 'F51:D21:A40', 810, 'L & Bo', 'B1C'),
(322, 2, 130, 'e', NULL, NULL, 0, 'F51:D21:A40', 827, 'H', 'B1C'),
(323, 3, 48, 'd', NULL, NULL, 0, 'F51:D21:A40', 887, 'Fr', 'B1C'),
(324, 3, 61, 'e', NULL, NULL, 0, 'F51:D21:A40', 889, 'B', 'B1C'),
(325, 3, 268, 'a', NULL, NULL, 0, 'F51:D21:A40', 942, 'B & Fr', 'B1C'),
(326, 3, 276, 'b', NULL, NULL, 0, 'F51:D21:A40', 942, 'B & Fr', 'B1C'),
(327, 3, 278, 'a', NULL, NULL, 0, 'F51:D21:A40', 942, 'B & Fr', 'B1C'),
(328, 3, 278, 'b', NULL, NULL, 0, 'F51:D21:A40', 942, 'B & Fr', 'B1C'),
(329, 3, 280, 'a', NULL, NULL, 0, 'F51:D21:A40', 942, 'B & Fr', 'B1C'),
(330, 3, 291, 'a', NULL, NULL, 0, 'F51:D21:A40', 942, 'B & Fr', 'B1C'),
(331, 3, 292, 'b', NULL, NULL, 0, 'F51:D21:A40', 942, 'B & Fr', 'B1C'),
(332, 3, 292, 'd', NULL, NULL, 0, 'F51:D21:A40', 942, 'B & Fr', 'B1C'),
(333, 4, 370, 'b', NULL, NULL, 0, 'F51:D21:A40', 1059, 'L', 'B1C'),
(334, 4, 371, 'a', NULL, NULL, 0, 'F51:D21:A40', 1059, 'L', 'B1C'),
(335, 4, 372, 'a', NULL, NULL, 0, 'F51:D21:A40', 1059, 'L', 'B1C'),
(336, 4, 373, 'a', NULL, NULL, 0, 'F51:D21:A40', 1059, 'L', 'B1C'),
(337, 4, 383, 'd', NULL, NULL, 0, 'F51:D21:A40', 1063, 'B', 'B1C'),
(338, 5, 8, 'c', NULL, NULL, 0, 'F51:D21:A40', 1070, 'L', 'B1C'),
(339, 5, 12, 'd', NULL, NULL, 0, 'F51:D21:A40', 1073, 'B', 'B1C'),
(340, 5, 13, 'c', NULL, NULL, 0, 'F51:D21:A40', 1073, 'B', 'B1C'),
(341, 6, 6, 'c', NULL, NULL, 0, 'F51:D21:A40', 1187, 'L', 'B1C'),
(342, 6, 383, 'i', NULL, NULL, 0, 'F51:D21:A40', 1468, 'L', 'B1C'),
(343, 6, 383, 'q', NULL, NULL, 0, 'F51:D21:A40', 1468, 'L', 'B1C'),
(344, 6, 384, 'i', NULL, NULL, 0, 'F51:D21:A40', 1469, 'Fr', 'B1C'),
(345, 6, 385, 'r', NULL, NULL, 0, 'F51:D21:A40', 1469, 'Fr', 'B1C'),
(346, 7, 286, 'b', NULL, NULL, 0, 'F51:D21:A40', 1751, 'Bo', 'B1C'),
(347, 7, 290, 'a', NULL, NULL, 0, 'F51:D21:A40', 1754, 'Bo', 'B1C'),
(348, 7, 300, 'c', NULL, NULL, 0, 'F51:D21:A40', 1762, 'Bo', 'B1C'),
(349, 7, 301, 'c', NULL, NULL, 0, 'F51:D21:A40', 1763, 'Bo', 'B1C'),
(350, 7, 301, 'g', NULL, NULL, 0, 'F51:D21:A40', 1763, 'Bo', 'B1C'),
(351, 7, 301, 'i', NULL, NULL, 0, 'F51:D21:A40', 1763, 'Bo', 'B1C'),
(352, 7, 385, 'b', NULL, NULL, 0, 'F51:D21:A40', 1812, 'Bo', 'B1C'),
(353, 1, 348, 'd', NULL, NULL, 0, 'F51*D21:A40', 789, 'B', 'B1C'),
(354, 1, 396, 'b', NULL, NULL, 0, '(F51:D21)*A40', 789, 'B', 'B1C'),
(355, 2, 295, 'b', NULL, NULL, 0, '(F51:D21)*A40', 869, 'F', 'B1C'),
(356, 3, 50, 'a', NULL, NULL, 0, '(F51:D21)*A40', 887, 'Fr', 'B1C'),
(357, 3, 53, 'd', NULL, NULL, 0, '(F51:D21)*A40', 887, 'Fr', 'B1C'),
(358, 3, 268, 'a', NULL, NULL, 0, '(F51:D21)*A40', 942, 'B & Fr', 'B1C'),
(359, 3, 274, 'b', NULL, NULL, 0, '(F51:D21)*A40', 942, 'B & Fr', 'B1C'),
(360, 3, 276, 'b', NULL, NULL, 0, '(F51:D21)*A40', 942, 'B & Fr', 'B1C'),
(361, 3, 278, 'a', NULL, NULL, 0, '(F51:D21)*A40', 942, 'B & Fr', 'B1C'),
(362, 3, 280, 'a', NULL, NULL, 0, '(F51:D21)*A40', 942, 'B & Fr', 'B1C'),
(363, 6, 7, 'c', NULL, NULL, 0, '(F51:D21)*A40', 1187, 'L', 'B1C'),
(364, 6, 10, 'b', NULL, NULL, 0, '(F51:D21)*A40', 1187, 'L', 'B1C'),
(365, 6, 12, 'g', NULL, NULL, 0, '(F51:D21)*A40', 1187, 'L', 'B1C'),
(366, 7, 284, 'a', NULL, NULL, 0, '(F51:D21)*A40', 1750, 'Bo', 'B1C'),
(367, 7, 284, 'b', NULL, NULL, 0, '(F51:D21)*A40', 1750, 'Bo', 'B1C'),
(368, 7, 449, 'b', NULL, NULL, 0, '(F51:D21)*A40', 1831, 'Bo', 'B1C'),
(369, 7, 453, 'a', NULL, NULL, 0, '(F51:D21)*A40', 1835, 'Bo', 'B1C'),
(370, 7, 454, 'f', NULL, NULL, 0, '(F51:D21)*A40', 1837, 'Bo', 'B1C'),
(371, 2, 109, 'b', NULL, NULL, 0, 'F51*(D21:A40)', 817, 'unknown', 'B1C'),
(372, 2, 70, 'c', NULL, NULL, 0, 'D4:Q1:A40', 808, 'unknown', 'B2C'),
(373, 2, 71, 'b', NULL, NULL, 0, 'F51:D21:A40', 808, 'unknown', 'B2C'),
(374, 1, 348, 'd', NULL, NULL, 0, 'D4:Q1:A40', 789, 'Fr', 'B3C'),
(375, 1, 350, 'b', NULL, NULL, 0, 'D4:Q1:A40', 789, 'Fr', 'B3C'),
(376, 3, 48, 'd', NULL, NULL, 0, 'D4:Q1:A40', 887, 'H & F', 'B3C'),
(377, 3, 50, 'a', NULL, NULL, 0, 'D4:Q1:A40', 887, 'H & F', 'B3C'),
(378, 3, 53, 'd', NULL, NULL, 0, 'D4:Q1:A40', 887, 'H & F', 'B3C'),
(379, 3, 274, 'b', NULL, NULL, 0, 'D4:Q1:A40', 942, 'B', 'B3C'),
(380, 3, 276, 'b', NULL, NULL, 0, 'D4:Q1:A40', 942, 'B', 'B3C'),
(381, 3, 278, 'a', NULL, NULL, 0, 'D4:Q1:A40', 942, 'B', 'B3C'),
(382, 3, 278, 'b', NULL, NULL, 0, 'D4:Q1:A40', 942, 'B', 'B3C'),
(383, 4, 396, 'b', NULL, NULL, 0, 'D4:Q1:A40', 1067, 'unknown', 'B3C'),
(384, 7, 284, 'b', NULL, NULL, 0, 'D4:Q1:A40', 1750, 'Bo', 'B3C'),
(385, 7, 303, 'a', NULL, NULL, 0, 'D4:Q1:A40', 1765, 'Bo', 'B3C'),
(386, 7, 343, 'c', NULL, NULL, 0, 'D4:Q1:A40', 1787, 'Bo', 'B3C'),
(387, 7, 451, 'a', NULL, NULL, 0, 'D4:Q1:A40', 1833, 'Bo', 'B3C'),
(388, 7, 451, 'e', NULL, NULL, 0, 'D4:Q1:A40', 1833, 'Bo', 'B3C'),
(389, 7, 452, 'c', NULL, NULL, 0, 'D4:Q1:A40', 1833, 'Bo', 'B3C'),
(390, 7, 302, 'd', NULL, NULL, 0, '(D4:Q1)*A40', 1745, 'Bo', 'B3C'),
(391, 7, 346, 'b', NULL, NULL, 0, '(D4:Q1)*A40', 1790, 'Bo', 'B3C'),
(392, 7, 351, 'b', NULL, NULL, 0, '(D4:Q1)*A40', 1793, 'Bo', 'B3C'),
(393, 7, 302, 'd', NULL, NULL, 0, 'D4*Q1*A40', 1764, 'Bo', 'B3C'),
(394, 3, 181, 'a', NULL, NULL, 0, 'D4:Q1*X1:A40', 929, 'B', 'B3C'),
(395, 7, 262, 'g', NULL, NULL, 0, 'D4:Q1', 1746, 'unknown', 'B3C'),
(396, 7, 448, 'e', NULL, NULL, 0, 'D4:Q1', 1831, 'Bo', 'B3C'),
(397, 7, 449, 'b', NULL, NULL, 0, 'D4:Q1', 1831, 'Bo', 'B3C'),
(398, 7, 451, 'c', NULL, NULL, 0, 'D4:Q1', 1833, 'Bo', 'B3C'),
(399, 7, 453, 'b', NULL, NULL, 0, 'D4:Q1', 1835, 'Bo', 'B3C'),
(400, 7, 453, 'd', NULL, NULL, 0, 'D4:Q1', 1835, 'Bo', 'B3C'),
(401, 7, 454, 'c', NULL, NULL, 0, 'D4:Q1', 1837, 'Bo', 'B3C'),
(402, 7, 454, 'f', NULL, NULL, 0, 'D4:Q1', 1837, 'Bo', 'B3C'),
(403, 7, 455, 'c', NULL, NULL, 0, 'D4:Q1', 1839, 'Bo', 'B3C'),
(404, 7, 455, 'c', NULL, NULL, 0, 'D4:Q1', 1839, 'Bo', 'B3C'),
(405, 1, 364, 'a', NULL, NULL, 0, 'F51:D21:A40', 789, 'Fr', 'B3C'),
(406, 3, 268, 'a', NULL, NULL, 0, 'F51:D21:A40', 942, 'B', 'B3C'),
(407, 4, 254, 'a', NULL, NULL, 0, 'F51:D21:A40', 1049, 'B', 'B3C'),
(408, 4, 383, 'd', NULL, NULL, 0, 'F51:D21:A40', 1063, 'B', 'B3C'),
(409, 4, 392, 'c', NULL, NULL, 0, 'F51:D21:A40', 1067, 'unknown', 'B3C'),
(410, 7, 290, 'a', NULL, NULL, 0, 'F51:D21:A40', 1754, 'Bo', 'B3C'),
(411, 7, 298, 'a', NULL, NULL, 0, 'F51:D21:A40', 1760, 'Bo', 'B3C'),
(412, 7, 300, 'a', NULL, NULL, 0, 'F51:D21:A40', 1762, 'unknown', 'B3C'),
(413, 7, 349, 'd', NULL, NULL, 0, 'F51:D21:A40', 1793, 'Bo', 'B3C'),
(414, 7, 352, 'b', NULL, NULL, 0, 'F51:D21:A40', 1794, 'Bo', 'B3C'),
(415, 7, 354, 'e', NULL, NULL, 0, 'F51:D21:A40', 1796, 'Bo', 'B3C'),
(416, 7, 385, 'b', NULL, NULL, 0, 'F51:D21:A40', 1812, 'Bo', 'B3C'),
(417, 7, 452, 'f', NULL, NULL, 0, 'F51:D21:A40', 1833, 'Bo', 'B3C'),
(418, 7, 453, 'a', NULL, NULL, 0, 'F51:D21:A40', 1835, 'Bo', 'B3C'),
(419, 1, 64, 'b', NULL, NULL, 0, 'D4:Q1:A40', 736, 'B', 'B4C'),
(420, 1, 261, 'c', NULL, NULL, 0, 'D4:Q1:A40', 775, 'F', 'B4C'),
(421, 6, 163, 'b', NULL, NULL, 0, 'D4:Q1:A40', 1279, 'F', 'B4C'),
(422, 6, 163, 'd', NULL, NULL, 0, 'D4:Q1:A40', 1279, 'F', 'B4C'),
(423, 6, 374, 'j', NULL, NULL, 0, 'D4:Q1:A40', 1459, 'B', 'B4C'),
(424, 7, 352, 'b', NULL, NULL, 0, 'D4:Q1:A40', 1794, 'Bo', 'B4C'),
(425, 7, 385, 'b', NULL, NULL, 0, 'D4:Q1:A40', 1812, 'Bo', 'B4C'),
(426, 7, 448, 'e', NULL, NULL, 0, 'D4:Q1:A40', 1831, 'Bo', 'B4C'),
(427, 7, 449, 'b', NULL, NULL, 0, 'D4:Q1:A40', 1831, 'Bo', 'B4C'),
(428, 7, 453, 'a', NULL, NULL, 0, 'D4:Q1:A40', 1835, 'Bo', 'B4C'),
(429, 7, 453, 'b', NULL, NULL, 0, 'D4:Q1:A40', 1835, 'Bo', 'B4C'),
(430, 8, 48, NULL, 134, 'b', 0, 'D4:Q1:A40', 213, 'B', 'B4C'),
(431, 8, 86, NULL, 143, 'a', 0, 'D4:Q1:A40', 215, 'B', 'B4C'),
(432, 8, 92, NULL, 145, 'b', 0, 'D4:Q1:A40', 215, 'B', 'B4C'),
(433, 8, 132, NULL, 155, 'a', 0, 'D4:Q1:A40', 217, 'B', 'B4C'),
(434, 4, 392, 'c', NULL, NULL, 0, 'Q1:D4:A40', 1067, 'Fr', 'B4C'),
(435, 6, 69, 'd', NULL, NULL, 0, 'Q1:D4:A40', 1205, 'Fr', 'B4C'),
(436, 1, 261, 'e', NULL, NULL, 0, 'D4:(Q1*A40)', 775, 'F', 'B4C'),
(437, 7, 298, 'a', NULL, NULL, 0, 'D4:(Q1*A40)', 1760, 'Bo', 'B4C'),
(438, 7, 346, 'b', NULL, NULL, 0, '(D4:Q1)*A40', 1790, 'Bo', 'B4C'),
(439, 6, 83, 'b', NULL, NULL, 0, 'F51:D21:A40', 1214, 'unknown', 'B4C'),
(440, 6, 185, 'd', NULL, NULL, 0, 'F51:D21:A40', 1289, 'Fr', 'B4C'),
(441, 7, 286, 'b', NULL, NULL, 0, 'F51:D21:A40', 1751, 'Bo', 'B4C'),
(442, 7, 290, 'a', NULL, NULL, 0, 'F51:D21:A40', 1754, 'Bo', 'B4C'),
(443, 7, 453, 'd', NULL, NULL, 0, 'F51:D21:A40', 1835, 'Bo', 'B4C'),
(444, 7, 453, 'd', NULL, NULL, 0, 'F51:D21:A40', 1835, 'Bo', 'B4C'),
(445, 3, 269, 'a', NULL, NULL, 0, 'D4:Q1:A40', 942, 'B', 'B5C'),
(446, 3, 275, 'b', NULL, NULL, 0, 'D4:Q1:A40', 942, 'B', 'B5C'),
(447, 3, 277, 'b', NULL, NULL, 0, 'D4:Q1:A40', 942, 'B', 'B5C'),
(448, 3, 277, 'd', NULL, NULL, 0, 'D4:Q1:A40', 942, 'B', 'B5C'),
(449, 3, 279, 'b', NULL, NULL, 0, 'D4:Q1:A40', 942, 'B', 'B5C'),
(450, 3, 291, 'a', NULL, NULL, 0, 'D4:Q1:A40', 942, 'B', 'B5C'),
(451, 4, 88, 'g', NULL, NULL, 0, 'D4:Q1:A40', 1027, 'B', 'B5C'),
(452, 4, 88, 'k', NULL, NULL, 0, 'D4:Q1:A40', 1027, 'B', 'B5C'),
(453, 4, 90, 'h', NULL, NULL, 0, 'D4:Q1:A40', 1027, 'B', 'B5C'),
(454, 4, 91, 'b', NULL, NULL, 0, 'D4:Q1:A40', 1027, 'B', 'B5C'),
(455, 4, 91, 'd', NULL, NULL, 0, 'D4:Q1:A40', 1027, 'B', 'B5C'),
(456, 4, 91, 'e', NULL, NULL, 0, 'D4:Q1:A40', 1027, 'B', 'B5C'),
(457, 4, 93, 'm', NULL, NULL, 0, 'D4:Q1:A40', 1027, 'B', 'B5C'),
(458, 4, 94, 'a', NULL, NULL, 0, 'D4:Q1:A40', 1028, 'B', 'B5C'),
(459, 4, 94, 'e', NULL, NULL, 0, 'D4:Q1:A40', 1028, 'B', 'B5C'),
(460, 4, 94, 'g', NULL, NULL, 0, 'D4:Q1:A40', 1028, 'B', 'B5C'),
(461, 4, 254, 'a', NULL, NULL, 0, 'D4:Q1:A40', 1049, 'H', 'B5C'),
(462, 5, 22, 'd', NULL, NULL, 0, 'D4:Q1:A40', 1076, 'B', 'B5C'),
(463, 7, 506, 'c', NULL, NULL, 0, 'D4:Q1:A40', 1876, 'Bo', 'B5C'),
(464, 4, 94, 'o', NULL, NULL, 0, 'Q1:D4:A40', 1028, 'B', 'B5C'),
(465, 4, 94, 'p', NULL, NULL, 0, 'Q1:D4:A40', 1028, 'B', 'B5C'),
(466, 4, 95, 'd', NULL, NULL, 0, 'Q1:D4:A40', 1028, 'B', 'B5C'),
(467, 4, 96, 'a', NULL, NULL, 0, 'Q1:D4:A40', 1028, 'B', 'B5C'),
(468, 4, 96, 'b', NULL, NULL, 0, 'Q1:D4:A40', 1028, 'B', 'B5C'),
(469, 5, 357, 'XX', NULL, NULL, 0, 'Q1:D4:A40', 1180, 'Fr', 'B5C'),
(470, 5, 374, 'a', NULL, NULL, 0, 'Q1:D4:A40', 1181, 'Fr', 'B5C'),
(471, 3, 197, 'c', NULL, NULL, 0, 'D4:(Q1*A40)', 932, 'B', 'B5C'),
(472, 4, 87, 'b', NULL, NULL, 0, 'D4:(Q1*A40)', 1027, 'B', 'B5C'),
(473, 4, 94, 'd', NULL, NULL, 0, 'D4:(Q1*A40)', 1028, 'B', 'B5C'),
(474, 4, 338, 'k', NULL, NULL, 0, 'D4:(Q1*A40)', 1053, 'B', 'B5C'),
(475, 4, 339, 'a', NULL, NULL, 0, 'D4:(Q1*A40)', 1054, 'unknown', 'B5C'),
(476, 4, 396, 'b', NULL, NULL, 0, 'D4:(Q1*A40)', 1067, 'B', 'B5C'),
(477, 5, 183, 'f', NULL, NULL, 0, 'D4:(Q1*A40)', 1118, 'H & Fr', 'B5C'),
(478, 6, 193, 'c', NULL, NULL, 0, 'D4:(Q1*A40)', 1291, 'Bo', 'B5C'),
(479, 7, 356, 'd', NULL, NULL, 0, 'D4:(Q1*A40)', 1799, 'Bo', 'B5C'),
(480, 7, 357, 'b', NULL, NULL, 0, 'D4:(Q1*A40)', 1799, 'Bo', 'B5C'),
(481, 7, 358, 'd', NULL, NULL, 0, 'D4:(Q1*A40)', 1799, 'Bo', 'B5C'),
(482, 7, 361, 'd', NULL, NULL, 0, 'D4:(Q1*A40)', 1799, 'Bo', 'B5C'),
(483, 7, 363, 'a', NULL, NULL, 0, 'D4:(Q1*A40)', 1800, 'Bo', 'B5C'),
(484, 7, 364, 'f', NULL, NULL, 0, 'D4:(Q1*A40)', 1801, 'Bo', 'B5C'),
(485, 7, 365, 'f', NULL, NULL, 0, 'D4:(Q1*A40)', 1801, 'Bo', 'B5C'),
(486, 7, 366, 'a', NULL, NULL, 0, 'D4:(Q1*A40)', 1802, 'unknown', 'B5C'),
(487, 7, 494, 'g', NULL, NULL, 0, 'D4:(Q1*A40)', 1859, 'Bo', 'B5C'),
(488, 7, 505, 'b', NULL, NULL, 0, 'D4:(Q1*A40)', 1874, 'Bo', 'B5C'),
(489, 7, 505, 'd', NULL, NULL, 0, 'D4:(Q1*A40)', 1874, 'Bo', 'B5C'),
(490, 7, 505, 'g', NULL, NULL, 0, 'D4:(Q1*A40)', 1874, 'Bo', 'B5C'),
(491, 7, 507, 'e', NULL, NULL, 0, 'D4:(Q1*A40)', 1878, 'Bo', 'B5C'),
(492, 7, 520, 'd', NULL, NULL, 0, 'D4:(Q1*A40)', 1898, 'Bo', 'B5C'),
(493, 7, 520, 'g', NULL, NULL, 0, 'D4:(Q1*A40)', 1898, 'Bo', 'B5C'),
(494, 4, 96, 'c', NULL, NULL, 0, 'Q1*(D4:A40)', 1028, 'B', 'B5C'),
(495, 4, 96, 'e', NULL, NULL, 0, 'Q1*(D4:A40)', 1028, 'B', 'B5C'),
(496, 4, 96, 'i', NULL, NULL, 0, 'Q1*(D4:A40)', 1028, 'B', 'B5C'),
(497, 4, 338, 'a', NULL, NULL, 0, '(D4:Q1)*A40', 1053, 'B', 'B5C'),
(498, 4, 338, 'j', NULL, NULL, 0, '(D4:Q1)*A40', 1053, 'B', 'B5C'),
(499, 7, 504, 'e', NULL, NULL, 0, 'D4*Q1*A40', 1872, 'Bo', 'B5C'),
(500, 7, 520, 'l', NULL, NULL, 0, 'D4*Q1*A40', 1898, 'Bo', 'B5C'),
(501, 7, 521, 'd', NULL, NULL, 0, 'D4*Q1*A40', 1899, 'Bo', 'B5C'),
(502, 7, 477, 'b', NULL, NULL, 0, 'F51:D21:A40', 1848, 'Bo', 'B5C'),
(503, 1, 12, 'd', NULL, NULL, 0, 'D4:Q1:A40', 718, 'L', 'B6C'),
(504, 1, 29, 'b', NULL, NULL, 0, 'D4:Q1:A40', 723, 'L', 'B6C'),
(505, 1, 53, 'a', NULL, NULL, 0, 'D4:Q1:A40', 732, 'L', 'B6C'),
(506, 1, 64, 'b', NULL, NULL, 0, 'D4:Q1:A40', 736, 'L', 'B6C'),
(507, 1, 348, 'd', NULL, NULL, 0, 'D4:Q1:A40', 789, 'B', 'B6C'),
(508, 1, 350, 'b', NULL, NULL, 0, 'D4:Q1:A40', 789, 'B', 'B6C'),
(509, 1, 364, 'a', NULL, NULL, 0, 'D4:Q1:A40', 789, 'B', 'B6C'),
(510, 3, 193, 'c', NULL, NULL, 0, 'D4:Q1:A40', 930, 'Fr', 'B6C'),
(511, 3, 268, 'a', NULL, NULL, 0, 'D4:Q1:A40', 942, 'L', 'B6C'),
(512, 3, 274, 'b', NULL, NULL, 0, 'D4:Q1:A40', 942, 'L', 'B6C'),
(513, 3, 276, 'b', NULL, NULL, 0, 'D4:Q1:A40', 942, 'L', 'B6C'),
(514, 3, 278, 'a', NULL, NULL, 0, 'D4:Q1:A40', 942, 'L', 'B6C'),
(515, 3, 278, 'b', NULL, NULL, 0, 'D4:Q1:A40', 942, 'L', 'B6C'),
(516, 3, 291, 'a', NULL, NULL, 0, 'D4:Q1:A40', 942, 'L', 'B6C'),
(517, 4, 70, 'd', NULL, NULL, 0, 'D4:Q1:A40', 1026, 'B', 'B6C'),
(518, 4, 71, 'c', NULL, NULL, 0, 'D4:Q1:A40', 1026, 'B', 'B6C'),
(519, 4, 81, 'f', NULL, NULL, 0, 'D4:Q1:A40', 1026, 'B', 'B6C'),
(520, 4, 81, 'g', NULL, NULL, 0, 'D4:Q1:A40', 1026, 'B', 'B6C'),
(521, 4, 82, 'm', NULL, NULL, 0, 'D4:Q1:A40', 1026, 'B', 'B6C'),
(522, 4, 84, 'a', NULL, NULL, 0, 'D4:Q1:A40', 1026, 'B', 'B6C'),
(523, 4, 84, 'f', NULL, NULL, 0, 'D4:Q1:A40', 1026, 'B', 'B6C'),
(524, 4, 84, 'n', NULL, NULL, 0, 'D4:Q1:A40', 1026, 'B', 'B6C'),
(525, 5, 374, 'a', NULL, NULL, 0, 'D4:Q1:A40', 1181, 'Fr', 'B6C'),
(526, 7, 385, 'b', NULL, NULL, 0, 'D4:Q1:A40', 1812, 'Bo', 'B6C'),
(527, 7, 453, 'i', NULL, NULL, 0, 'D4:Q1:A40', 1835, 'Bo', 'B6C'),
(528, 8, 48, NULL, 134, 'b', 0, 'D4:Q1:A40', 213, 'L', 'B6C'),
(529, 8, 86, NULL, 143, 'a', 0, 'D4:Q1:A40', 215, 'L', 'B6C'),
(530, 8, 96, NULL, 146, 'a', 0, 'D4:Q1:A40', 215, 'L', 'B6C'),
(531, 8, 173, NULL, 179, 'a', 0, 'D4:Q1:A40', 219, 'L', 'B6C'),
(532, 8, 191, NULL, 193, 'c', 0, 'D4:Q1:A40', 220, 'L', 'B6C'),
(533, 8, 314, NULL, 622, 'b', 0, 'D4:Q1:A40', 365, 'B', 'B6C'),
(534, 7, 284, 'b', NULL, NULL, 0, 'D4:(Q1*A40)', 1750, 'Bo', 'B6C'),
(535, 7, 286, 'b', NULL, NULL, 0, 'D4:(Q1*A40)', 1751, 'Bo', 'B6C'),
(536, 5, 357, 'XX', NULL, NULL, 0, '(D4:Q1)*A40', 1180, 'Fr', 'B6C'),
(537, 4, 78, 'a', NULL, NULL, 0, 'F51:D21:A40', 1026, 'B', 'B6C'),
(538, 4, 78, 'b', NULL, NULL, 0, 'F51:D21:A40', 1026, 'B', 'B6C'),
(539, 4, 86, 'h', NULL, NULL, 0, 'F51:D21:A40', 1026, 'B', 'B6C'),
(540, 8, 132, NULL, 155, 'a', 0, 'F51:D21:A40', 217, 'L', 'B6C'),
(541, 8, 315, NULL, 625, 'a', 0, 'F51:D21:A40', 365, 'B', 'B6C'),
(542, 2, 48, 'a', NULL, NULL, 0, 'Q1:D4:A40', 797, 'X', 'B7C'),
(543, 3, 269, 'a', NULL, NULL, 0, 'Q1:D4:A40', 942, 'F', 'B7C'),
(544, 3, 275, 'b', NULL, NULL, 0, 'Q1:D4:A40', 942, 'F', 'B7C'),
(545, 5, 183, 'f', NULL, NULL, 0, 'Q1:D4:A40', 1118, 'F', 'B7C'),
(546, 2, 40, 'h', NULL, NULL, 0, 'F51:D21:A40', 794, 'X', 'B7C'),
(547, 2, 130, 'e', NULL, NULL, 0, 'D4:Q1:A40', 827, 'Fr', 'B9C'),
(548, 2, 294, 'b', NULL, NULL, 0, 'D4:Q1:A40', 869, 'H', 'B9C'),
(549, 2, 302, 'c', NULL, NULL, 0, 'D4:Q1:A40', 869, 'H', 'B9C'),
(550, 2, 308, 'b', NULL, NULL, 0, 'D4:Q1:A40', 870, 'H', 'B9C'),
(551, 3, 85, 'j', NULL, NULL, 0, 'D4:Q1:A40', 900, 'F', 'B9C'),
(552, 3, 89, 'd', NULL, NULL, 0, 'D4:Q1:A40', 901, 'B', 'B9C'),
(553, 3, 89, 'g', NULL, NULL, 0, 'D4:Q1:A40', 901, 'B', 'B9C'),
(554, 3, 99, 'f', NULL, NULL, 0, 'D4:Q1:A40', 905, 'B', 'B9C'),
(555, 4, 254, 'a', NULL, NULL, 0, 'D4:Q1:A40', 1049, 'B & Fr', 'B9C'),
(556, 4, 254, 'a', NULL, NULL, 0, 'D4:Q1:A40', 1049, 'B & Fr', 'B9C'),
(557, 4, 342, 'a', NULL, NULL, 0, 'D4:Q1:A40', 1054, 'B', 'B9C'),
(558, 4, 342, 'c', NULL, NULL, 0, 'D4:Q1:A40', 1054, 'B', 'B9C'),
(559, 4, 370, 'b', NULL, NULL, 0, 'D4:Q1:A40', 1059, 'B', 'B9C'),
(560, 4, 372, 'a', NULL, NULL, 0, 'D4:Q1:A40', 1059, 'B', 'B9C'),
(561, 4, 373, 'a', NULL, NULL, 0, 'D4:Q1:A40', 1059, 'B', 'B9C'),
(562, 5, 183, 'f', NULL, NULL, 0, 'D4:Q1:A40', 1118, 'Fr', 'B9C'),
(563, 5, 284, 'b', NULL, NULL, 0, 'D4:Q1:A40', 1148, 'B', 'B9C'),
(564, 5, 320, 'd', NULL, NULL, 0, 'D4:Q1:A40', 1165, 'Fr', 'B9C'),
(565, 5, 320, 'e', NULL, NULL, 0, 'D4:Q1:A40', 1165, 'Fr', 'B9C'),
(566, 5, 357, 'XX', NULL, NULL, 0, 'D4:Q1:A40', 1180, 'Fr', 'B9C'),
(567, 5, 374, 'a', NULL, NULL, 0, 'D4:Q1:A40', 1181, 'Fr', 'B9C'),
(568, 6, 7, 'c', NULL, NULL, 0, 'D4:Q1:A40', 1187, 'B', 'B9C'),
(569, 6, 10, 'b', NULL, NULL, 0, 'D4:Q1:A40', 1187, 'B', 'B9C'),
(570, 6, 10, 'd', NULL, NULL, 0, 'D4:Q1:A40', 1187, 'B', 'B9C'),
(571, 6, 12, 'g', NULL, NULL, 0, 'D4:Q1:A40', 1187, 'B', 'B9C'),
(572, 6, 69, 'd', NULL, NULL, 0, 'D4:Q1:A40', 1205, 'B', 'B9C'),
(573, 6, 69, 'e', NULL, NULL, 0, 'D4:Q1:A40', 1205, 'B', 'B9C'),
(574, 6, 72, 'h', NULL, NULL, 0, 'D4:Q1:A40', 1206, 'B', 'B9C'),
(575, 6, 94, 'b', NULL, NULL, 0, 'D4:Q1:A40', 1222, 'B', 'B9C'),
(576, 6, 94, 'h', NULL, NULL, 0, 'D4:Q1:A40', 1222, 'B', 'B9C'),
(577, 7, 282, 'b', NULL, NULL, 0, 'D4:Q1:A40', 1749, 'Bo', 'B9C'),
(578, 7, 284, 'b', NULL, NULL, 0, 'D4:Q1:A40', 1750, 'Bo', 'B9C'),
(579, 7, 286, 'b', NULL, NULL, 0, 'D4:Q1:A40', 1751, 'Bo', 'B9C'),
(580, 7, 290, 'a', NULL, NULL, 0, 'D4:Q1:A40', 1754, 'Bo', 'B9C'),
(581, 7, 329, 'b', NULL, NULL, 0, 'D4:Q1:A40', 1782, 'Bo', 'B9C'),
(582, 7, 343, 'c', NULL, NULL, 0, 'D4:Q1:A40', 1787, 'Bo', 'B9C'),
(583, 7, 358, 'd', NULL, NULL, 0, 'D4:Q1:A40', 1799, 'Bo', 'B9C'),
(584, 7, 361, 'd', NULL, NULL, 0, 'D4:Q1:A40', 1799, 'Bo', 'B9C'),
(585, 7, 385, 'b', NULL, NULL, 0, 'D4:Q1:A40', 1812, 'Bo', 'B9C'),
(586, 7, 451, 'a', NULL, NULL, 0, 'D4:Q1:A40', 1833, 'Bo', 'B9C'),
(587, 7, 451, 'c', NULL, NULL, 0, 'D4:Q1:A40', 1833, 'Bo', 'B9C'),
(588, 7, 451, 'e', NULL, NULL, 0, 'D4:Q1:A40', 1833, 'Bo', 'B9C'),
(589, 7, 452, 'c', NULL, NULL, 0, 'D4:Q1:A40', 1833, 'Bo', 'B9C'),
(590, 7, 452, 'f', NULL, NULL, 0, 'D4:Q1:A40', 1833, 'Bo', 'B9C'),
(591, 7, 453, 'a', NULL, NULL, 0, 'D4:Q1:A40', 1835, 'Bo', 'B9C'),
(592, 7, 453, 'b', NULL, NULL, 0, 'D4:Q1:A40', 1835, 'Bo', 'B9C'),
(593, 7, 455, 'c', NULL, NULL, 0, 'D4:Q1:A40', 1839, 'Bo', 'B9C'),
(594, 8, 314, NULL, 622, 'b', 0, 'D4:Q1:A40', 365, 'L', 'B9C'),
(595, 8, 335, NULL, 658, 'b', 0, 'D4:Q1:A40', 374, 'unknown', 'B9C'),
(596, 8, 341, NULL, 757, 'c', 0, 'D4:Q1:A40', 422, 'L', 'B9C'),
(597, 8, 341, NULL, 758, 'c', 0, 'D4:Q1:A40', 422, 'L', 'B9C'),
(598, 8, 431, NULL, 2022, 'a', 0, 'D4:Q1:A40', 686, 'L', 'B9C'),
(599, 8, 439, NULL, 2115, 'a', 0, 'D4:Q1:A40', 690, 'L', 'B9C'),
(600, 7, 448, 'e', NULL, NULL, 0, 'Q1:D4:A40', 1831, 'Bo', 'B9C'),
(601, 7, 453, 'i', NULL, NULL, 0, 'Q1:D4:A40', 1835, 'Bo', 'B9C'),
(602, 8, 430, NULL, 2021, 'a', 0, 'Q1:D4:A40', 686, 'L', 'B9C'),
(603, 7, 352, 'b', NULL, NULL, 0, 'D4:(Q1*A40)', 1794, 'Bo', 'B9C'),
(604, 7, 349, 'd', NULL, NULL, 0, '(D4:Q1)*A40', 1793, 'Bo', 'B9C'),
(605, 7, 454, 'c', NULL, NULL, 0, '(D4:Q1)*A40', 1837, 'unknown', 'B9C'),
(606, 7, 449, 'b', NULL, NULL, 0, 'D4:Q1', 1831, 'Bo', 'B9C'),
(607, 4, 373, 'b', NULL, NULL, 0, 'D4:Q1', 1059, 'B', 'B9C'),
(608, 7, 453, 'd', NULL, NULL, 0, 'D4:Q1', 1835, 'Bo', 'B9C'),
(609, 8, 332, NULL, 651, 'c', 0, 'D4:Q1', 372, 'L', 'B9C'),
(610, 2, 130, 'b', NULL, NULL, 0, 'D4:A40', 827, 'Fr', 'B9C'),
(611, 6, 67, 'd', NULL, NULL, 0, 'F51:D21:A40', 1202, 'B', 'B9C'),
(612, 6, 92, 'b', NULL, NULL, 0, 'F51:D21:A40', 1221, 'B', 'B9C'),
(613, 1, 224, 'c', NULL, NULL, 0, 'D4:Q1:A40', 764, 'F & B', 'B10C'),
(614, 1, 261, 'e', NULL, NULL, 0, 'D4:Q1:A40', 775, 'F & B & Fr', 'B10C'),
(615, 1, 265, 'a', NULL, NULL, 0, 'D4:Q1:A40', 776, 'F & B & Fr & L', 'B10C'),
(616, 1, 282, 'b', NULL, NULL, 0, 'D4:Q1:A40', 781, 'H', 'B10C'),
(617, 1, 295, 'c', NULL, NULL, 0, 'D4:Q1:A40', 783, 'H', 'B10C'),
(618, 1, 299, 'd', NULL, NULL, 0, 'D4:Q1:A40', 786, 'H', 'B10C'),
(619, 1, 307, 'f', NULL, NULL, 0, 'D4:Q1:A40', 788, 'H', 'B10C'),
(620, 1, 309, 'n', NULL, NULL, 0, 'D4:Q1:A40', 788, 'H', 'B10C'),
(621, 1, 309, 'o', NULL, NULL, 0, 'D4:Q1:A40', 788, 'H', 'B10C'),
(622, 5, 183, 'f', NULL, NULL, 0, 'D4:Q1:A40', 1118, 'Fr', 'B10C'),
(623, 6, 359, 'j', NULL, NULL, 0, 'D4:Q1:A40', 1442, 'Fr', 'B10C'),
(624, 7, 37, 'o', NULL, NULL, 0, 'D4:Q1:A40', 1551, 'H', 'B10C'),
(625, 7, 38, 'd', NULL, NULL, 0, 'D4:Q1:A40', 1551, 'H', 'B10C'),
(626, 7, 40, 'h', NULL, NULL, 0, 'D4:Q1:A40', 1552, 'H', 'B10C'),
(627, 7, 40, 'h', NULL, NULL, 0, 'D4:Q1:A40', 1552, 'H', 'B10C'),
(628, 7, 41, 'c', NULL, NULL, 0, 'D4:Q1:A40', 1553, 'H', 'B10C'),
(629, 7, 42, 'l', NULL, NULL, 0, 'D4:Q1:A40', 1553, 'H', 'B10C'),
(630, 7, 43, 'j', NULL, NULL, 0, 'D4:Q1:A40', 1553, 'H', 'B10C'),
(631, 8, 48, NULL, 134, 'b', 0, 'D4:Q1:A40', 213, 'Fr & B', 'B10C'),
(632, 8, 90, NULL, 144, 'a', 0, 'D4:Q1:A40', 215, 'Fr & B', 'B10C'),
(633, 8, 96, NULL, 146, 'a', 0, 'D4:Q1:A40', 215, 'Fr & B', 'B10C'),
(634, 8, 132, NULL, 155, 'a', 0, 'D4:Q1:A40', 217, 'Fr & B', 'B10C'),
(635, 8, 160, NULL, 168, 'a', 0, 'D4:Q1:A40', 219, 'Fr & B', 'B10C'),
(636, 8, 162, NULL, 169, 'a', 0, 'D4:Q1:A40', 219, 'Fr & B', 'B10C'),
(637, 8, 165, NULL, 172, 'a', 0, 'D4:Q1:A40', 219, 'Fr & B', 'B10C'),
(638, 8, 165, NULL, 0, 'a', 0, 'D4:Q1:A40', 219, 'unknown', 'B10C'),
(639, 8, 165, NULL, 0, 'a', 0, 'D4:Q1:A40', 219, 'unknown', 'B10C'),
(640, 8, 167, NULL, 173, 'a', 0, 'D4:Q1:A40', 219, 'Fr & B', 'B10C'),
(641, 8, 171, NULL, 177, 'a', 0, 'D4:Q1:A40', 219, 'Fr & B', 'B10C'),
(642, 8, 173, NULL, 179, 'a', 0, 'D4:Q1:A40', 219, 'Fr & B', 'B10C'),
(643, 8, 183, NULL, 186, 'b', 0, 'D4:Q1:A40', 219, 'Fr & B', 'B10C'),
(644, 8, 335, NULL, 658, 'b', 0, 'D4:Q1:A40', 374, 'L & B', 'B10C'),
(645, 8, 418, NULL, 1976, 'a', 0, 'D4:Q1:A40', 670, 'Fr & H', 'B10C'),
(646, 8, 420, NULL, 1978, 'b', 0, 'D4:Q1:A40', 670, 'Fr & H', 'B10C'),
(647, 1, 224, 'c', NULL, NULL, 0, 'Q1:D4:A40', 764, 'F & B', 'B10C'),
(648, 1, 310, 'b', NULL, NULL, 0, 'Q1:D4:A40', 788, 'H', 'B10C'),
(649, 8, 162, NULL, 168, 'd', 0, 'Q1:D4:A40', 219, 'Fr & B', 'B10C'),
(650, 8, 162, NULL, 169, 'a', 0, 'Q1:D4:A40', 219, 'Fr & B', 'B10C'),
(651, 8, 162, NULL, 169, 'c', 0, 'Q1:D4:A40', 219, 'Fr & B', 'B10C'),
(652, 8, 170, NULL, 176, 'a', 0, 'Q1:D4:A40', 219, 'Fr & B', 'B10C'),
(653, 8, 183, NULL, 186, 'b', 0, 'Q1:D4:A40', 219, 'Fr & B', 'B10C'),
(654, 8, 335, NULL, 658, 'b', 0, 'Q1:D4:A40', 374, 'L & B', 'B10C'),
(655, 8, 340, NULL, 754, 'b', 0, 'Q1:D4:A40', 422, 'L & B', 'B10C'),
(656, 8, 341, NULL, 758, 'c', 0, 'Q1:D4:A40', 422, 'L & B', 'B10C'),
(657, 8, 341, NULL, 759, 'b', 0, 'Q1:D4:A40', 422, 'L & B', 'B10C'),
(658, 8, 383, NULL, 898, 'a', 0, 'Q1:D4:A40', 468, 'L', 'B10C'),
(659, 8, 429, NULL, 2016, 'a', 0, 'Q1:D4:A40', 676, 'L', 'B10C'),
(660, 8, 414, NULL, 1973, 'a', 0, 'D4:(Q1*A40)', 670, 'Fr & H', 'B10C'),
(661, 8, 165, NULL, 0, 'a', 0, 'Q1:D4:A43', 219, 'unknown', 'B10C'),
(662, 8, 383, NULL, 898, 'a', 0, 'Q1:D4:A43', 468, 'L', 'B10C'),
(663, 4, 342, 'a', NULL, NULL, 0, 'D4:Q1*A43', 1054, 'Fr', 'B10C'),
(664, 4, 342, 'c', NULL, NULL, 0, 'D4:Q1*A43', 1054, 'Fr', 'B10C'),
(665, 6, 359, 'e', NULL, NULL, 0, 'D4:Q1*A43', 1442, 'Fr', 'B10C'),
(666, 6, 360, 'j', NULL, NULL, 0, 'D4:Q1*A43', 1442, 'Fr', 'B10C'),
(667, 6, 360, 'l', NULL, NULL, 0, 'D4:Q1*A43', 1442, 'Fr', 'B10C'),
(668, 8, 422, NULL, 1980, 'b', 0, 'D4:Q1*A43', 670, 'Fr & H', 'B10C'),
(669, 8, 162, NULL, 169, 'd', 0, 'D4:Q1', 219, 'Fr & B', 'B10C'),
(670, 8, 383, NULL, 898, 'a', 0, 'D4:Q1', 468, 'L', 'B10C'),
(671, 8, 332, NULL, 651, 'c', 0, 'D4:Q1', 372, 'L', 'B10C'),
(672, 1, 261, 'e', NULL, NULL, 0, 'F51:D21:A40', 775, 'F & B & Fr', 'B10C'),
(673, 8, 340, NULL, 754, 'b', 0, 'F51:D21:A40', 422, 'L & B', 'B10C'),
(674, 1, 261, 'e', NULL, NULL, 0, 'F51*D21:A40', 775, 'F & B & Fr', 'B10C'),
(675, 8, 435, NULL, 2097, 'a', 0, 'Q1:D4:A40', 690, 'L', 'B11C'),
(676, 1, 107, 'b', NULL, NULL, 0, 'D4:Q1:A40', 746, 'H & B', 'B12C'),
(677, 1, 112, 'c', NULL, NULL, 0, 'D4:Q1:A40', 747, 'H & B', 'B12C'),
(678, 1, 115, 'c', NULL, NULL, 0, 'D4:Q1:A40', 747, 'H & B', 'B12C'),
(679, 1, 117, 'a', NULL, NULL, 0, 'D4:Q1:A40', 747, 'H & B', 'B12C'),
(680, 1, 120, 'e', NULL, NULL, 0, 'D4:Q1:A40', 747, 'H & B', 'B12C'),
(681, 1, 127, 'a', NULL, NULL, 0, 'D4:Q1:A40', 748, 'B', 'B12C'),
(682, 1, 135, 'a', NULL, NULL, 0, 'D4:Q1:A40', 750, 'B', 'B12C'),
(683, 1, 141, 'b', NULL, NULL, 0, 'D4:Q1:A40', 750, 'B', 'B12C'),
(684, 1, 142, 'b', NULL, NULL, 0, 'D4:Q1:A40', 750, 'B', 'B12C'),
(685, 1, 150, 'd', NULL, NULL, 0, 'D4:Q1:A40', 751, 'B', 'B12C'),
(686, 1, 151, 'b', NULL, NULL, 0, 'D4:Q1:A40', 751, 'B', 'B12C'),
(687, 1, 154, 'b', NULL, NULL, 0, 'D4:Q1:A40', 751, 'B', 'B12C'),
(688, 1, 155, 'b', NULL, NULL, 0, 'D4:Q1:A40', 751, 'B', 'B12C'),
(689, 1, 156, 'g', NULL, NULL, 0, 'D4:Q1:A40', 751, 'B', 'B12C'),
(690, 1, 157, 'd', NULL, NULL, 0, 'D4:Q1:A40', 752, 'B', 'B12C'),
(691, 1, 224, 'c', NULL, NULL, 0, 'D4:Q1:A40', 764, 'Fr', 'B12C'),
(692, 7, 286, 'b', NULL, NULL, 0, 'D4:Q1:A40', 1751, 'Bo', 'B12C'),
(693, 7, 298, 'a', NULL, NULL, 0, 'D4:Q1:A40', 1760, 'Bo', 'B12C'),
(694, 7, 299, 'c', NULL, NULL, 0, 'D4:Q1:A40', 1761, 'Bo', 'B12C'),
(695, 7, 300, 'a', NULL, NULL, 0, 'D4:Q1:A40', 1762, 'unknown', 'B12C'),
(696, 7, 303, 'a', NULL, NULL, 0, 'D4:Q1:A40', 1765, 'Bo', 'B12C'),
(697, 7, 329, 'b', NULL, NULL, 0, 'D4:Q1:A40', 1782, 'Bo', 'B12C'),
(698, 7, 343, 'c', NULL, NULL, 0, 'D4:Q1:A40', 1787, 'Bo', 'B12C'),
(699, 7, 354, 'e', NULL, NULL, 0, 'D4:Q1:A40', 1796, 'Bo', 'B12C'),
(700, 1, 107, 'b', NULL, NULL, 0, 'D4:(Q1*A40)', 746, 'H & B', 'B12C'),
(701, 7, 284, 'b', NULL, NULL, 0, 'D4:(Q1*A40)', 1750, 'Bo', 'B12C'),
(702, 7, 290, 'a', NULL, NULL, 0, 'D4:(Q1*A40)', 1754, 'Bo', 'B12C'),
(703, 7, 302, 'd', NULL, NULL, 0, 'D4:(Q1*A40)', 1764, 'Bo', 'B12C'),
(704, 7, 349, 'd', NULL, NULL, 0, 'D4:(Q1*A40)', 1793, 'Bo', 'B12C'),
(705, 7, 352, 'b', NULL, NULL, 0, 'D4:(Q1*A40)', 1794, 'Bo', 'B12C'),
(706, 7, 302, 'd', NULL, NULL, 0, '(D4:Q1)*A40', 1745, 'unknown', 'B12C'),
(707, 7, 346, 'b', NULL, NULL, 0, 'D4*(Q1:A40)', 1790, 'unknown', 'B12C'),
(708, 1, 122, 'b', NULL, NULL, 0, 'Q1:D4:R8', 748, 'B', 'B12C'),
(709, 7, 121, 'e', NULL, NULL, 0, 'D4:Q1:A40', 1631, 'F', 'B13C'),
(710, 1, 107, 'b', NULL, NULL, 0, 'D4:(Q1*A40)', 746, 'F', 'B13C'),
(711, 1, 112, 'c', NULL, NULL, 0, 'D4:(Q1*A40)', 747, 'H & F', 'B13C'),
(712, 1, 142, 'b', NULL, NULL, 0, 'D4:(Q1*A40)', 750, 'H & Fr', 'B13C'),
(713, 1, 150, 'd', NULL, NULL, 0, 'D4:(Q1*A40)', 751, 'H & Fr', 'B13C'),
(714, 1, 155, 'b', NULL, NULL, 0, 'D4:(Q1*A40)', 751, 'H & Fr', 'B13C'),
(715, 1, 156, 'g', NULL, NULL, 0, 'D4:(Q1*A40)', 751, 'H & Fr', 'B13C'),
(716, 7, 286, 'b', NULL, NULL, 0, 'D4:(Q1*A40)', 1751, 'Bo', 'B13C'),
(717, 7, 290, 'a', NULL, NULL, 0, 'D4:(Q1*A40)', 1754, 'Bo', 'B13C'),
(718, 7, 299, 'c', NULL, NULL, 0, 'D4:(Q1*A40)', 1761, 'Bo', 'B13C'),
(719, 7, 300, 'a', NULL, NULL, 0, 'D4:(Q1*A40)', 1762, 'unknown', 'B13C'),
(720, 7, 302, 'd', NULL, NULL, 0, 'D4:(Q1*A40)', 1764, 'Bo', 'B13C'),
(721, 7, 303, 'a', NULL, NULL, 0, 'D4:(Q1*A40)', 1765, 'Bo', 'B13C'),
(722, 7, 349, 'd', NULL, NULL, 0, 'D4:(Q1*A40)', 1793, 'Bo', 'B13C'),
(723, 7, 346, 'b', NULL, NULL, 0, '(D4:Q1)*A40', 1790, 'unknown', 'B13C'),
(724, 1, 151, 'b', NULL, NULL, 0, 'D4:Q1*X1:A40', 751, 'H & Fr', 'B13C'),
(725, 7, 300, 'a', NULL, NULL, 0, 'D4:Q1', 1762, 'unknown', 'B13C'),
(726, 7, 284, 'b', NULL, NULL, 0, 'F51:D21:A40', 1750, 'Bo', 'B13C'),
(727, 1, 53, 'a', NULL, NULL, 0, 'D4:Q1:A40', 732, 'L', 'B15C'),
(728, 1, 12, 'd', NULL, NULL, 0, 'Q1:D4:A40', 718, 'L', 'B15C'),
(729, 4, 373, 'a', NULL, NULL, 0, 'Q1:D4:A40', 1059, 'unknown', 'B15C'),
(730, 4, 372, 'a', NULL, NULL, 0, 'D4:A40', 1059, 'unknown', 'B15C'),
(731, 4, 371, 'a', NULL, NULL, 0, 'F51:D21:A40', 1059, 'unknown', 'B15C'),
(732, 1, 112, 'c', NULL, NULL, 0, 'D4:Q1:A40', 747, 'B & Fr', 'B16C'),
(733, 1, 115, 'c', NULL, NULL, 0, 'D4:Q1:A40', 747, 'B & Fr', 'B16C'),
(734, 1, 117, 'a', NULL, NULL, 0, 'D4:Q1:A40', 747, 'B & Fr', 'B16C'),
(735, 1, 122, 'b', NULL, NULL, 0, 'D4:Q1:A40', 748, 'Fr', 'B16C'),
(736, 1, 127, 'a', NULL, NULL, 0, 'D4:Q1:A40', 748, 'Fr', 'B16C'),
(737, 1, 135, 'a', NULL, NULL, 0, 'D4:Q1:A40', 750, 'Fr', 'B16C'),
(738, 1, 142, 'b', NULL, NULL, 0, 'D4:Q1:A40', 750, 'Fr', 'B16C'),
(739, 1, 150, 'd', NULL, NULL, 0, 'D4:Q1:A40', 751, 'Fr', 'B16C'),
(740, 1, 155, 'b', NULL, NULL, 0, 'D4:Q1:A40', 751, 'Fr', 'B16C'),
(741, 1, 141, 'b', NULL, NULL, 0, 'Q1:D4:A40', 750, 'Fr', 'B16C'),
(742, 1, 154, 'b', NULL, NULL, 0, 'Q1:D4:A40', 751, 'Fr', 'B16C'),
(743, 1, 156, 'g', NULL, NULL, 0, 'Q1:D4:A40', 751, 'Fr', 'B16C'),
(744, 8, 13, NULL, 43, 'b', 0, 'D4:Q1', 62, 'H', 'B16C'),
(745, 8, 13, NULL, 44, 'c', 0, 'D4:Q1', 63, 'H', 'B16C'),
(746, 8, 332, NULL, 649, 'b', 0, 'D4:Q1', 371, 'F', 'B16C'),
(747, 2, 295, 'b', NULL, NULL, 0, 'D4:Q1:A40', 869, 'L', 'B17C'),
(748, 5, 322, 'l', NULL, NULL, 0, 'Q1:D4:A40', 1167, 'L', 'B17C'),
(749, 5, 325, 'g', NULL, NULL, 0, 'Q1:D4:A40', 1168, 'L', 'B17C'),
(750, 1, 224, 'c', NULL, NULL, 0, 'D4:(Q1*A40)', 764, 'Fr', 'B17C'),
(751, 5, 323, 'd', NULL, NULL, 0, 'F51:D21:A40', 1168, 'L', 'B17C'),
(752, 8, 448, NULL, 0, 'a', 0, 'F51:D21:A40', 1, 'unknown', 'B17C'),
(753, 8, 448, NULL, 0, 'f', 0, 'F51:D21:A40', 1, 'unknown', 'B17C'),
(754, 8, 451, NULL, 0, 'f', 0, 'F51:D21', 1, 'unknown', 'B17C'),
(755, 8, 86, NULL, 143, 'a', 0, 'D4:Q1:A40', 215, 'Bo', 'B19C'),
(756, 8, 92, NULL, 145, 'b', 0, 'D4:Q1:A40', 215, 'Bo', 'B19C'),
(757, 8, 96, NULL, 146, 'a', 0, 'D4:Q1:A40', 215, 'Bo', 'B19C'),
(758, 8, 48, NULL, 134, 'b', 0, 'D4:Q1', 213, 'Bo', 'B19C');
INSERT INTO `spelling` (`id`, `vol`, `page`, `section`, `pyr_page`, `pyr_sect`, `is_locution`, `type`, `spell`, `position`, `document`) VALUES
(759, 1, 155, 'b', NULL, NULL, 0, 'D4:(Q1*A40)', 751, 'X', 'B20C'),
(760, 2, 291, 'b', NULL, NULL, 0, 'D4:Q1:A40', 869, 'H', 'B1L'),
(761, 3, 89, 'g', NULL, NULL, 0, 'D4:Q1:A40', 901, 'B & Fr', 'B1L'),
(762, 5, 357, 'XX', NULL, NULL, 0, 'D4:Q1:A40', 1180, 'Fr', 'B1L'),
(763, 6, 328, 'd', NULL, NULL, 0, 'D4:Q1:A40', 1409, 'B', 'B1L'),
(764, 7, 284, 'a', NULL, NULL, 0, 'D4:Q1:A40', 1750, 'Bo', 'B1L'),
(765, 7, 284, 'b', NULL, NULL, 0, 'D4:Q1:A40', 1750, 'Bo', 'B1L'),
(766, 7, 286, 'b', NULL, NULL, 0, 'Q1:D4:A40', 1751, 'Bo', 'B1L'),
(767, 7, 290, 'a', NULL, NULL, 0, 'Q1:D4:A40', 1754, 'Bo', 'B1L'),
(768, 7, 300, 'a', NULL, NULL, 0, 'Q1:D4:A40', 1762, 'Bo', 'B1L'),
(769, 7, 302, 'b', NULL, NULL, 0, 'Q1:D4:A40', 1764, 'unknown', 'B1L'),
(770, 7, 303, 'a', NULL, NULL, 0, 'Q1:D4:A40', 1765, 'Bo', 'B1L'),
(771, 7, 357, 'b', NULL, NULL, 0, 'Q1:D4:A40', 1799, 'Bo', 'B1L'),
(772, 7, 451, 'a', NULL, NULL, 0, 'D4:(Q1*A40)', 1833, 'Bo', 'B1L'),
(773, 7, 453, 'd', NULL, NULL, 0, 'D4:(Q1*A40)', 1835, 'unknown', 'B1L'),
(774, 5, 331, 'j', NULL, NULL, 0, 'Q1*(D4:A40)', 1172, 'B', 'B1L'),
(775, 7, 346, 'b', NULL, NULL, 0, '(D4:Q1)*A40', 1790, 'unknown', 'B1L'),
(776, 7, 301, 'c', NULL, NULL, 0, '(Q1:D4)*A40', 1763, 'Bo', 'B1L'),
(777, 7, 452, 'c', NULL, NULL, 0, '(Q1:D4)*A40', 1833, 'Bo', 'B1L'),
(778, 1, 107, 'b', NULL, NULL, 0, 'F51:D21:A40', 746, 'B', 'B1L'),
(779, 1, 112, 'c', NULL, NULL, 0, 'F51:D21:A40', 747, 'B', 'B1L'),
(780, 1, 115, 'c', NULL, NULL, 0, 'F51:D21:A40', 747, 'B', 'B1L'),
(781, 1, 117, 'a', NULL, NULL, 0, 'F51:D21:A40', 747, 'B', 'B1L'),
(782, 1, 119, 'd', NULL, NULL, 0, 'F51:D21:A40', 747, 'B', 'B1L'),
(783, 1, 120, 'e', NULL, NULL, 0, 'F51:D21:A40', 747, 'B', 'B1L'),
(784, 1, 122, 'b', NULL, NULL, 0, 'F51:D21:A40', 748, 'B', 'B1L'),
(785, 1, 127, 'a', NULL, NULL, 0, 'F51:D21:A40', 748, 'B', 'B1L'),
(786, 1, 135, 'a', NULL, NULL, 0, 'F51:D21:A40', 750, 'B', 'B1L'),
(787, 2, 67, 'c', NULL, NULL, 0, 'F51:D21:A40', 808, 'Fr', 'B1L'),
(788, 2, 68, 'b', NULL, NULL, 0, 'F51:D21:A40', 808, 'Fr', 'B1L'),
(789, 2, 69, 'a', NULL, NULL, 0, 'F51:D21:A40', 808, 'Fr', 'B1L'),
(790, 2, 70, 'a', NULL, NULL, 0, 'F51:D21:A40', 808, 'Fr', 'B1L'),
(791, 2, 70, 'c', NULL, NULL, 0, 'F51:D21:A40', 808, 'Fr', 'B1L'),
(792, 2, 71, 'b', NULL, NULL, 0, 'F51:D21:A40', 808, 'Fr', 'B1L'),
(793, 2, 77, 'a', NULL, NULL, 0, 'F51:D21:A40', 810, 'Fr', 'B1L'),
(794, 2, 77, 'd', NULL, NULL, 0, 'F51:D21:A40', 810, 'Fr', 'B1L'),
(795, 2, 79, 'c', NULL, NULL, 0, 'F51:D21:A40', 810, 'Fr', 'B1L'),
(796, 2, 81, 'b', NULL, NULL, 0, 'F51:D21:A40', 810, 'Fr', 'B1L'),
(797, 2, 311, 'b', NULL, NULL, 0, 'F51:D21:A40', 870, 'H', 'B1L'),
(798, 3, 85, 'j', NULL, NULL, 0, 'F51:D21:A40', 900, 'B', 'B1L'),
(799, 3, 89, 'd', NULL, NULL, 0, 'F51:D21:A40', 901, 'B & Fr', 'B1L'),
(800, 3, 89, 'e', NULL, NULL, 0, 'F51:D21:A40', 901, 'B & Fr', 'B1L'),
(801, 3, 99, 'f', NULL, NULL, 0, 'F51:D21:A40', 905, 'Fr', 'B1L'),
(802, 3, 202, 'j', NULL, NULL, 0, 'F51:D21:A40', 934, 'B', 'B1L'),
(803, 3, 268, 'a', NULL, NULL, 0, 'F51:D21:A40', 942, 'B', 'B1L'),
(804, 3, 274, 'b', NULL, NULL, 0, 'F51:D21:A40', 942, 'B', 'B1L'),
(805, 3, 276, 'b', NULL, NULL, 0, 'F51:D21:A40', 942, 'B', 'B1L'),
(806, 3, 278, 'b', NULL, NULL, 0, 'F51:D21:A40', 942, 'B', 'B1L'),
(807, 3, 291, 'a', NULL, NULL, 0, 'F51:D21:A40', 942, 'B', 'B1L'),
(808, 5, 256, 'c', NULL, NULL, 0, 'F51:D21:A40', 1133, 'F', 'B1L'),
(809, 5, 331, 'h', NULL, NULL, 0, 'F51:D21:A40', 1172, 'B', 'B1L'),
(810, 5, 332, 'd', NULL, NULL, 0, 'F51:D21:A40', 1173, 'B', 'B1L'),
(811, 6, 328, 'e', NULL, NULL, 0, 'F51:D21:A40', 1409, 'B', 'B1L'),
(812, 7, 282, 'b', NULL, NULL, 0, 'F51:D21:A40', 1749, 'Bo', 'B1L'),
(813, 7, 298, 'a', NULL, NULL, 0, 'F51:D21:A40', 1760, 'Bo', 'B1L'),
(814, 7, 301, 'g', NULL, NULL, 0, 'F51:D21:A40', 1763, 'Bo', 'B1L'),
(815, 7, 343, 'c', NULL, NULL, 0, 'F51:D21:A40', 1787, 'Bo', 'B1L'),
(816, 7, 356, 'b', NULL, NULL, 0, 'F51:D21:A40', 1799, 'Bo', 'B1L'),
(817, 7, 357, 'b', NULL, NULL, 0, 'F51:D21:A40', 1799, 'Bo', 'B1L'),
(818, 7, 358, 'd', NULL, NULL, 0, 'F51:D21:A40', 1799, 'Bo', 'B1L'),
(819, 7, 361, 'd', NULL, NULL, 0, 'F51:D21:A40', 1799, 'Bo', 'B1L'),
(820, 7, 385, 'b', NULL, NULL, 0, 'F51:D21:A40', 1812, 'Bo', 'B1L'),
(821, 7, 448, 'e', NULL, NULL, 0, 'F51:D21:A40', 1831, 'Bo', 'B1L'),
(822, 7, 451, 'c', NULL, NULL, 0, 'F51:D21:A40', 1833, 'Bo', 'B1L'),
(823, 7, 451, 'e', NULL, NULL, 0, 'F51:D21:A40', 1833, 'Bo', 'B1L'),
(824, 7, 452, 'f', NULL, NULL, 0, 'F51:D21:A40', 1833, 'Bo', 'B1L'),
(825, 7, 453, 'a', NULL, NULL, 0, 'F51:D21:A40', 1835, 'unknown', 'B1L'),
(826, 7, 453, 'b', NULL, NULL, 0, 'F51:D21:A40', 1835, 'unknown', 'B1L'),
(827, 7, 455, 'c', NULL, NULL, 0, 'F51:D21:A40', 1839, 'Bo', 'B1L'),
(828, 7, 455, 'c', NULL, NULL, 0, 'F51:D21:A40', 1839, 'Bo', 'B1L'),
(829, 7, 471, 'd', NULL, NULL, 0, 'F51:D21:A40', 1844, 'Bo', 'B1L'),
(830, 7, 358, 'd', NULL, NULL, 0, 'F51*D21:A40', 1799, 'Bo', 'B1L'),
(831, 7, 363, 'a', NULL, NULL, 0, 'F51*D21:A40', 1800, 'Bo', 'B1L'),
(832, 3, 278, 'a', NULL, NULL, 0, '(F51:D21)*A40', 942, 'B', 'B1L'),
(833, 6, 234, 'h', NULL, NULL, 0, '(F51:D21)*A40', 1333, 'Fr', 'B1L'),
(834, 7, 357, 'b', NULL, NULL, 0, '(F51:D21)*A40', 1799, 'Bo', 'B1L'),
(835, 7, 357, 'b', NULL, NULL, 0, '(F51:D21)*A40', 1799, 'Bo', 'B1L'),
(836, 5, 256, 'e', NULL, NULL, 0, 'F51:D21', 1133, 'F', 'B1L'),
(837, 2, 38, 'h', NULL, NULL, 0, 'D4:Q1:A40', 794, 'B', 'B2L'),
(838, 3, 261, 'd', NULL, NULL, 0, 'D4:Q1:A40', 941, 'F', 'B2L'),
(839, 3, 262, 'c', NULL, NULL, 0, 'D4:Q1:A40', 941, 'F', 'B2L'),
(840, 3, 264, 'c', NULL, NULL, 0, 'D4:Q1:A40', 941, 'F', 'B2L'),
(841, 3, 275, 'b', NULL, NULL, 0, 'D4:Q1:A40', 942, 'F & B & L', 'B2L'),
(842, 3, 279, 'b', NULL, NULL, 0, 'D4:Q1:A40', 942, 'F & B & L', 'B2L'),
(843, 5, 26, 'f', NULL, NULL, 0, 'D4:Q1:A40', 1079, 'H', 'B2L'),
(844, 7, 357, 'b', NULL, NULL, 0, 'D4:Q1:A40', 1799, 'Bo', 'B2L'),
(845, 7, 363, 'a', NULL, NULL, 0, 'D4:Q1:A40', 1800, 'Bo', 'B2L'),
(846, 7, 301, 'c', NULL, NULL, 0, 'Q1:D4:A40', 1763, 'Bo', 'B2L'),
(847, 7, 301, 'g', NULL, NULL, 0, 'Q1:D4:A40', 1763, 'Bo', 'B2L'),
(848, 7, 302, 'b', NULL, NULL, 0, 'Q1:D4:A40', 1764, 'unknown', 'B2L'),
(849, 7, 303, 'a', NULL, NULL, 0, 'Q1:D4:A40', 1765, 'Bo', 'B2L'),
(850, 7, 357, 'b', NULL, NULL, 0, 'Q1:D4:A40', 1799, 'Bo', 'B2L'),
(851, 2, 40, 'h', NULL, NULL, 0, 'D4:(Q1*A40)', 794, 'B', 'B2L'),
(852, 2, 130, 'b', NULL, NULL, 0, 'D4:(Q1*A40)', 827, 'Bo', 'B2L'),
(853, 3, 269, 'a', NULL, NULL, 0, 'D4:(Q1*A40)', 942, 'F & B & L', 'B2L'),
(854, 3, 277, 'b', NULL, NULL, 0, 'D4:(Q1*A40)', 942, 'F & B & L', 'B2L'),
(855, 5, 26, 'i', NULL, NULL, 0, 'D4:(Q1*A40)', 1079, 'H', 'B2L'),
(856, 5, 31, 'c', NULL, NULL, 0, 'D4:(Q1*A40)', 1083, 'H', 'B2L'),
(857, 7, 284, 'b', NULL, NULL, 0, 'D4:(Q1*A40)', 1750, 'Bo', 'B2L'),
(858, 7, 352, 'b', NULL, NULL, 0, 'D4:(Q1*A40)', 1794, 'Bo', 'B2L'),
(859, 7, 356, 'b', NULL, NULL, 0, 'D4:(Q1*A40)', 1799, 'Bo', 'B2L'),
(860, 7, 365, 'f', NULL, NULL, 0, 'D4:(Q1*A40)', 1801, 'Bo', 'B2L'),
(861, 7, 385, 'b', NULL, NULL, 0, 'D4:(Q1*A40)', 1812, 'Bo', 'B2L'),
(862, 7, 349, 'd', NULL, NULL, 0, 'Q1*(D4:A40)', 1793, 'Bo', 'B2L'),
(863, 7, 346, 'b', NULL, NULL, 0, 'D4*(Q1:A40)', 1790, 'unknown', 'B2L'),
(864, 1, 348, 'd', NULL, NULL, 0, 'F51:D21:A40', 789, 'Fr', 'B2L'),
(865, 1, 350, 'b', NULL, NULL, 0, 'F51:D21:A40', 789, 'Fr', 'B2L'),
(866, 1, 364, 'a', NULL, NULL, 0, 'F51:D21:A40', 789, 'Fr', 'B2L'),
(867, 1, 396, 'b', NULL, NULL, 0, 'F51:D21:A40', 789, 'Fr', 'B2L'),
(868, 2, 41, 'i', NULL, NULL, 0, 'F51:D21:A40', 794, 'B', 'B2L'),
(869, 2, 48, 'a', NULL, NULL, 0, 'F51:D21:A40', 797, 'B', 'B2L'),
(870, 2, 108, 'd', NULL, NULL, 0, 'F51:D21:A40', 816, 'H', 'B2L'),
(871, 2, 109, 'b', NULL, NULL, 0, 'F51:D21:A40', 817, 'unknown', 'B2L'),
(872, 3, 48, 'd', NULL, NULL, 0, 'F51:D21:A40', 887, 'B', 'B2L'),
(873, 3, 53, 'd', NULL, NULL, 0, 'F51:D21:A40', 887, 'B', 'B2L'),
(874, 3, 61, 'e', NULL, NULL, 0, 'F51:D21:A40', 889, 'L', 'B2L'),
(875, 3, 181, 'a', NULL, NULL, 0, 'F51:D21:A40', 929, 'L', 'B2L'),
(876, 3, 268, 'a', NULL, NULL, 0, 'F51:D21:A40', 942, 'F & B & L', 'B2L'),
(877, 3, 274, 'b', NULL, NULL, 0, 'F51:D21:A40', 942, 'F & B & L', 'B2L'),
(878, 3, 276, 'b', NULL, NULL, 0, 'F51:D21:A40', 942, 'F & B & L', 'B2L'),
(879, 3, 278, 'a', NULL, NULL, 0, 'F51:D21:A40', 942, 'F & B & L', 'B2L'),
(880, 3, 278, 'b', NULL, NULL, 0, 'F51:D21:A40', 942, 'F & B & L', 'B2L'),
(881, 3, 280, 'a', NULL, NULL, 0, 'F51:D21:A40', 942, 'F & B & L', 'B2L'),
(882, 3, 291, 'a', NULL, NULL, 0, 'F51:D21:A40', 942, 'F & B & L', 'B2L'),
(883, 3, 292, 'b', NULL, NULL, 0, 'F51:D21:A40', 942, 'F & B & L', 'B2L'),
(884, 4, 136, 'e', NULL, NULL, 0, 'F51:D21:A40', 1032, 'B', 'B2L'),
(885, 4, 139, 'a', NULL, NULL, 0, 'F51:D21:A40', 1032, 'B', 'B2L'),
(886, 4, 370, 'b', NULL, NULL, 0, 'F51:D21:A40', 1059, 'L', 'B2L'),
(887, 4, 371, 'a', NULL, NULL, 0, 'F51:D21:A40', 1059, 'L', 'B2L'),
(888, 4, 373, 'a', NULL, NULL, 0, 'F51:D21:A40', 1059, 'L', 'B2L'),
(889, 4, 392, 'c', NULL, NULL, 0, 'F51:D21:A40', 1067, 'L', 'B2L'),
(890, 4, 396, 'b', NULL, NULL, 0, 'F51:D21:A40', 1067, 'L', 'B2L'),
(891, 5, 8, 'c', NULL, NULL, 0, 'F51:D21:A40', 1070, 'L', 'B2L'),
(892, 5, 12, 'd', NULL, NULL, 0, 'F51:D21:A40', 1073, 'L', 'B2L'),
(893, 5, 13, 'c', NULL, NULL, 0, 'F51:D21:A40', 1073, 'L', 'B2L'),
(894, 5, 32, 'j', NULL, NULL, 0, 'F51:D21:A40', 1084, 'H', 'B2L'),
(895, 5, 323, 'd', NULL, NULL, 0, 'F51:D21:A40', 1168, 'F', 'B2L'),
(896, 5, 325, 'g', NULL, NULL, 0, 'F51:D21:A40', 1168, 'F', 'B2L'),
(897, 5, 326, 'c', NULL, NULL, 0, 'F51:D21:A40', 1168, 'F', 'B2L'),
(898, 6, 63, 'g', NULL, NULL, 0, 'F51:D21:A40', 1200, 'L', 'B2L'),
(899, 6, 63, 'j', NULL, NULL, 0, 'F51:D21:A40', 1200, 'L', 'B2L'),
(900, 6, 336, 'n', NULL, NULL, 0, 'F51:D21:A40', 1419, 'L', 'B2L'),
(901, 7, 282, 'b', NULL, NULL, 0, 'F51:D21:A40', 1749, 'Bo', 'B2L'),
(902, 7, 284, 'a', NULL, NULL, 0, 'F51:D21:A40', 1750, 'Bo', 'B2L'),
(903, 7, 286, 'b', NULL, NULL, 0, 'F51:D21:A40', 1751, 'Bo', 'B2L'),
(904, 7, 290, 'a', NULL, NULL, 0, 'F51:D21:A40', 1754, 'Bo', 'B2L'),
(905, 7, 298, 'a', NULL, NULL, 0, 'F51:D21:A40', 1760, 'Bo', 'B2L'),
(906, 7, 301, 'a', NULL, NULL, 0, 'F51:D21:A40', 1763, 'Bo', 'B2L'),
(907, 7, 301, 'c', NULL, NULL, 0, 'F51:D21:A40', 1763, 'Bo', 'B2L'),
(908, 7, 343, 'c', NULL, NULL, 0, 'F51:D21:A40', 1787, 'Bo', 'B2L'),
(909, 7, 358, 'd', NULL, NULL, 0, 'F51:D21:A40', 1799, 'Bo', 'B2L'),
(910, 7, 358, 'd', NULL, NULL, 0, 'F51:D21:A40', 1799, 'Bo', 'B2L'),
(911, 7, 364, 'f', NULL, NULL, 0, 'F51:D21:A40', 1801, 'Bo', 'B2L'),
(912, 7, 366, 'a', NULL, NULL, 0, 'F51:D21:A40', 1802, 'Bo', 'B2L'),
(913, 6, 334, 'l', NULL, NULL, 0, 'F51*D21:A40', 1417, 'L', 'B2L'),
(914, 2, 130, 'e', NULL, NULL, 0, '(F51:D21)*A40', 827, 'Bo', 'B2L'),
(915, 5, 322, 'l', NULL, NULL, 0, '(F51:D21)*A40', 1167, 'F', 'B2L'),
(916, 7, 300, 'c', NULL, NULL, 0, '(F51:D21)*A40', 1762, 'Bo', 'B2L'),
(917, 3, 50, 'a', NULL, NULL, 0, 'F51*D21*A40', 887, 'B', 'B2L'),
(918, 2, 67, 'c', NULL, NULL, 0, 'D4:Q1:A40', 808, 'L', 'B3L'),
(919, 2, 68, 'b', NULL, NULL, 0, 'D4:Q1:A40', 808, 'L', 'B3L'),
(920, 2, 69, 'a', NULL, NULL, 0, 'D4:Q1:A40', 808, 'L', 'B3L'),
(921, 2, 70, 'a', NULL, NULL, 0, 'D4:Q1:A40', 808, 'L', 'B3L'),
(922, 2, 70, 'c', NULL, NULL, 0, 'D4:Q1:A40', 808, 'L', 'B3L'),
(923, 2, 77, 'a', NULL, NULL, 0, 'D4:Q1:A40', 810, 'L', 'B3L'),
(924, 2, 81, 'b', NULL, NULL, 0, 'D4:Q1:A40', 810, 'L', 'B3L'),
(925, 3, 278, 'a', NULL, NULL, 0, 'D4:Q1:A40', 942, 'B', 'B3L'),
(926, 3, 278, 'b', NULL, NULL, 0, 'D4:Q1:A40', 942, 'B', 'B3L'),
(927, 3, 291, 'a', NULL, NULL, 0, 'D4:Q1:A40', 942, 'B', 'B3L'),
(928, 4, 55, 'g', NULL, NULL, 0, 'D4:Q1:A40', 1017, 'L', 'B3L'),
(929, 4, 56, 'c', NULL, NULL, 0, 'D4:Q1:A40', 1017, 'L', 'B3L'),
(930, 5, 331, 'h', NULL, NULL, 0, 'D4:Q1:A40', 1172, 'B', 'B3L'),
(931, 5, 385, 'n', NULL, NULL, 0, 'D4:Q1:A40', 1182, 'L', 'B3L'),
(932, 6, 69, 'd', NULL, NULL, 0, 'D4:Q1:A40', 1205, 'Fr & L', 'B3L'),
(933, 6, 72, 'd', NULL, NULL, 0, 'D4:Q1:A40', 1206, 'Fr & L', 'B3L'),
(934, 6, 81, 'b', NULL, NULL, 0, 'D4:Q1:A40', 1212, 'L', 'B3L'),
(935, 6, 81, 'c', NULL, NULL, 0, 'D4:Q1:A40', 1212, 'L', 'B3L'),
(936, 7, 282, 'b', NULL, NULL, 0, 'D4:Q1:A40', 1749, 'Bo', 'B3L'),
(937, 7, 284, 'a', NULL, NULL, 0, 'D4:Q1:A40', 1750, 'Bo', 'B3L'),
(938, 7, 385, 'b', NULL, NULL, 0, 'D4:Q1:A40', 1812, 'Bo', 'B3L'),
(939, 1, 112, 'c', NULL, NULL, 0, 'D4:(Q1*A40)', 747, 'B', 'B3L'),
(940, 1, 115, 'c', NULL, NULL, 0, 'D4:(Q1*A40)', 747, 'B', 'B3L'),
(941, 1, 117, 'a', NULL, NULL, 0, 'D4:(Q1*A40)', 747, 'B', 'B3L'),
(942, 1, 119, 'd', NULL, NULL, 0, 'D4:(Q1*A40)', 747, 'B', 'B3L'),
(943, 1, 120, 'e', NULL, NULL, 0, 'D4:(Q1*A40)', 747, 'B', 'B3L'),
(944, 1, 122, 'b', NULL, NULL, 0, 'D4:(Q1*A40)', 748, 'B', 'B3L'),
(945, 1, 127, 'a', NULL, NULL, 0, 'D4:(Q1*A40)', 748, 'B', 'B3L'),
(946, 1, 135, 'a', NULL, NULL, 0, 'D4:(Q1*A40)', 750, 'B', 'B3L'),
(947, 2, 71, 'b', NULL, NULL, 0, 'D4:(Q1*A40)', 808, 'L', 'B3L'),
(948, 2, 79, 'b', NULL, NULL, 0, 'D4:(Q1*A40)', 810, 'L', 'B3L'),
(949, 2, 80, 'a', NULL, NULL, 0, 'D4:(Q1*A40)', 810, 'L', 'B3L'),
(950, 3, 202, 'j', NULL, NULL, 0, 'D4:(Q1*A40)', 934, 'B', 'B3L'),
(951, 3, 268, 'a', NULL, NULL, 0, 'D4:(Q1*A40)', 942, 'B', 'B3L'),
(952, 3, 274, 'b', NULL, NULL, 0, 'D4:(Q1*A40)', 942, 'B', 'B3L'),
(953, 3, 276, 'b', NULL, NULL, 0, 'D4:(Q1*A40)', 942, 'B', 'B3L'),
(954, 5, 332, 'd', NULL, NULL, 0, 'D4:(Q1*A40)', 1173, 'B', 'B3L'),
(955, 5, 357, 'XX', NULL, NULL, 0, 'D4:(Q1*A40)', 1180, 'Fr', 'B3L'),
(956, 6, 68, 'a', NULL, NULL, 0, 'D4:(Q1*A40)', 1204, 'unknown', 'B3L'),
(957, 6, 69, 'd', NULL, NULL, 0, 'D4:(Q1*A40)', 1205, 'Fr & L', 'B3L'),
(958, 6, 71, 'f', NULL, NULL, 0, 'D4:(Q1*A40)', 1206, 'Fr & L', 'B3L'),
(959, 6, 72, 'd', NULL, NULL, 0, 'D4:(Q1*A40)', 1206, 'Fr & L', 'B3L'),
(960, 6, 83, 'b', NULL, NULL, 0, 'D4:(Q1*A40)', 1214, 'L', 'B3L'),
(961, 7, 451, 'a', NULL, NULL, 0, 'D4:(Q1*A40)', 1833, 'Bo', 'B3L'),
(962, 1, 107, 'b', NULL, NULL, 0, 'Q1*(D4:A40)', 746, 'B', 'B3L'),
(963, 5, 331, 'j', NULL, NULL, 0, 'Q1*(D4:A40)', 1172, 'B', 'B3L'),
(964, 3, 278, 'a', NULL, NULL, 0, 'F51:D21:A40', 942, 'B', 'B3L'),
(965, 7, 286, 'b', NULL, NULL, 0, 'F51:D21:A40', 1751, 'Bo', 'B3L'),
(966, 7, 300, 'c', NULL, NULL, 0, 'F51:D21:A40', 1762, 'Bo', 'B3L'),
(967, 7, 357, 'b', NULL, NULL, 0, 'F51:D21:A40', 1799, 'Bo', 'B3L'),
(968, 7, 361, 'd', NULL, NULL, 0, 'F51:D21:A40', 1799, 'Bo', 'B3L'),
(969, 7, 363, 'a', NULL, NULL, 0, 'F51:D21:A40', 1800, 'Bo', 'B3L'),
(970, 7, 364, 'f', NULL, NULL, 0, 'F51:D21:A40', 1801, 'Bo', 'B3L'),
(971, 7, 365, 'f', NULL, NULL, 0, 'F51:D21:A40', 1801, 'Bo', 'B3L'),
(972, 7, 448, 'e', NULL, NULL, 0, 'F51:D21:A40', 1831, 'Bo', 'B3L'),
(973, 7, 449, 'b', NULL, NULL, 0, 'F51:D21:A40', 1831, 'Bo', 'B3L'),
(974, 7, 451, 'c', NULL, NULL, 0, 'F51:D21:A40', 1833, 'Bo', 'B3L'),
(975, 7, 451, 'e', NULL, NULL, 0, 'F51:D21:A40', 1833, 'Bo', 'B3L'),
(976, 7, 452, 'c', NULL, NULL, 0, 'F51:D21:A40', 1833, 'Bo', 'B3L'),
(977, 7, 452, 'f', NULL, NULL, 0, 'F51:D21:A40', 1833, 'Bo', 'B3L'),
(978, 7, 453, 'a', NULL, NULL, 0, 'F51:D21:A40', 1835, 'Bo', 'B3L'),
(979, 7, 453, 'b', NULL, NULL, 0, 'F51*D21:A40', 1835, 'Bo', 'B3L'),
(980, 7, 349, 'd', NULL, NULL, 0, '(F51:D21)*A40', 1793, 'Bo', 'B3L'),
(981, 7, 454, 'c', NULL, NULL, 0, '(F51:D21)*A40', 1837, 'unknown', 'B3L'),
(982, 1, 122, 'b', NULL, NULL, 0, 'D4:Q1:A40', 748, 'F', 'B4L'),
(983, 2, 294, 'b', NULL, NULL, 0, 'D4:Q1:A40', 869, 'H & B', 'B4L'),
(984, 2, 302, 'c', NULL, NULL, 0, 'D4:Q1:A40', 869, 'H & B', 'B4L'),
(985, 7, 286, 'b', NULL, NULL, 0, 'D4:Q1:A40', 1751, 'Bo', 'B4L'),
(986, 7, 290, 'a', NULL, NULL, 0, 'D4:Q1:A40', 1754, 'Bo', 'B4L'),
(987, 7, 298, 'a', NULL, NULL, 0, 'D4:Q1:A40', 1760, 'Bo', 'B4L'),
(988, 7, 299, 'c', NULL, NULL, 0, 'D4:Q1:A40', 1761, 'Bo', 'B4L'),
(989, 7, 300, 'a', NULL, NULL, 0, 'D4:Q1:A40', 1762, 'unknown', 'B4L'),
(990, 7, 302, 'd', NULL, NULL, 0, 'D4:Q1:A40', 1764, 'Bo', 'B4L'),
(991, 7, 302, 'd', NULL, NULL, 0, 'D4:Q1:A40', 1745, 'unknown', 'B4L'),
(992, 7, 303, 'a', NULL, NULL, 0, 'D4:Q1:A40', 1765, 'Bo', 'B4L'),
(993, 7, 329, 'b', NULL, NULL, 0, 'D4:Q1:A40', 1782, 'Bo', 'B4L'),
(994, 7, 498, 'a', NULL, NULL, 0, 'D4:Q1:A40', 1862, 'Bo', 'B4L'),
(995, 7, 498, 'h', NULL, NULL, 0, 'D4:Q1:A40', 1862, 'Bo', 'B4L'),
(996, 7, 500, 'c', NULL, NULL, 0, 'D4:Q1:A40', 1864, 'Bo', 'B4L'),
(997, 7, 500, 'e', NULL, NULL, 0, 'D4:Q1:A40', 1864, 'Bo', 'B4L'),
(998, 7, 506, 'c', NULL, NULL, 0, 'D4:Q1:A40', 1876, 'Bo', 'B4L'),
(999, 1, 115, 'c', NULL, NULL, 0, 'Q1:D4:A40', 747, 'F', 'B4L'),
(1000, 1, 120, 'e', NULL, NULL, 0, 'Q1:D4:A40', 747, 'F', 'B4L'),
(1001, 1, 127, 'a', NULL, NULL, 0, 'Q1:D4:A40', 748, 'F', 'B4L'),
(1002, 1, 135, 'a', NULL, NULL, 0, 'Q1:D4:A40', 750, 'F & B', 'B4L'),
(1003, 1, 141, 'b', NULL, NULL, 0, 'Q1:D4:A40', 750, 'F & B', 'B4L'),
(1004, 1, 142, 'b', NULL, NULL, 0, 'Q1:D4:A40', 750, 'F & B', 'B4L'),
(1005, 1, 150, 'd', NULL, NULL, 0, 'Q1:D4:A40', 751, 'B', 'B4L'),
(1006, 2, 294, 'b', NULL, NULL, 0, 'D4:(Q1*A40)', 869, 'H & B', 'B4L'),
(1007, 2, 308, 'b', NULL, NULL, 0, 'D4:(Q1*A40)', 870, 'H & B', 'B4L'),
(1008, 7, 284, 'b', NULL, NULL, 0, 'D4:(Q1*A40)', 1750, 'Bo', 'B4L'),
(1009, 7, 498, 'e', NULL, NULL, 0, 'D4:(Q1*A40)', 1862, 'Bo', 'B4L'),
(1010, 7, 505, 'b', NULL, NULL, 0, 'D4:(Q1*A40)', 1874, 'Bo', 'B4L'),
(1011, 7, 505, 'd', NULL, NULL, 0, 'D4:(Q1*A40)', 1874, 'Bo', 'B4L'),
(1012, 1, 151, 'b', NULL, NULL, 0, 'Q1:D21:A40', 751, 'B', 'B4L'),
(1013, 1, 154, 'b', NULL, NULL, 0, 'Q1:D21:A40', 751, 'B', 'B4L'),
(1014, 1, 155, 'b', NULL, NULL, 0, 'Q1:D21:A40', 751, 'B', 'B4L'),
(1015, 1, 156, 'g', NULL, NULL, 0, 'Q1:D21:A40', 751, 'B', 'B4L'),
(1016, 1, 157, 'd', NULL, NULL, 0, 'Q1:D21:A40', 752, 'B', 'B4L'),
(1017, 7, 507, 'e', NULL, NULL, 0, 'Q1:D4:A43', 1878, 'Bo', 'B4L'),
(1018, 7, 505, 'f', NULL, NULL, 0, 'F51:D21:A40', 1874, 'Bo', 'B4L'),
(1019, 7, 505, 'g', NULL, NULL, 0, 'F51:D21:A40', 1874, 'Bo', 'B4L'),
(1020, 7, 504, 'e', NULL, NULL, 0, '(F51:D21)*A40', 1872, 'Bo', 'B4L'),
(1021, 1, 102, 'a', NULL, NULL, 0, 'D4:Q1:A40', 746, 'B', 'B1P'),
(1022, 1, 119, 'd', NULL, NULL, 0, 'D4:Q1:A40', 747, 'B', 'B1P'),
(1023, 4, 56, 'c', NULL, NULL, 0, 'D4:Q1:A40', 1017, 'Bo', 'B1P'),
(1024, 4, 371, 'a', NULL, NULL, 0, 'D4:Q1:A40', 1059, 'B', 'B1P'),
(1025, 6, 34, 'o', NULL, NULL, 0, 'D4:Q1:A40', 1191, 'Bo', 'B1P'),
(1026, 7, 363, 'a', NULL, NULL, 0, 'D4:Q1:A40', 1800, 'Bo', 'B1P'),
(1027, 7, 364, 'f', NULL, NULL, 0, 'D4:Q1:A40', 1801, 'Bo', 'B1P'),
(1028, 7, 498, 'h', NULL, NULL, 0, 'D4:Q1:A40', 1862, 'Bo', 'B1P'),
(1029, 7, 500, 'c', NULL, NULL, 0, 'D4:Q1:A40', 1864, 'Bo', 'B1P'),
(1030, 7, 500, 'e', NULL, NULL, 0, 'D4:Q1:A40', 1864, 'Bo', 'B1P'),
(1031, 7, 505, 'd', NULL, NULL, 0, 'D4:Q1:A40', 1874, 'Bo', 'B1P'),
(1032, 7, 506, 'c', NULL, NULL, 0, 'D4:Q1:A40', 1876, 'Bo', 'B1P'),
(1033, 7, 507, 'e', NULL, NULL, 0, 'D4:Q1:A40', 1878, 'Bo', 'B1P'),
(1034, 7, 357, 'b', NULL, NULL, 0, 'Q1:D4:A40', 1799, 'Bo', 'B1P'),
(1035, 7, 505, 'f', NULL, NULL, 0, 'Q1:D4:A40', 1874, 'Bo', 'B1P'),
(1036, 7, 505, 'g', NULL, NULL, 0, 'Q1:D4:A40', 1874, 'Bo', 'B1P'),
(1037, 4, 254, 'a', NULL, NULL, 0, 'D4:(Q1*A40)', 1049, 'F', 'B1P'),
(1038, 7, 356, 'd', NULL, NULL, 0, 'D4:(Q1*A40)', 1799, 'Bo', 'B1P'),
(1039, 7, 357, 'b', NULL, NULL, 0, 'D4:(Q1*A40)', 1799, 'Bo', 'B1P'),
(1040, 7, 358, 'd', NULL, NULL, 0, 'D4:(Q1*A40)', 1799, 'Bo', 'B1P'),
(1041, 7, 363, 'a', NULL, NULL, 0, 'D4:(Q1*A40)', 1800, 'Bo', 'B1P'),
(1042, 7, 365, 'f', NULL, NULL, 0, 'D4:(Q1*A40)', 1801, 'Bo', 'B1P'),
(1043, 7, 366, 'a', NULL, NULL, 0, 'D4:(Q1*A40)', 1802, 'unknown', 'B1P'),
(1044, 7, 472, 'i', NULL, NULL, 0, 'D4:(Q1*A40)', 1845, 'Bo', 'B1P'),
(1045, 7, 473, 'f', NULL, NULL, 0, 'D4:(Q1*A40)', 1845, 'Bo', 'B1P'),
(1046, 7, 494, 'g', NULL, NULL, 0, 'D4:(Q1*A40)', 1859, 'Bo', 'B1P'),
(1047, 7, 498, 'a', NULL, NULL, 0, 'D4:(Q1*A40)', 1862, 'Bo', 'B1P'),
(1048, 7, 498, 'e', NULL, NULL, 0, 'D4:(Q1*A40)', 1862, 'Bo', 'B1P'),
(1049, 7, 504, 'e', NULL, NULL, 0, 'D4:(Q1*A40)', 1872, 'Bo', 'B1P'),
(1050, 7, 505, 'b', NULL, NULL, 0, 'D4:(Q1*A40)', 1874, 'Bo', 'B1P'),
(1051, 7, 521, 'd', NULL, NULL, 0, 'D4:(Q1*A40)', 1899, 'Bo', 'B1P'),
(1052, 7, 520, 'l', NULL, NULL, 0, '(D4:Q1)*A40-retro', 1898, 'Bo', 'B1P'),
(1053, 1, 12, 'd', NULL, NULL, 0, 'F51:D21:A40', 718, 'H', 'B1P'),
(1054, 1, 29, 'b', NULL, NULL, 0, 'F51:D21:A40', 723, 'H', 'B1P'),
(1055, 1, 53, 'a', NULL, NULL, 0, 'F51:D21:A40', 732, 'B', 'B1P'),
(1056, 1, 64, 'b', NULL, NULL, 0, 'F51:D21:A40', 736, 'B', 'B1P'),
(1057, 1, 107, 'b', NULL, NULL, 0, 'F51:D21:A40', 746, 'B', 'B1P'),
(1058, 1, 112, 'c', NULL, NULL, 0, 'F51:D21:A40', 747, 'B', 'B1P'),
(1059, 1, 115, 'c', NULL, NULL, 0, 'F51:D21:A40', 747, 'B', 'B1P'),
(1060, 1, 117, 'a', NULL, NULL, 0, 'F51:D21:A40', 747, 'B', 'B1P'),
(1061, 1, 120, 'e', NULL, NULL, 0, 'F51:D21:A40', 747, 'B', 'B1P'),
(1062, 1, 122, 'b', NULL, NULL, 0, 'F51:D21:A40', 748, 'B', 'B1P'),
(1063, 1, 122, 'b', NULL, NULL, 0, 'F51:D21:A40', 748, 'B', 'B1P'),
(1064, 1, 127, 'a', NULL, NULL, 0, 'F51:D21:A40', 748, 'B', 'B1P'),
(1065, 1, 135, 'a', NULL, NULL, 0, 'F51:D21:A40', 750, 'B', 'B1P'),
(1066, 1, 135, 'b', NULL, NULL, 0, 'F51:D21:A40', 750, 'B', 'B1P'),
(1067, 1, 348, 'd', NULL, NULL, 0, 'F51:D21:A40', 789, 'Fr', 'B1P'),
(1068, 1, 350, 'b', NULL, NULL, 0, 'F51:D21:A40', 789, 'Fr', 'B1P'),
(1069, 1, 364, 'a', NULL, NULL, 0, 'F51:D21:A40', 789, 'Fr', 'B1P'),
(1070, 1, 396, 'b', NULL, NULL, 0, 'F51:D21:A40', 789, 'Fr', 'B1P'),
(1071, 2, 38, 'h', NULL, NULL, 0, 'F51:D21:A40', 794, 'Fr', 'B1P'),
(1072, 2, 40, 'h', NULL, NULL, 0, 'F51:D21:A40', 794, 'Fr', 'B1P'),
(1073, 2, 41, 'i', NULL, NULL, 0, 'F51:D21:A40', 794, 'Fr', 'B1P'),
(1074, 2, 48, 'a', NULL, NULL, 0, 'F51:D21:A40', 797, 'Fr', 'B1P'),
(1075, 3, 268, 'a', NULL, NULL, 0, 'F51:D21:A40', 942, 'B', 'B1P'),
(1076, 3, 274, 'b', NULL, NULL, 0, 'F51:D21:A40', 942, 'B', 'B1P'),
(1077, 3, 276, 'b', NULL, NULL, 0, 'F51:D21:A40', 942, 'B', 'B1P'),
(1078, 3, 278, 'a', NULL, NULL, 0, 'F51:D21:A40', 942, 'B', 'B1P'),
(1079, 3, 278, 'b', NULL, NULL, 0, 'F51:D21:A40', 942, 'B', 'B1P'),
(1080, 3, 291, 'a', NULL, NULL, 0, 'F51:D21:A40', 942, 'B', 'B1P'),
(1081, 4, 55, 'g', NULL, NULL, 0, 'F51:D21:A40', 1017, 'Bo', 'B1P'),
(1082, 4, 136, 'e', NULL, NULL, 0, 'F51:D21:A40', 1032, 'Fr', 'B1P'),
(1083, 4, 139, 'a', NULL, NULL, 0, 'F51:D21:A40', 1032, 'Fr', 'B1P'),
(1084, 4, 372, 'a', NULL, NULL, 0, 'F51:D21:A40', 1059, 'B', 'B1P'),
(1085, 4, 373, 'a', NULL, NULL, 0, 'F51:D21:A40', 1059, 'B', 'B1P'),
(1086, 7, 477, 'b', NULL, NULL, 0, 'F51:D21:A40', 1848, 'Bo', 'B1P'),
(1087, 8, 48, NULL, 134, 'b', 0, 'F51:D21:A40', 213, 'B', 'B1P'),
(1088, 2, 294, 'b', NULL, NULL, 0, 'D4:Q1:A40', 869, 'H', 'B2P'),
(1089, 7, 301, 'a', NULL, NULL, 0, 'D4:Q1:A40', 1763, 'Bo', 'B2P'),
(1090, 7, 301, 'g', NULL, NULL, 0, 'D4:Q1:A40', 1763, 'Bo', 'B2P'),
(1091, 7, 357, 'b', NULL, NULL, 0, 'D4:Q1:A40', 1799, 'Bo', 'B2P'),
(1092, 2, 302, 'c', NULL, NULL, 0, 'Q1:D4:A40', 869, 'H', 'B2P'),
(1093, 5, 26, 'f', NULL, NULL, 0, 'Q1:D4:A40', 1079, 'B', 'B2P'),
(1094, 5, 26, 'i', NULL, NULL, 0, 'Q1:D4:A40', 1079, 'B', 'B2P'),
(1095, 5, 357, 'XX', NULL, NULL, 0, 'Q1:D4:A40', 1180, 'Fr', 'B2P'),
(1096, 7, 284, 'a', NULL, NULL, 0, 'Q1:D4:A40', 1750, 'Bo', 'B2P'),
(1097, 7, 286, 'b', NULL, NULL, 0, 'Q1:D4:A40', 1751, 'Bo', 'B2P'),
(1098, 7, 290, 'a', NULL, NULL, 0, 'Q1:D4:A40', 1754, 'Bo', 'B2P'),
(1099, 7, 346, 'b', NULL, NULL, 0, 'D4:(Q1*A40)', 1790, 'unknown', 'B2P'),
(1100, 7, 352, 'b', NULL, NULL, 0, 'D4:(Q1*A40)', 1794, 'Bo', 'B2P'),
(1101, 7, 358, 'd', NULL, NULL, 0, 'D4:(Q1*A40)', 1799, 'Bo', 'B2P'),
(1102, 2, 108, 'd', NULL, NULL, 0, 'F51:D21:A40', 816, 'B', 'B2P'),
(1103, 2, 109, 'b', NULL, NULL, 0, 'F51:D21:A40', 817, 'unknown', 'B2P'),
(1104, 5, 31, 'c', NULL, NULL, 0, 'F51:D21:A40', 1083, 'B', 'B2P'),
(1105, 5, 32, 'j', NULL, NULL, 0, 'F51:D21:A40', 1084, 'B', 'B2P'),
(1106, 7, 284, 'b', NULL, NULL, 0, 'F51:D21:A40', 1750, 'Bo', 'B2P'),
(1107, 4, 393, 'c', NULL, NULL, 0, 'Q1*D4', 1067, 'B', 'B1Y'),
(1108, 2, 291, 'b', NULL, NULL, 0, 'F51:D21:A40', 869, 'F', 'B1Y'),
(1109, 3, 193, 'c', NULL, NULL, 0, 'F51:D21:A40', 930, 'B', 'B1Y'),
(1110, 6, 7, 'c', NULL, NULL, 0, 'F51:D21:A40', 1187, 'B', 'B1Y'),
(1111, 6, 10, 'b', NULL, NULL, 0, 'F51:D21:A40', 1187, 'B', 'B1Y'),
(1112, 6, 10, 'd', NULL, NULL, 0, 'F51:D21:A40', 1187, 'B', 'B1Y'),
(1113, 5, 284, 'b', NULL, NULL, 0, 'F51:D21', 1148, 'B', 'B1Y'),
(1114, 6, 12, 'g', NULL, NULL, 0, 'F51:D21', 1187, 'B', 'B1Y'),
(1115, 6, 69, 'e', NULL, NULL, 0, 'F51:D21', 1205, 'B', 'B1Y'),
(1116, 4, 255, 'a', NULL, NULL, 0, 'D4:Q1:R8', 1049, 'L & Bo', 'BH1Br'),
(1117, 8, 4, NULL, 16, 'a', 0, 'D4:Q1:A40', 23, 'Fr', 'BH1C'),
(1118, 8, 4, NULL, 16, 'b', 0, 'D4:Q1:A40', 23, 'Fr', 'BH1C'),
(1119, 8, 4, NULL, 17, 'b', 0, 'D4:Q1:A40', 25, 'Fr', 'BH1C'),
(1120, 8, 9, NULL, 22, 'a', 0, 'D4:Q1:A40', 32, 'Fr', 'BH1C'),
(1121, 8, 48, NULL, 134, 'b', 0, 'D4:Q1:A40', 213, 'B', 'BH1C'),
(1122, 1, 349, 'd', NULL, NULL, 0, 'D4:Q1:A40', 789, 'Fr', 'BH2C'),
(1123, 8, 4, NULL, 16, 'b', 0, 'D4:Q1:A40', 23, 'Fr', 'BH3C'),
(1124, 8, 9, NULL, 22, 'a', 0, 'D4:Q1:A40', 32, 'Fr', 'BH3C'),
(1125, 8, 9, NULL, 22, 'a', 0, 'D4:(Q1*A40)', 32, 'Fr', 'BH3C'),
(1126, 8, 90, NULL, 144, 'a', 0, '(Q1*A40):D4', 215, 'B', 'BH3C'),
(1127, 8, 92, NULL, 145, 'b', 0, '(Q1:D4)*A40', 215, 'B', 'BH3C'),
(1128, 8, 4, NULL, 16, 'a', 0, 'D4:Q1', 23, 'Fr', 'BH3C'),
(1129, 2, 116, 'd', NULL, NULL, 0, '(F51:D21)*A40', 820, 'L', 'BH3C'),
(1130, 2, 116, 'r', NULL, NULL, 0, '(F51:D21)*A40', 820, 'L', 'BH3C'),
(1131, 2, 116, 'v', NULL, NULL, 0, '(F51:D21)*A40', 820, 'L', 'BH3C'),
(1132, 8, 48, NULL, 134, 'b', 0, '(F51:D21)*A40', 213, 'B', 'BH3C'),
(1133, 8, 96, NULL, 146, 'a', 0, '(F51:D21)*A40', 215, 'B', 'BH3C'),
(1134, 8, 29, NULL, 57, 'e', 0, 'Q1:D4:R8', 81, 'B', 'BH4C'),
(1135, 4, 62, 'i', NULL, NULL, 0, 'D4:Q1:R8', 1021, 'B', 'BH4C'),
(1136, 8, 4, NULL, 16, 'a', 0, 'D4:Q1:A40', 23, 'Fr', 'BH6C'),
(1137, 8, 4, NULL, 16, 'b', 0, 'D4:Q1:A40', 23, 'Fr', 'BH6C'),
(1138, 8, 4, NULL, 16, 'a', 0, 'D4:Q1:A40', 23, 'Fr', 'BH1Ox'),
(1139, 6, 122, 'b', NULL, NULL, 0, 'D4:(Q1*A40)', 1244, 'H', 'BH1Ox'),
(1140, 6, 122, 'd', NULL, NULL, 0, 'D4:(Q1*A40)', 1244, 'H', 'BH1Ox'),
(1141, 8, 4, NULL, 16, 'b', 0, 'D4:(Q1*A40)', 23, 'Fr', 'BH1Ox'),
(1142, 8, 9, NULL, 22, 'a', 0, 'D4:(Q1*A40)', 32, 'Fr', 'BH1Ox'),
(1143, 8, 4, NULL, 16, 'a', 0, 'D4:Q1:A40', 23, 'Fr', 'BH2Ox'),
(1144, 8, 4, NULL, 16, 'b', 0, 'D4:Q1:A40', 23, 'Fr', 'BH2Ox'),
(1145, 4, 71, 'c', NULL, NULL, 0, 'D4:(Q1*A40)', 1026, 'L', 'D1C'),
(1146, 4, 78, 'a', NULL, NULL, 0, 'D4:(Q1*A40)', 1026, 'L', 'D1C'),
(1147, 4, 78, 'b', NULL, NULL, 0, 'D4:(Q1*A40)', 1026, 'L', 'D1C'),
(1148, 4, 81, 'f', NULL, NULL, 0, 'D4:(Q1*A40)', 1026, 'L', 'D1C'),
(1149, 4, 81, 'g', NULL, NULL, 0, '(F51:D21)*A40', 1026, 'L', 'D1C'),
(1150, 7, 112, 'm', NULL, NULL, 0, 'D4:(Q1*A40)', 1622, 'Fr', 'G1Be'),
(1151, 3, 305, 'e', NULL, NULL, 0, 'D4:Q1:A40', 950, 'F', 'G1T'),
(1152, 5, 132, 'b', NULL, NULL, 0, 'D4:Q1:A40', 1112, 'B', 'G1T'),
(1153, 3, 298, 'e', NULL, NULL, 0, 'D4:(Q1*A40)', 944, 'H', 'G1T'),
(1154, 3, 320, 'e', NULL, NULL, 0, 'D4:(Q1*A40)', 953, 'Fr', 'G1T'),
(1155, 3, 321, 'c', NULL, NULL, 0, 'D4:(Q1*A40)', 953, 'Fr', 'G1T'),
(1156, 5, 131, 'b', NULL, NULL, 0, 'D4:(Q1*A40)', 1112, 'B', 'G1T'),
(1157, 5, 133, 'b', NULL, NULL, 0, 'D4:(Q1*A40)', 1112, 'B', 'G1T'),
(1158, 5, 140, 'a', NULL, NULL, 0, 'D4:(Q1*A40)', 1112, 'B', 'G1T'),
(1159, 6, 266, 'g', NULL, NULL, 0, 'D4:(Q1*A40)', 1360, 'H', 'G1T'),
(1160, 7, 137, 'b', NULL, NULL, 0, 'D4:(Q1*A40)', 1650, 'Fr', 'G1T'),
(1161, 7, 142, 'q', NULL, NULL, 0, '(D4:Q1)*A40', 1650, 'Fr', 'G1T'),
(1162, 7, 142, 'a', NULL, NULL, 0, '(D4:Q1)*A40', 1650, 'Fr', 'G1T'),
(1163, 5, 166, 'j', NULL, NULL, 0, 'D4*Q1*A40', 1113, 'B', 'G1T'),
(1164, 6, 266, 'd', NULL, NULL, 0, 'D4:Q1', 1360, 'H', 'G1T'),
(1165, 3, 325, 'e', NULL, NULL, 0, 'F51:D21:A40', 955, 'Fr', 'G1T'),
(1166, 3, 325, 'i', NULL, NULL, 0, 'F51:D21:A40', 955, 'Fr', 'G1T'),
(1167, 1, 349, 'd', NULL, NULL, 0, '(F51:D21)*A40', 789, 'Fr', 'G1T'),
(1168, 1, 365, 'a', NULL, NULL, 0, '(F51:D21)*A40', 789, 'Fr', 'G1T'),
(1169, 1, 396, 'b', NULL, NULL, 0, '(F51:D21)*A40', 789, 'Fr', 'G1T'),
(1170, 3, 294, 'e', NULL, NULL, 0, '(F51:D21)*A40', 943, 'H', 'G1T'),
(1171, 3, 295, 'h', NULL, NULL, 0, '(F51:D21)*A40', 943, 'H', 'G1T'),
(1172, 3, 297, 'h', NULL, NULL, 0, '(F51:D21)*A40', 943, 'H', 'G1T'),
(1173, 3, 297, 'l', NULL, NULL, 0, '(F51:D21)*A40', 943, 'H', 'G1T'),
(1174, 3, 299, 'd', NULL, NULL, 0, '(F51:D21)*A40', 945, 'H', 'G1T'),
(1175, 3, 303, 'b', NULL, NULL, 0, '(F51:D21)*A40', 950, 'F', 'G1T'),
(1176, 3, 303, 'f', NULL, NULL, 0, '(F51:D21)*A40', 950, 'F', 'G1T'),
(1177, 3, 307, 'a', NULL, NULL, 0, '(F51:D21)*A40', 951, 'B', 'G1T'),
(1178, 3, 308, 'a', NULL, NULL, 0, '(F51:D21)*A40', 951, 'B', 'G1T'),
(1179, 3, 309, 'b', NULL, NULL, 0, '(F51:D21)*A40', 951, 'B', 'G1T'),
(1180, 3, 311, 'a', NULL, NULL, 0, '(F51:D21)*A40', 951, 'B', 'G1T'),
(1181, 3, 311, 'h', NULL, NULL, 0, '(F51:D21)*A40', 951, 'B', 'G1T'),
(1182, 3, 312, 'd', NULL, NULL, 0, '(F51:D21)*A40', 951, 'B', 'G1T'),
(1183, 3, 313, 'c', NULL, NULL, 0, '(F51:D21)*A40', 951, 'B', 'G1T'),
(1184, 3, 314, 'c', NULL, NULL, 0, '(F51:D21)*A40', 951, 'B', 'G1T'),
(1185, 3, 323, 'a', NULL, NULL, 0, '(F51:D21)*A40', 954, 'Fr', 'G1T'),
(1186, 3, 324, 'h', NULL, NULL, 0, '(F51:D21)*A40', 955, 'Fr', 'G1T'),
(1187, 5, 12, 'd', NULL, NULL, 0, '(F51:D21)*A40', 1073, 'H', 'G1T'),
(1188, 5, 13, 'c', NULL, NULL, 0, '(F51:D21)*A40', 1073, 'H', 'G1T'),
(1189, 5, 133, 'a', NULL, NULL, 0, '(F51:D21)*A40', 1112, 'B', 'G1T'),
(1190, 5, 135, 'a', NULL, NULL, 0, '(F51:D21)*A40', 1112, 'B', 'G1T'),
(1191, 5, 167, 'D', NULL, NULL, 0, '(F51:D21)*A40', 1113, 'B', 'G1T'),
(1192, 6, 151, 'a', NULL, NULL, 0, '(F51:D21)*A40', 1266, 'unknown', 'G1T'),
(1193, 6, 264, 'f', NULL, NULL, 0, '(F51:D21)*A40', 1358, 'L', 'G1T'),
(1194, 6, 266, 'c', NULL, NULL, 0, '(F51:D21)*A40', 1360, 'H', 'G1T'),
(1195, 6, 266, 'i', NULL, NULL, 0, '(F51:D21)*A40', 1360, 'H', 'G1T'),
(1196, 7, 137, 'd', NULL, NULL, 0, '(F51:D21)*A40', 1650, 'Fr', 'G1T'),
(1197, 7, 137, 'g', NULL, NULL, 0, '(F51:D21)*A40', 1650, 'Fr', 'G1T'),
(1198, 7, 137, 'h', NULL, NULL, 0, '(F51:D21)*A40', 1650, 'Fr', 'G1T'),
(1199, 7, 137, 'o', NULL, NULL, 0, '(F51:D21)*A40', 1650, 'Fr', 'G1T'),
(1200, 7, 137, 'o', NULL, NULL, 0, '(F51:D21)*A40', 1650, 'Fr', 'G1T'),
(1201, 7, 138, 'i', NULL, NULL, 0, '(F51:D21)*A40', 1650, 'Fr', 'G1T'),
(1202, 2, 110, 'g', NULL, NULL, 0, 'D4:(Q1*A40)', 817, 'B', 'G2T'),
(1203, 2, 112, 'd', NULL, NULL, 0, 'D4:(Q1*A40)', 819, 'B', 'G2T'),
(1204, 2, 113, 'e', NULL, NULL, 0, 'D4:(Q1*A40)', 819, 'B', 'G2T'),
(1205, 2, 113, 'k', NULL, NULL, 0, 'D4:(Q1*A40)', 819, 'B', 'G2T'),
(1206, 2, 111, 'i', NULL, NULL, 0, '(F51:D21)*A40', 818, 'B', 'G2T'),
(1207, 2, 151, 'e', NULL, NULL, 0, '(F51:D21)*A40', 845, 'B', 'G2T'),
(1208, 3, 307, 'a', NULL, NULL, 0, '(F51:D21)*A40', 951, 'B', 'G2T'),
(1209, 3, 308, 'a', NULL, NULL, 0, '(F51:D21)*A40', 951, 'B', 'G2T'),
(1210, 3, 309, 'b', NULL, NULL, 0, '(F51:D21)*A40', 951, 'B', 'G2T'),
(1211, 3, 311, 'a', NULL, NULL, 0, '(F51:D21)*A40', 951, 'B', 'G2T'),
(1212, 3, 311, 'h', NULL, NULL, 0, '(F51:D21)*A40', 951, 'B', 'G2T'),
(1213, 3, 312, 'd', NULL, NULL, 0, '(F51:D21)*A40', 951, 'B', 'G2T'),
(1214, 3, 313, 'c', NULL, NULL, 0, '(F51:D21)*A40', 951, 'B', 'G2T'),
(1215, 3, 314, 'c', NULL, NULL, 0, '(F51:D21)*A40', 951, 'B', 'G2T'),
(1216, 8, 86, NULL, 143, 'a', 0, 'D4:Q1:A40', 215, 'unknown', 'L-A1'),
(1217, 8, 90, NULL, 144, 'a', 0, 'D4:Q1:A40', 215, 'unknown', 'L-A1'),
(1218, 8, 92, NULL, 145, 'b', 0, 'Q1:D4:A40', 215, 'unknown', 'L-A1'),
(1219, 8, 214, NULL, 199, 'a', 0, 'Q1:D4:A40', 222, 'unknown', 'L-A1'),
(1220, 8, 42, NULL, 118, 'c', 0, 'D4:Q1', 204, 'unknown', 'L-JMH1'),
(1221, 8, 290, NULL, 493, 'a', 0, 'D4:Q1', 310, 'unknown', 'L-JMH1'),
(1222, 8, 296, NULL, 517, 'a', 0, 'D4:Q1', 321, 'unknown', 'L-JMH1'),
(1223, 8, 281, NULL, 364, 'a', 0, 'Q1*D4-retro', 272, 'unknown', 'L-JMH1'),
(1224, 8, 251, NULL, 215, 'b', 0, 'D4:Q1', 223, 'unknown', 'L-MH1A'),
(1225, 8, 359, NULL, 826, 'a', 0, 'D4:Q1', 447, 'unknown', 'L-MH1A'),
(1226, 8, 368, NULL, 832, 'a', 0, 'D4:Q1', 450, 'unknown', 'L-MH1A'),
(1227, 8, 47, NULL, 134, 'a', 0, 'Q1*D4', 213, 'unknown', 'L-Nnjl'),
(1228, 8, 395, NULL, 1627, 'a', 0, 'D4:Q1', 593, 'unknown', 'L-Nnjl'),
(1229, 3, 261, 'd', NULL, NULL, 0, 'Q1:D4:R8', 941, 'L', 'L1Li'),
(1230, 3, 262, 'c', NULL, NULL, 0, 'Q1:D4:R8', 941, 'L', 'L1Li'),
(1231, 4, 62, 'r', NULL, NULL, 0, 'Q1:D4:R8', 1021, 'Fr', 'L1Li'),
(1232, 4, 342, 'a', NULL, NULL, 0, 'Q1:D4:R8', 1054, 'F & L', 'L1Li'),
(1233, 7, 64, 'a', NULL, NULL, 0, 'Q1:D4:R8', 1576, 'L', 'L1Li'),
(1234, 7, 64, 'l', NULL, NULL, 0, 'Q1:D4:R8', 1576, 'L', 'L1Li'),
(1235, 7, 65, 'b', NULL, NULL, 0, 'Q1:D4:R8', 1576, 'L', 'L1Li'),
(1236, 7, 65, 'v', NULL, NULL, 0, 'Q1:D4:R8', 1576, 'L', 'L1Li'),
(1237, 4, 342, 'c', NULL, NULL, 0, 'D4:Q1', 1054, 'F & L', 'L1Li'),
(1238, 6, 322, 'z', NULL, NULL, 0, 'D4:Q1', 1405, 'L', 'L1Li'),
(1239, 6, 331, 'k', NULL, NULL, 0, 'D4:Q1', 1411, 'L', 'L1Li'),
(1240, 7, 3, 'a', NULL, NULL, 0, 'D4:Q1', 1507, 'B', 'L1Li'),
(1241, 7, 3, 'h', NULL, NULL, 0, 'D4:Q1', 1507, 'B', 'L1Li'),
(1242, 7, 3, 'k', NULL, NULL, 0, 'D4:Q1', 1507, 'B', 'L1Li'),
(1243, 7, 3, 'o', NULL, NULL, 0, 'D4:Q1', 1507, 'B', 'L1Li'),
(1244, 7, 3, 't', NULL, NULL, 0, 'D4:Q1', 1507, 'B', 'L1Li'),
(1245, 7, 10, 'l', NULL, NULL, 0, 'D4:Q1', 1519, 'L', 'L1Li'),
(1246, 1, 112, 'c', NULL, NULL, 0, 'Q1:D4:R8', 747, 'B', 'L2Li'),
(1247, 1, 115, 'c', NULL, NULL, 0, 'Q1:D4:R8', 747, 'B', 'L2Li'),
(1248, 1, 117, 'a', NULL, NULL, 0, 'Q1:D4:R8', 747, 'B', 'L2Li'),
(1249, 1, 119, 'd', NULL, NULL, 0, 'Q1:D4:R8', 747, 'B', 'L2Li'),
(1250, 1, 120, 'b', NULL, NULL, 0, 'Q1:D4:R8', 747, 'B', 'L2Li'),
(1251, 1, 120, 'e', NULL, NULL, 0, 'Q1:D4:R8', 747, 'B', 'L2Li'),
(1252, 1, 122, 'b', NULL, NULL, 0, 'Q1:D4:R8', 748, 'B', 'L2Li'),
(1253, 1, 127, 'a', NULL, NULL, 0, 'Q1:D4:R8', 748, 'B', 'L2Li'),
(1254, 1, 135, 'a', NULL, NULL, 0, 'Q1:D4:R8', 750, 'F & B & Fr', 'L2Li'),
(1255, 1, 150, 'd', NULL, NULL, 0, 'Q1:D4:R8', 751, 'Fr', 'L2Li'),
(1256, 6, 219, 'i', NULL, NULL, 0, 'Q1:D4:R8', 1321, 'Fr', 'L2Li'),
(1257, 7, 8, 'j', NULL, NULL, 0, 'Q1:D4:R8', 1515, 'H', 'L2Li'),
(1258, 1, 141, 'b', NULL, NULL, 0, '(Q1:D4)*R8', 750, 'F & B & Fr', 'L2Li'),
(1259, 7, 2, 'l', NULL, NULL, 0, '(Q1:D4)*R8', 1504, 'Fr', 'L2Li'),
(1260, 7, 2, 'p', NULL, NULL, 0, '(Q1:D4)*R8', 1504, 'Fr', 'L2Li'),
(1261, 7, 2, 's', NULL, NULL, 0, '(Q1:D4)*R8', 1504, 'Fr', 'L2Li'),
(1262, 8, 172, NULL, 178, 'a', 0, 'D4:Q1', 219, 'Bo', 'L2Li'),
(1263, 8, 183, NULL, 186, 'b', 0, 'D4:Q1', 219, 'Bo', 'L2Li'),
(1264, 4, 255, 'a', NULL, NULL, 0, 'D4:Q1', 1049, 'L', 'L3Li'),
(1265, 4, 255, 'a', NULL, NULL, 0, 'D4:Q1', 1049, 'X', 'L1NY'),
(1266, 8, 261, NULL, 234, 'b', 0, 'D4:Q1', 230, 'unknown', 'L1NY'),
(1267, 1, 351, 'b', NULL, NULL, 0, 'D4:(Q1*A40)', 789, 'unknown', 'MAnn.'),
(1268, 1, 365, 'a', NULL, NULL, 0, 'D4:(Q1*A40)', 789, 'unknown', 'MAnn.'),
(1269, 8, 58, NULL, 136, 'a', 0, 'D4:Q1:(M17*Z1)', 214, 'B', 'M1C'),
(1270, 8, 67, NULL, 138, 'a', 0, 'D4:Q1:(M17*Z1)', 214, 'B', 'M1C'),
(1271, 8, 90, NULL, 144, 'a', 0, 'D4:Q1:(M17*Z1)', 215, 'B', 'M1C'),
(1272, 8, 92, NULL, 145, 'b', 0, 'D4:Q1:(M17*Z1)', 215, 'B', 'M1C'),
(1273, 8, 214, NULL, 199, 'a', 0, 'D4:Q1', 222, 'B', 'M1C'),
(1274, 8, 224, NULL, 202, 'a', 0, 'D4:Q1', 222, 'B', 'M1C'),
(1275, 8, 226, NULL, 202, 'b', 0, 'D4:Q1', 222, 'B', 'M1C'),
(1276, 8, 226, NULL, 202, 'c', 0, 'D4:Q1', 222, 'B', 'M1C'),
(1277, 4, 255, 'a', NULL, NULL, 0, 'D4:Q1', 1049, 'L', 'M1C'),
(1278, 6, 221, 'q', NULL, NULL, 0, 'D4:Q1', 1322, 'Bo', 'M1C'),
(1279, 7, 125, 't', NULL, NULL, 0, 'D4:Q1', 1635, 'unknown', 'M1C'),
(1280, 7, 127, 'h', NULL, NULL, 0, 'D4:Q1', 1638, 'unknown', 'M1C'),
(1281, 7, 128, 'd', NULL, NULL, 0, 'D4:Q1', 1640, 'unknown', 'M1C'),
(1282, 7, 128, 'e', NULL, NULL, 0, 'D4:Q1', 1640, 'unknown', 'M1C'),
(1283, 8, 47, NULL, 134, 'a', 0, 'D4:Q1', 213, 'B', 'M1C'),
(1284, 8, 48, NULL, 134, 'b', 0, 'D4:Q1', 213, 'B', 'M1C'),
(1285, 8, 204, NULL, 197, 'a', 0, 'D4:Q1', 221, 'B', 'M1C'),
(1286, 8, 204, NULL, 197, 'b', 0, 'D4:Q1', 221, 'B', 'M1C'),
(1287, 8, 204, NULL, 197, 'c', 0, 'D4:Q1', 221, 'B', 'M1C'),
(1288, 8, 96, NULL, 146, 'a', 0, 'D4:(Q1*Z1)', 215, 'B', 'M1C'),
(1289, 2, 71, 'b', NULL, NULL, 0, 'D4:Q1:A40', 808, 'unknown', 'M2C'),
(1290, 8, 48, NULL, 134, 'b', 0, 'D4:Q1:(M17*Z1)', 213, 'B', 'M2C'),
(1291, 8, 67, NULL, 138, 'a', 0, 'D4:Q1:(M17*Z1)', 214, 'B', 'M2C'),
(1292, 8, 90, NULL, 144, 'a', 0, 'D4:Q1', 215, 'B', 'M2C'),
(1293, 8, 92, NULL, 145, 'b', 0, 'D4:Q1', 215, 'B', 'M2C'),
(1294, 8, 132, NULL, 155, 'a', 0, 'D4:Q1', 217, 'B', 'M2C'),
(1295, 1, 348, 'd', NULL, NULL, 0, 'D4:Q1:A40', 789, 'L', 'M3C'),
(1296, 1, 350, 'b', NULL, NULL, 0, 'D4:Q1:A40', 789, 'L', 'M3C'),
(1297, 1, 364, 'a', NULL, NULL, 0, 'D4:Q1:A40', 789, 'L', 'M3C'),
(1298, 2, 67, 'c', NULL, NULL, 0, 'D4:Q1:A40', 808, 'B', 'M3C'),
(1299, 2, 68, 'b', NULL, NULL, 0, 'D4:Q1:A40', 808, 'B', 'M3C'),
(1300, 2, 69, 'a', NULL, NULL, 0, 'D4:Q1:A40', 808, 'B', 'M3C'),
(1301, 2, 70, 'a', NULL, NULL, 0, 'D4:Q1:A40', 808, 'B', 'M3C'),
(1302, 2, 70, 'c', NULL, NULL, 0, 'D4:Q1:A40', 808, 'B', 'M3C'),
(1303, 2, 71, 'b', NULL, NULL, 0, 'D4:Q1:A40', 808, 'B', 'M3C'),
(1304, 2, 77, 'a', NULL, NULL, 0, 'D4:Q1:A40', 810, 'B', 'M3C'),
(1305, 2, 77, 'd', NULL, NULL, 0, 'D4:Q1:A40', 810, 'B', 'M3C'),
(1306, 2, 79, 'a', NULL, NULL, 0, 'D4:Q1:A40', 810, 'B', 'M3C'),
(1307, 2, 81, 'b', NULL, NULL, 0, 'D4:Q1:A40', 810, 'B', 'M3C'),
(1308, 5, 132, 'b', NULL, NULL, 0, 'D4:Q1:A40', 1112, 'Bo', 'M3C'),
(1309, 5, 133, 'a', NULL, NULL, 0, 'D4:Q1:A40', 1112, 'Bo', 'M3C'),
(1310, 5, 133, 'b', NULL, NULL, 0, 'D4:Q1:A40', 1112, 'Bo', 'M3C'),
(1311, 5, 140, 'a', NULL, NULL, 0, 'D4:Q1:A40', 1112, 'Bo', 'M3C'),
(1312, 5, 284, 'b', NULL, NULL, 0, 'D4:Q1:A40', 1148, 'Bo', 'M3C'),
(1313, 2, 79, 'c', NULL, NULL, 0, 'D4:(Q1*A40)', 810, 'B', 'M3C'),
(1314, 4, 254, 'a', NULL, NULL, 0, 'D4:Q1:A40', 1049, 'L', 'M4C'),
(1315, 5, 132, 'b', NULL, NULL, 0, 'D4:Q1:A40', 1112, 'Bo', 'M4C'),
(1316, 5, 133, 'a', NULL, NULL, 0, 'D4:Q1:A40', 1112, 'Bo', 'M4C'),
(1317, 5, 135, 'a', NULL, NULL, 0, 'D4:Q1:A40', 1112, 'Bo', 'M4C'),
(1318, 5, 140, 'a', NULL, NULL, 0, 'D4:Q1:A40', 1112, 'Bo', 'M4C'),
(1319, 5, 131, 'b', NULL, NULL, 0, 'D4:(Q1*A40)', 1112, 'Bo', 'M4C'),
(1320, 5, 133, 'b', NULL, NULL, 0, 'D4:(Q1*A40)', 1112, 'Bo', 'M4C'),
(1321, 4, 336, 'd', NULL, NULL, 0, 'D4:Q1', 1052, 'unknown', 'M4C'),
(1322, 8, 49, NULL, 134, 'b', 0, 'D4:Q1:A40', 213, 'B & F', 'M5C'),
(1323, 8, 87, NULL, 143, 'a', 0, 'D4:Q1:A40', 215, 'B & F', 'M5C'),
(1324, 1, 364, 'a', NULL, NULL, 0, '(Q1:D4)*G5', 789, 'L', 'M5C'),
(1325, 1, 349, 'd', NULL, NULL, 0, 'F51:D21:A40', 789, 'L', 'M5C'),
(1326, 1, 365, 'a', NULL, NULL, 0, 'F51:D21:A40', 789, 'L', 'M5C'),
(1327, 4, 396, 'b', NULL, NULL, 0, 'F51:D21:A40', 1067, 'Fr', 'M5C'),
(1328, 5, 131, 'b', NULL, NULL, 0, 'F51:D21:A40', 1112, 'Bo', 'M5C'),
(1329, 5, 132, 'b', NULL, NULL, 0, 'F51:D21:A40', 1112, 'Bo', 'M5C'),
(1330, 5, 133, 'a', NULL, NULL, 0, 'F51:D21:A40', 1112, 'Bo', 'M5C'),
(1331, 5, 135, 'a', NULL, NULL, 0, 'F51:D21:A40', 1112, 'Bo', 'M5C'),
(1332, 8, 91, NULL, 144, 'a', 0, 'F51:D21:A40', 215, 'B & F', 'M5C'),
(1333, 8, 97, NULL, 146, 'a', 0, 'F51:D21:A40', 215, 'B & F', 'M5C'),
(1334, 8, 160, NULL, 168, 'a', 0, 'F51:D21:A40', 219, 'H', 'M5C'),
(1335, 5, 133, 'a', NULL, NULL, 0, 'D4:Q1:A40', 1112, 'Bo', 'M6C'),
(1336, 5, 140, 'a', NULL, NULL, 0, 'D4:Q1:A40', 1112, 'Bo', 'M6C'),
(1337, 5, 133, 'b', NULL, NULL, 0, 'D4:(Q1*A40)', 1112, 'Bo', 'M6C'),
(1338, 6, 132, 'd', NULL, NULL, 0, 'D4:(Q1*A40)', 1249, 'B', 'M6C'),
(1339, 4, 254, 'a', NULL, NULL, 0, 'D4:(Q1*A40)', 1049, 'L', 'M7C'),
(1340, 8, 405, NULL, 1800, 'a', 0, 'D4:Q1', 637, 'H', 'M7C'),
(1341, 4, 342, 'c', NULL, NULL, 0, 'D4:Q1:A40', 1054, 'L', 'M8C'),
(1342, 4, 337, 'e', NULL, NULL, 0, 'D4:(Q1*X1)', 1052, 'L', 'M8C'),
(1343, 4, 254, 'a', NULL, NULL, 0, 'D4:(Q1*Z1)', 1049, 'L', 'M8C'),
(1344, 5, 132, 'b', NULL, NULL, 0, 'D4:Q1:A40', 1112, 'Bo', 'M13C'),
(1345, 7, 125, 'r', NULL, NULL, 0, 'D4:Q1:A40', 1635, 'unknown', 'M13C'),
(1346, 5, 133, 'b', NULL, NULL, 0, 'D4:(Q1*A40)', 1112, 'Bo', 'M13C'),
(1347, 7, 125, 'q', NULL, NULL, 0, 'D4:Q1:A40', 1635, 'H', 'M14C'),
(1348, 7, 125, 'x', NULL, NULL, 0, 'D4:(Q1*A40)', 1635, 'H', 'M14C'),
(1349, 5, 267, 'e', NULL, NULL, 0, 'D4:Q1', 1138, 'unknown', 'M14C'),
(1350, 1, 120, 'e', NULL, NULL, 0, 'Q1:D21:A40', 747, 'unknown', 'M16C'),
(1351, 5, 178, 'e', NULL, NULL, 0, 'D4:(Q1*A40)', 1117, 'H', 'M18C'),
(1352, 6, 145, 'd', NULL, NULL, 0, 'D4:(Q1*A40)', 1262, 'H', 'M18C'),
(1353, 1, 348, 'd', NULL, NULL, 0, 'D4:(Q1*A40)', 789, 'L', 'M20C'),
(1354, 1, 350, 'b', NULL, NULL, 0, 'D4:(Q1*A40)', 789, 'L', 'M20C'),
(1355, 1, 364, 'a', NULL, NULL, 0, 'D4:(Q1*A40)', 789, 'L', 'M20C'),
(1356, 5, 131, 'b', NULL, NULL, 0, 'D4:Q1:A40', 1112, 'Bo', 'M21C'),
(1357, 5, 132, 'b', NULL, NULL, 0, 'D4:Q1:A40', 1112, 'Bo', 'M21C'),
(1358, 5, 133, 'a', NULL, NULL, 0, 'D4:Q1:A40', 1112, 'Bo', 'M21C'),
(1359, 5, 178, 'e', NULL, NULL, 0, 'D4:Q1:A40', 1117, 'Bo', 'M21C'),
(1360, 5, 133, 'b', NULL, NULL, 0, 'F51:D21:A40', 1112, 'Bo', 'M21C'),
(1361, 5, 140, 'a', NULL, NULL, 0, 'F51:D21:A40', 1112, 'Bo', 'M21C'),
(1362, 3, 206, 'd', NULL, NULL, 0, 'D4:Q1:A40', 935, 'Fr', 'M22C'),
(1363, 6, 91, 'l', NULL, NULL, 0, 'D4:Q1:A40', 1220, 'B', 'M22C'),
(1364, 6, 143, 'm', NULL, NULL, 0, 'D4:(Q1*A40)', 1261, 'B', 'M22C'),
(1365, 5, 284, 'b', NULL, NULL, 0, 'D4:Q1', 1148, 'Fr', 'M22C'),
(1366, 1, 349, 'd', NULL, NULL, 0, 'D4:Q1:A40', 789, 'X', 'M23C'),
(1367, 1, 365, 'a', NULL, NULL, 0, 'D4:Q1:A40', 789, 'X', 'M23C'),
(1368, 5, 287, 'c', NULL, NULL, 0, 'D4:Q1:A40', 1150, 'X', 'M23C'),
(1369, 5, 39, 'e', NULL, NULL, 0, 'D4:(Q1*A40)', 1091, 'X', 'M23C'),
(1370, 1, 120, 'b', NULL, NULL, 0, 'D4:Q1:A40', 747, 'X', 'M25C'),
(1371, 1, 349, 'd', NULL, NULL, 0, 'D4:Q1:A40', 789, 'L', 'M28C'),
(1372, 1, 351, 'b', NULL, NULL, 0, 'D4:Q1:A40', 789, 'L', 'M28C'),
(1373, 1, 396, 'b', NULL, NULL, 0, 'D4:Q1:A40', 789, 'L', 'M28C'),
(1374, 1, 365, 'a', NULL, NULL, 0, 'D4:(Q1*A40)', 789, 'L', 'M28C'),
(1375, 2, 67, 'c', NULL, NULL, 0, 'D4:(Q1*A40)', 808, 'B', 'M28C'),
(1376, 2, 68, 'b', NULL, NULL, 0, 'D4:(Q1*A40)', 808, 'B', 'M28C'),
(1377, 2, 69, 'a', NULL, NULL, 0, 'D4:(Q1*A40)', 808, 'B', 'M28C'),
(1378, 2, 70, 'a', NULL, NULL, 0, 'D4:(Q1*A40)', 808, 'B', 'M28C'),
(1379, 2, 70, 'c', NULL, NULL, 0, 'D4:(Q1*A40)', 808, 'B', 'M28C'),
(1380, 2, 71, 'b', NULL, NULL, 0, 'D4:(Q1*A40)', 808, 'B', 'M28C'),
(1381, 2, 81, 'b', NULL, NULL, 0, 'D4:(Q1*A40)', 810, 'B', 'M28C'),
(1382, 6, 123, 'g', NULL, NULL, 0, 'D4:(Q1*A40)', 1245, 'X', 'M35C'),
(1383, 6, 123, 'g', NULL, NULL, 0, 'D4:(Q1*A40)', 1245, 'X', 'M36C'),
(1384, 5, 131, 'b', NULL, NULL, 0, 'D4:Q1:A40', 1112, 'Bo', 'M46C'),
(1385, 5, 132, 'b', NULL, NULL, 0, 'D4:Q1:A40', 1112, 'Bo', 'M46C'),
(1386, 5, 133, 'a', NULL, NULL, 0, 'D4:Q1:A40', 1112, 'Bo', 'M46C'),
(1387, 5, 133, 'b', NULL, NULL, 0, 'D4:Q1:A40', 1112, 'Bo', 'M46C'),
(1388, 5, 140, 'a', NULL, NULL, 0, 'D4:Q1:A40', 1112, 'Bo', 'M46C'),
(1389, 7, 125, 'c', NULL, NULL, 0, 'D4*Q1*A40', 1635, 'unknown', 'M47C'),
(1390, 4, 255, 'a', NULL, NULL, 0, 'D4:Q1:(M17*Z1)', 1049, 'L', 'M54C'),
(1391, 4, 255, 'a', NULL, NULL, 0, 'Q1:D4:R8', 1049, 'Fr', 'M57C'),
(1392, 4, 255, 'a', NULL, NULL, 0, 'D4:(Q1*A40)', 1049, 'L', 'M1NY'),
(1393, 5, 131, 'b', NULL, NULL, 0, 'D4:Q1:(M17*Z1)', 1112, 'Bo', 'M2NY'),
(1394, 5, 132, 'b', NULL, NULL, 0, 'D4:Q1:(M17*Z1)', 1112, 'Bo', 'M2NY'),
(1395, 5, 133, 'a', NULL, NULL, 0, 'D4:Q1:(M17*Z1)', 1112, 'Bo', 'M2NY'),
(1396, 5, 135, 'a', NULL, NULL, 0, 'D4:Q1:(M17*Z1)', 1112, 'Bo', 'M2NY'),
(1397, 5, 140, 'a', NULL, NULL, 0, 'D4:Q1:(M17*Z1)', 1112, 'Bo', 'M2NY'),
(1398, 5, 133, 'b', NULL, NULL, 0, 'D4:Q1', 1112, 'Bo', 'M2NY'),
(1399, 5, 178, 'e', NULL, NULL, 0, 'D4:Q1', 1117, 'Bo', 'M2NY'),
(1400, 5, 268, 'a', NULL, NULL, 0, 'D4:Q1', 1138, 'F', 'M2NY'),
(1401, 6, 163, 'b', NULL, NULL, 0, 'D4:Q1', 1279, 'unknown', 'M2NY'),
(1402, 4, 165, 'a', NULL, NULL, 0, 'F51:D21:A40', 1043, 'unknown', 'Pap.Berl(BelinPap.10482)'),
(1403, 4, 165, 'c', NULL, NULL, 0, '(F51:D21)*A40', 1043, 'unknown', 'Pap.Berl(BelinPap.10482)'),
(1404, 6, 38, 'e', NULL, NULL, 0, 'Q1:D4:A40', 1193, 'unknown', 'Pap.Gard.II'),
(1405, 6, 39, 'e', NULL, NULL, 0, 'Q1:D4:A40', 1193, 'unknown', 'Pap.Gard.II'),
(1406, 3, 181, 'a', NULL, NULL, 0, 'D4:(Q1*A40)', 929, 'unknown', 'Pap.Gard.II'),
(1407, 3, 264, 'c', NULL, NULL, 0, 'D4:(Q1*A40)', 941, 'unknown', 'Pap.Gard.II'),
(1408, 7, 206, 'd', NULL, NULL, 0, 'D4:(Q1*A40)', 1707, 'unknown', 'Pap.Gard.II'),
(1409, 7, 210, 'm', NULL, NULL, 0, 'D4:(Q1*A40)', 1709, 'unknown', 'Pap.Gard.II'),
(1410, 7, 219, 'f', NULL, NULL, 0, 'D4:(Q1*A40)', 1716, 'unknown', 'Pap.Gard.II'),
(1411, 7, 237, 'h', NULL, NULL, 0, 'D4:(Q1*A40)', 1731, 'unknown', 'Pap.Gard.II'),
(1412, 7, 237, 'q', NULL, NULL, 0, 'D4:(Q1*A40)', 1731, 'unknown', 'Pap.Gard.II'),
(1413, 7, 237, 'r', NULL, NULL, 0, 'D4:(Q1*A40)', 1731, 'unknown', 'Pap.Gard.II'),
(1414, 7, 239, 'w', NULL, NULL, 0, 'D4:(Q1*A40)', 1731, 'unknown', 'Pap.Gard.II'),
(1415, 7, 240, 'b', NULL, NULL, 0, 'D4:(Q1*A40)', 1733, 'unknown', 'Pap.Gard.II'),
(1416, 7, 240, 'n', NULL, NULL, 0, 'D4:(Q1*A40)', 1733, 'unknown', 'Pap.Gard.II'),
(1417, 7, 243, 'a', NULL, NULL, 0, 'D4:(Q1*A40)', 1736, 'unknown', 'Pap.Gard.II'),
(1418, 3, 261, 'd', NULL, NULL, 0, 'D4*Q1*A40', 941, 'unknown', 'Pap.Gard.II'),
(1419, 7, 201, 'k', NULL, NULL, 0, 'F51:D4:(Q1*A40)', 1705, 'unknown', 'Pap.Gard.II'),
(1420, 7, 161, 'g', NULL, NULL, 0, 'D4:(Q1*A40)', 1659, 'unknown', 'Pap.Gard.III'),
(1421, 7, 182, 'd', NULL, NULL, 0, 'D4:(Q1*A40)', 1681, 'unknown', 'Pap.Gard.III'),
(1422, 7, 182, 'l', NULL, NULL, 0, 'D4:(Q1*A40)', 1681, 'unknown', 'Pap.Gard.III'),
(1423, 7, 184, 'c', NULL, NULL, 0, 'D4:(Q1*A40)', 1685, 'unknown', 'Pap.Gard.III'),
(1424, 7, 206, 'd', NULL, NULL, 0, 'D4:(Q1*A40)', 1707, 'unknown', 'Pap.Gard.III'),
(1425, 7, 210, 'm', NULL, NULL, 0, 'D4:(Q1*A40)', 1709, 'unknown', 'Pap.Gard.III'),
(1426, 1, 29, 'b', NULL, NULL, 0, 'Q1:D4:A40', 723, 'unknown', 'M.C.105'),
(1427, 8, 97, NULL, 145, 'b', 0, 'D4:Q1', 215, 'B', 'R1X'),
(1428, 1, 107, 'b', NULL, NULL, 0, 'D4:Q1:A40', 746, 'B', 'S1C'),
(1429, 1, 120, 'b', NULL, NULL, 0, 'D4:Q1:A40', 747, 'B', 'S1C'),
(1430, 1, 120, 'e', NULL, NULL, 0, 'D4:Q1:A40', 747, 'B', 'S1C'),
(1431, 2, 68, 'b', NULL, NULL, 0, 'D4:Q1:A40', 808, 'L', 'S1C'),
(1432, 2, 70, 'a', NULL, NULL, 0, 'D4:Q1:A40', 808, 'L', 'S1C'),
(1433, 2, 207, 'a', NULL, NULL, 0, 'D4:Q1:A40', 861, 'B & L', 'S1C'),
(1434, 2, 210, 'a', NULL, NULL, 0, 'D4:Q1:A40', 862, 'B & L', 'S1C'),
(1435, 2, 210, 'c', NULL, NULL, 0, 'D4:Q1:A40', 862, 'B & L', 'S1C'),
(1436, 2, 211, 'b', NULL, NULL, 0, 'D4:Q1:A40', 862, 'B & L', 'S1C'),
(1437, 2, 211, 'c', NULL, NULL, 0, 'D4:Q1:A40', 862, 'B & L', 'S1C'),
(1438, 2, 213, 'b', NULL, NULL, 0, 'D4:Q1:A40', 862, 'B & L', 'S1C'),
(1439, 2, 217, 'b', NULL, NULL, 0, 'D4:Q1:A40', 862, 'B & L', 'S1C'),
(1440, 2, 217, 'e', NULL, NULL, 0, 'D4:Q1:A40', 862, 'B & L', 'S1C'),
(1441, 2, 219, 'a', NULL, NULL, 0, 'D4:Q1:A40', 862, 'B & L', 'S1C'),
(1442, 2, 219, 'e', NULL, NULL, 0, 'D4:Q1:A40', 862, 'B & L', 'S1C'),
(1443, 2, 224, 'a', NULL, NULL, 0, 'D4:Q1:A40', 862, 'B & L', 'S1C'),
(1444, 2, 224, 'f', NULL, NULL, 0, 'D4:Q1:A40', 862, 'B & L', 'S1C'),
(1445, 2, 244, 'a', NULL, NULL, 0, 'D4:Q1:A40', 863, 'B & L', 'S1C'),
(1446, 2, 246, 'a', NULL, NULL, 0, 'D4:Q1:A40', 863, 'B & L', 'S1C'),
(1447, 2, 247, 'c', NULL, NULL, 0, 'D4:Q1:A40', 863, 'B & L', 'S1C'),
(1448, 2, 250, 'a', NULL, NULL, 0, 'D4:Q1:A40', 863, 'B & L', 'S1C'),
(1449, 2, 252, 'b', NULL, NULL, 0, 'D4:Q1:A40', 863, 'B & L', 'S1C'),
(1450, 2, 291, 'b', NULL, NULL, 0, 'D4:Q1:A40', 869, 'H & Fr', 'S1C'),
(1451, 2, 295, 'b', NULL, NULL, 0, 'D4:Q1:A40', 869, 'H & Fr', 'S1C'),
(1452, 2, 311, 'b', NULL, NULL, 0, 'D4:Q1:A40', 870, 'H', 'S1C'),
(1453, 2, 315, 'a', NULL, NULL, 0, 'D4:Q1:A40', 870, 'H', 'S1C'),
(1454, 2, 318, 'a', NULL, NULL, 0, 'D4:Q1:A40', 870, 'H', 'S1C'),
(1455, 3, 328, 'a', NULL, NULL, 0, 'D4:Q1:A40', 956, 'Fr', 'S1C'),
(1456, 3, 347, 'a', NULL, NULL, 0, 'D4:Q1:A40', 965, 'F & L', 'S1C'),
(1457, 3, 348, 'b', NULL, NULL, 0, 'D4:Q1:A40', 965, 'F & L', 'S1C'),
(1458, 3, 349, 'b', NULL, NULL, 0, 'D4:Q1:A40', 965, 'F & L', 'S1C'),
(1459, 3, 349, 'j', NULL, NULL, 0, 'D4:Q1:A40', 965, 'F & L', 'S1C'),
(1460, 3, 350, 'd', NULL, NULL, 0, 'D4:Q1:A40', 965, 'F & L', 'S1C'),
(1461, 3, 350, 'h', NULL, NULL, 0, 'D4:Q1:A40', 965, 'F & L', 'S1C'),
(1462, 3, 350, 'b', NULL, NULL, 0, 'D4:Q1:A40', 965, 'F & L', 'S1C'),
(1463, 3, 357, 'b', NULL, NULL, 0, 'D4:Q1:A40', 968, 'F & L', 'S1C'),
(1464, 3, 357, 'e', NULL, NULL, 0, 'D4:Q1:A40', 968, 'F & L', 'S1C'),
(1465, 4, 168, 'c', NULL, NULL, 0, 'D4:Q1:A40', 1044, 'B & L', 'S1C'),
(1466, 6, 31, 'f', NULL, NULL, 0, 'D4:Q1:A40', 1190, 'B', 'S1C'),
(1467, 6, 210, 'h', NULL, NULL, 0, 'D4:Q1:A40', 1304, 'Fr', 'S1C'),
(1468, 6, 218, 'g', NULL, NULL, 0, 'D4:Q1:A40', 1319, 'Fr', 'S1C'),
(1469, 6, 218, 'k', NULL, NULL, 0, 'D4:Q1:A40', 1319, 'Fr', 'S1C'),
(1470, 7, 80, 'b', NULL, NULL, 0, 'D4:Q1:A40', 1589, 'unknown', 'S1C'),
(1471, 1, 348, 'd', NULL, NULL, 0, 'D4:(Q1*A40)', 789, 'B & Fr', 'S1C'),
(1472, 1, 364, 'a', NULL, NULL, 0, 'D4:(Q1*A40)', 789, 'B & Fr', 'S1C'),
(1473, 2, 111, 'i', NULL, NULL, 0, 'D4:(Q1*A40)', 818, 'B', 'S1C'),
(1474, 2, 112, 'd', NULL, NULL, 0, 'D4:(Q1*A40)', 819, 'B', 'S1C'),
(1475, 2, 113, 'e', NULL, NULL, 0, 'D4:(Q1*A40)', 819, 'B', 'S1C'),
(1476, 2, 113, 'k', NULL, NULL, 0, 'D4:(Q1*A40)', 819, 'B', 'S1C'),
(1477, 2, 151, 'e', NULL, NULL, 0, 'D4:(Q1*A40)', 845, 'B', 'S1C'),
(1478, 3, 99, 'f', NULL, NULL, 0, 'D4:(Q1*A40)', 905, 'Fr', 'S1C'),
(1479, 3, 181, 'a', NULL, NULL, 0, 'D4:(Q1*A40)', 929, 'L', 'S1C'),
(1480, 4, 165, 'c', NULL, NULL, 0, 'D4:(Q1*A40)', 1043, 'B', 'S1C'),
(1481, 4, 392, 'c', NULL, NULL, 0, 'D4:(Q1*A40)', 1067, 'Fr', 'S1C'),
(1482, 4, 396, 'b', NULL, NULL, 0, 'D4:(Q1*A40)', 1067, 'Fr', 'S1C'),
(1483, 6, 30, 'm', NULL, NULL, 0, 'D4:(Q1*A40)', 1190, 'B', 'S1C'),
(1484, 6, 177, 'g', NULL, NULL, 0, 'D4:(Q1*A40)', 1287, 'Fr', 'S1C'),
(1485, 6, 215, 'g', NULL, NULL, 0, 'D4:(Q1*A40)', 1313, 'Fr', 'S1C'),
(1486, 8, 453, NULL, 0, 'c', 0, 'D4:(Q1*A40)', 1, 'unknown', 'S1C'),
(1487, 6, 215, 'j', NULL, NULL, 0, 'D4*Q1*A40', 1313, 'Fr', 'S1C'),
(1488, 2, 210, 'a', NULL, NULL, 0, 'F51:D21:A40', 862, 'B & L', 'S1C'),
(1489, 2, 210, 'c', NULL, NULL, 0, 'F51:D21:A40', 862, 'B & L', 'S1C'),
(1490, 2, 211, 'b', NULL, NULL, 0, 'F51:D21:A40', 862, 'B & L', 'S1C'),
(1491, 2, 211, 'c', NULL, NULL, 0, 'F51:D21:A40', 862, 'B & L', 'S1C'),
(1492, 2, 213, 'b', NULL, NULL, 0, 'F51:D21:A40', 862, 'B & L', 'S1C'),
(1493, 2, 217, 'b', NULL, NULL, 0, 'F51:D21:A40', 862, 'B & L', 'S1C'),
(1494, 2, 219, 'e', NULL, NULL, 0, 'F51:D21:A40', 862, 'B & L', 'S1C'),
(1495, 2, 224, 'f', NULL, NULL, 0, 'F51:D21:A40', 862, 'B & L', 'S1C'),
(1496, 2, 247, 'b', NULL, NULL, 0, 'F51:D21:A40', 863, 'B & L', 'S1C'),
(1497, 3, 357, 'e', NULL, NULL, 0, 'F51:D21:A40', 968, 'F & L', 'S1C'),
(1498, 4, 168, 'c', NULL, NULL, 0, 'F51:D21:A40', 1044, 'B & L', 'S1C'),
(1499, 6, 217, 'j', NULL, NULL, 0, 'F51:D21:A40', 1317, 'Fr', 'S1C'),
(1500, 6, 217, 'm', NULL, NULL, 0, 'F51:D21:A40', 1317, 'Fr', 'S1C'),
(1501, 5, 282, 'b', NULL, NULL, 0, 'F51*D21:A40', 1147, 'Fr', 'S1C'),
(1502, 6, 215, 'c', NULL, NULL, 0, 'F51*D21:A40', 1313, 'Fr', 'S1C'),
(1503, 2, 207, 'a', NULL, NULL, 0, '(F51:D21)*A40', 861, 'B & L', 'S1C');
INSERT INTO `spelling` (`id`, `vol`, `page`, `section`, `pyr_page`, `pyr_sect`, `is_locution`, `type`, `spell`, `position`, `document`) VALUES
(1504, 6, 218, 'f', NULL, NULL, 0, '(F51:D21)*A40', 1319, 'Fr', 'S1C'),
(1505, 1, 107, 'b', NULL, NULL, 0, 'D4:Q1:A40', 746, 'B', 'S2C'),
(1506, 1, 120, 'b', NULL, NULL, 0, 'D4:Q1:A40', 747, 'B', 'S2C'),
(1507, 2, 68, 'b', NULL, NULL, 0, 'D4:Q1:A40', 808, 'Fr & L', 'S2C'),
(1508, 2, 69, 'a', NULL, NULL, 0, 'D4:Q1:A40', 808, 'Fr & L', 'S2C'),
(1509, 2, 70, 'a', NULL, NULL, 0, 'D4:Q1:A40', 808, 'Fr & L', 'S2C'),
(1510, 2, 77, 'a', NULL, NULL, 0, 'D4:Q1:A40', 810, 'Fr & L', 'S2C'),
(1511, 2, 79, 'a', NULL, NULL, 0, 'D4:Q1:A40', 810, 'Fr & L', 'S2C'),
(1512, 2, 79, 'b', NULL, NULL, 0, 'D4:Q1:A40', 810, 'Fr & L', 'S2C'),
(1513, 2, 79, 'c', NULL, NULL, 0, 'D4:Q1:A40', 810, 'Fr & L', 'S2C'),
(1514, 2, 207, 'a', NULL, NULL, 0, 'D4:Q1:A40', 861, 'Fr & L', 'S2C'),
(1515, 2, 210, 'a', NULL, NULL, 0, 'D4:Q1:A40', 862, 'Fr & L', 'S2C'),
(1516, 2, 211, 'b', NULL, NULL, 0, 'D4:Q1:A40', 862, 'Fr & L', 'S2C'),
(1517, 2, 213, 'b', NULL, NULL, 0, 'D4:Q1:A40', 862, 'Fr & L', 'S2C'),
(1518, 2, 217, 'b', NULL, NULL, 0, 'D4:Q1:A40', 862, 'Fr & L', 'S2C'),
(1519, 2, 219, 'a', NULL, NULL, 0, 'D4:Q1:A40', 862, 'Fr & L', 'S2C'),
(1520, 2, 219, 'e', NULL, NULL, 0, 'D4:Q1:A40', 862, 'Fr & L', 'S2C'),
(1521, 2, 224, 'a', NULL, NULL, 0, 'D4:Q1:A40', 862, 'Fr & L', 'S2C'),
(1522, 2, 224, 'f', NULL, NULL, 0, 'D4:Q1:A40', 862, 'Fr & L', 'S2C'),
(1523, 2, 244, 'a', NULL, NULL, 0, 'D4:Q1:A40', 863, 'H & B & Fr & L', 'S2C'),
(1524, 2, 246, 'a', NULL, NULL, 0, 'D4:Q1:A40', 863, 'H & B & Fr & L', 'S2C'),
(1525, 2, 247, 'b', NULL, NULL, 0, 'D4:Q1:A40', 863, 'H & B & Fr & L', 'S2C'),
(1526, 2, 250, 'a', NULL, NULL, 0, 'D4:Q1:A40', 863, 'H & B & Fr & L', 'S2C'),
(1527, 2, 252, 'b', NULL, NULL, 0, 'D4:Q1:A40', 863, 'H & B & Fr & L', 'S2C'),
(1528, 2, 290, 'b', NULL, NULL, 0, 'D4:Q1:A40', 869, 'B', 'S2C'),
(1529, 2, 294, 'b', NULL, NULL, 0, 'D4:Q1:A40', 869, 'B', 'S2C'),
(1530, 2, 310, 'b', NULL, NULL, 0, 'D4:Q1:A40', 870, 'B', 'S2C'),
(1531, 2, 314, 'a', NULL, NULL, 0, 'D4:Q1:A40', 870, 'B', 'S2C'),
(1532, 2, 318, 'a', NULL, NULL, 0, 'D4:Q1:A40', 870, 'B', 'S2C'),
(1533, 3, 99, 'f', NULL, NULL, 0, 'D4:Q1:A40', 905, 'F', 'S2C'),
(1534, 3, 348, 'b', NULL, NULL, 0, 'D4:Q1:A40', 965, 'Fr', 'S2C'),
(1535, 4, 136, 'e', NULL, NULL, 0, 'D4:Q1:A40', 1032, 'Fr', 'S2C'),
(1536, 4, 165, 'c', NULL, NULL, 0, 'D4:Q1:A40', 1043, 'B', 'S2C'),
(1537, 4, 168, 'c', NULL, NULL, 0, 'D4:Q1:A40', 1044, 'B', 'S2C'),
(1538, 4, 371, 'a', NULL, NULL, 0, 'D4:Q1:A40', 1059, 'B', 'S2C'),
(1539, 5, 287, 'c', NULL, NULL, 0, 'D4:Q1:A40', 1150, 'H', 'S2C'),
(1540, 7, 67, 'g', NULL, NULL, 0, 'D4:Q1:A40', 1578, 'F', 'S2C'),
(1541, 7, 72, 'h', NULL, NULL, 0, 'D4:Q1:A40', 1580, 'F & L', 'S2C'),
(1542, 7, 79, 'c', NULL, NULL, 0, 'D4:Q1:A40', 1588, 'Fr & L', 'S2C'),
(1543, 7, 80, 'b', NULL, NULL, 0, 'D4:Q1:A40', 1589, 'Fr & L', 'S2C'),
(1544, 7, 82, 'a', NULL, NULL, 0, 'D4:Q1:A40', 1589, 'Fr & L', 'S2C'),
(1545, 7, 83, 'a', NULL, NULL, 0, 'D4:Q1:A40', 1589, 'Fr & L', 'S2C'),
(1546, 7, 85, 'e', NULL, NULL, 0, 'D4:Q1:A40', 1590, 'Fr & L', 'S2C'),
(1547, 7, 85, 'f', NULL, NULL, 0, 'D4:Q1:A40', 1590, 'Fr & L', 'S2C'),
(1548, 5, 268, 'a', NULL, NULL, 0, 'Q1:D4:A40', 1138, 'H', 'S2C'),
(1549, 1, 350, 'b', NULL, NULL, 0, 'D4:(Q1*A40)', 789, 'B', 'S2C'),
(1550, 4, 139, 'a', NULL, NULL, 0, 'D4:(Q1*A40)', 1032, 'Fr', 'S2C'),
(1551, 5, 267, 'e', NULL, NULL, 0, 'D4:Q1', 1138, 'H', 'S2C'),
(1552, 1, 120, 'e', NULL, NULL, 0, 'F51:D21:A40', 747, 'B', 'S2C'),
(1553, 2, 77, 'a', NULL, NULL, 0, 'F51:D21:A40', 810, 'Fr & L', 'S2C'),
(1554, 2, 79, 'b', NULL, NULL, 0, 'F51:D21:A40', 810, 'Fr & L', 'S2C'),
(1555, 2, 79, 'c', NULL, NULL, 0, 'F51:D21:A40', 810, 'Fr & L', 'S2C'),
(1556, 3, 181, 'a', NULL, NULL, 0, 'F51:D21:A40', 929, 'B', 'S2C'),
(1557, 3, 193, 'c', NULL, NULL, 0, 'F51:D21:A40', 930, 'B', 'S2C'),
(1558, 3, 206, 'd', NULL, NULL, 0, 'F51:D21:A40', 935, 'H', 'S2C'),
(1559, 3, 357, 'e', NULL, NULL, 0, 'F51:D21:A40', 968, 'Fr & L', 'S2C'),
(1560, 4, 370, 'b', NULL, NULL, 0, 'F51:D21:A40', 1059, 'B', 'S2C'),
(1561, 4, 372, 'a', NULL, NULL, 0, 'F51:D21:A40', 1059, 'B', 'S2C'),
(1562, 5, 243, 'e', NULL, NULL, 0, 'F51:D21:A40', 1127, 'B', 'S2C'),
(1563, 5, 284, 'b', NULL, NULL, 0, 'F51:D21:A40', 1148, 'H', 'S2C'),
(1564, 6, 201, 'a', NULL, NULL, 0, 'F51:D21:A40', 1299, 'B', 'S2C'),
(1565, 6, 201, 'c', NULL, NULL, 0, 'F51:D21:A40', 1299, 'B', 'S2C'),
(1566, 6, 177, 'g', NULL, NULL, 0, 'F51*D21:A40', 1287, 'B', 'S2C'),
(1567, 2, 111, 'i', NULL, NULL, 0, '(F51:D21)*A40', 818, 'L', 'S2C'),
(1568, 2, 294, 'b', NULL, NULL, 0, 'D4:Q1:A40', 869, 'Fr', 'S3C'),
(1569, 2, 314, 'a', NULL, NULL, 0, 'D4:Q1:A40', 870, 'Fr', 'S3C'),
(1570, 2, 308, 'b', NULL, NULL, 0, 'D4:(Q1*A40)', 870, 'Fr', 'S3C'),
(1571, 2, 310, 'b', NULL, NULL, 0, 'D4:(Q1*A40)', 870, 'Fr', 'S3C'),
(1572, 6, 210, 'd', NULL, NULL, 0, 'D4:(Q1*A40)', 1304, 'unknown', 'S3C'),
(1573, 6, 211, 'b', NULL, NULL, 0, 'D4:(Q1*A40)', 1306, 'unknown', 'S3C'),
(1574, 6, 212, 'k', NULL, NULL, 0, 'D4:(Q1*A40)', 1308, 'Fr', 'S3C'),
(1575, 6, 215, 'g', NULL, NULL, 0, 'D4:Q1:A40', 1313, 'Fr', 'S5C'),
(1576, 6, 218, 'k', NULL, NULL, 0, 'D4:Q1:A40', 1319, 'Fr', 'S5C'),
(1577, 6, 218, 'g', NULL, NULL, 0, 'D4:Q1:A40', 1319, 'Fr', 'S5C'),
(1578, 7, 104, 'i', NULL, NULL, 0, 'D4:Q1:A40', 1609, 'B', 'S5C'),
(1579, 7, 104, 'm', NULL, NULL, 0, 'D4:Q1:A40', 1609, 'B', 'S5C'),
(1580, 7, 105, 'k', NULL, NULL, 0, 'D4:Q1:A40', 1611, 'B', 'S5C'),
(1581, 8, 49, NULL, 134, 'b', 0, 'D4:Q1:A40', 213, 'B', 'S5C'),
(1582, 6, 215, 'c', NULL, NULL, 0, 'D4:(Q1*A40)', 1313, 'Fr', 'S5C'),
(1583, 6, 215, 'e', NULL, NULL, 0, 'D4:(Q1*A40)', 1313, 'Fr', 'S5C'),
(1584, 6, 223, 'g', NULL, NULL, 0, 'D4:(Q1*A40)', 1323, 'B', 'S5C'),
(1585, 4, 371, 'a', NULL, NULL, 0, '(D4:Q1)*A40', 1059, 'L', 'S5C'),
(1586, 4, 372, 'a', NULL, NULL, 0, '(D4:Q1)*A40', 1059, 'L', 'S5C'),
(1587, 4, 373, 'a', NULL, NULL, 0, '(D4:Q1)*A40', 1059, 'L', 'S5C'),
(1588, 1, 102, 'a', NULL, NULL, 0, 'D4*Q1*A40', 746, 'H', 'S5C'),
(1589, 4, 370, 'b', NULL, NULL, 0, 'D4*Q1*A40', 1059, 'L', 'S5C'),
(1590, 6, 222, 'b', NULL, NULL, 0, 'D4*Q1*A40', 1323, 'B', 'S5C'),
(1591, 6, 222, 'i', NULL, NULL, 0, 'D4*Q1*A40', 1323, 'B', 'S5C'),
(1592, 6, 223, 'e', NULL, NULL, 0, 'D4*Q1*A40', 1323, 'B', 'S5C'),
(1593, 6, 218, 'r', NULL, NULL, 0, 'D4:Q1', 1319, 'Fr', 'S5C'),
(1594, 2, 310, 'b', NULL, NULL, 0, 'D4:Q1:A40', 870, 'B', 'S9C'),
(1595, 6, 215, 'g', NULL, NULL, 0, 'D4:Q1:A40', 1313, 'Fr', 'S9C'),
(1596, 2, 290, 'b', NULL, NULL, 0, 'D4:(Q1*A40)', 869, 'B', 'S9C'),
(1597, 1, 29, 'b', NULL, NULL, 0, 'D4:Q1:A40', 723, 'Bo', 'S10C'),
(1598, 1, 119, 'd', NULL, NULL, 0, 'D4:Q1:A40', 747, 'unknown', 'S10C'),
(1599, 1, 282, 'g', NULL, NULL, 0, 'D4:Q1:A40', 781, 'unknown', 'S10C'),
(1600, 1, 312, 'b', NULL, NULL, 0, 'D4:Q1:A40', 788, 'unknown', 'S10C'),
(1601, 5, 267, 'e', NULL, NULL, 0, 'D4:Q1:A40', 1138, 'L', 'S10C'),
(1602, 5, 268, 'a', NULL, NULL, 0, 'D4:Q1:A40', 1138, 'L', 'S10C'),
(1603, 6, 243, 'h', NULL, NULL, 0, 'D4:Q1:A40', 1340, 'F & L', 'S10C'),
(1604, 6, 248, 'k', NULL, NULL, 0, 'D4:Q1:A40', 1343, 'L', 'S10C'),
(1605, 6, 249, 'e', NULL, NULL, 0, 'D4:Q1:A40', 1343, 'L', 'S10C'),
(1606, 7, 10, 'l', NULL, NULL, 0, 'D4:Q1:A40', 1519, 'unknown', 'S10C'),
(1607, 1, 302, 'f', NULL, NULL, 0, 'D4:(Q1*A40)', 786, 'unknown', 'S10C'),
(1608, 6, 223, 'g', NULL, NULL, 0, 'D4:(Q1*A40)', 1323, 'B', 'S10C'),
(1609, 6, 243, 'h', NULL, NULL, 0, 'D4:(Q1*A40)', 1340, 'F & L', 'S10C'),
(1610, 1, 102, 'a', NULL, NULL, 0, '(D4:Q1)*A40', 746, 'F', 'S10C'),
(1611, 4, 370, 'b', NULL, NULL, 0, '(D4:Q1)*A40', 1059, 'L', 'S10C'),
(1612, 4, 371, 'a', NULL, NULL, 0, '(D4:Q1)*A40', 1059, 'L', 'S10C'),
(1613, 4, 372, 'a', NULL, NULL, 0, '(D4:Q1)*A40', 1059, 'L', 'S10C'),
(1614, 4, 373, 'a', NULL, NULL, 0, '(D4:Q1)*A40', 1059, 'L', 'S10C'),
(1615, 6, 222, 'b', NULL, NULL, 0, '(D4:Q1)*A40', 1323, 'B', 'S10C'),
(1616, 5, 22, 'f', NULL, NULL, 0, 'F51:D21:A40', 1076, 'B', 'S10C'),
(1617, 6, 248, 'k', NULL, NULL, 0, 'F51:D21:A40', 1343, 'L', 'S10C'),
(1618, 6, 210, 'd', NULL, NULL, 0, 'D4:Q1:A40', 1304, 'unknown', 'S11C'),
(1619, 6, 215, 'c', NULL, NULL, 0, 'D4:Q1:A40', 1313, 'Fr', 'S11C'),
(1620, 6, 223, 'g', NULL, NULL, 0, 'D4:Q1:A40', 1323, 'B', 'S11C'),
(1621, 3, 328, 'a', NULL, NULL, 0, 'D4:(Q1*A40)', 956, 'Fr', 'S11C'),
(1622, 1, 102, 'a', NULL, NULL, 0, '(D4:Q1)*A40', 746, 'F', 'S11C'),
(1623, 4, 372, 'a', NULL, NULL, 0, '(D4:Q1)*A40', 1059, 'L', 'S11C'),
(1624, 4, 371, 'a', NULL, NULL, 0, 'D4*Q1*A40', 1059, 'L', 'S11C'),
(1625, 6, 222, 'b', NULL, NULL, 0, 'D4*Q1*A40', 1323, 'B', 'S11C'),
(1626, 6, 222, 'i', NULL, NULL, 0, 'D4:(Q1*M17)', 1323, 'B', 'S11C'),
(1627, 4, 370, 'b', NULL, NULL, 0, 'D4:Q1', 1059, 'L', 'S11C'),
(1628, 4, 373, 'a', NULL, NULL, 0, 'D4:Q1', 1059, 'L', 'S11C'),
(1629, 1, 102, 'a', NULL, NULL, 0, 'D4:(Q1*A40)', 746, 'H', 'S12C'),
(1630, 6, 222, 'b', NULL, NULL, 0, 'D4*Q1*A40', 1323, 'B', 'S12C'),
(1631, 5, 267, 'e', NULL, NULL, 0, 'D4:Q1:A40', 1138, 'L', 'S14C'),
(1632, 5, 298, 'f', NULL, NULL, 0, 'D4:Q1:A40', 1155, 'L', 'S14C'),
(1633, 2, 207, 'a', NULL, NULL, 0, 'D4:(Q1*A40)', 861, 'L', 'S1Chass'),
(1634, 2, 210, 'a', NULL, NULL, 0, 'D4:(Q1*A40)', 862, 'L', 'S1Chass'),
(1635, 2, 210, 'c', NULL, NULL, 0, 'D4:(Q1*A40)', 862, 'L', 'S1Chass'),
(1636, 2, 211, 'b', NULL, NULL, 0, 'D4:(Q1*A40)', 862, 'L', 'S1Chass'),
(1637, 2, 211, 'c', NULL, NULL, 0, 'D4:(Q1*A40)', 862, 'L', 'S1Chass'),
(1638, 2, 213, 'b', NULL, NULL, 0, 'D4:(Q1*A40)', 862, 'L', 'S1Chass'),
(1639, 2, 217, 'e', NULL, NULL, 0, 'D4:(Q1*A40)', 862, 'L', 'S1Chass'),
(1640, 2, 219, 'a', NULL, NULL, 0, 'D4:(Q1*A40)', 862, 'L', 'S1Chass'),
(1641, 2, 224, 'a', NULL, NULL, 0, 'D4:(Q1*A40)', 862, 'L', 'S1Chass'),
(1642, 2, 224, 'f', NULL, NULL, 0, 'D4:(Q1*A40)', 862, 'L', 'S1Chass'),
(1643, 2, 246, 'a', NULL, NULL, 0, 'D4:(Q1*A40)', 863, 'L', 'S1Chass'),
(1644, 2, 247, 'b', NULL, NULL, 0, 'D4:(Q1*A40)', 863, 'L', 'S1Chass'),
(1645, 2, 247, 'c', NULL, NULL, 0, 'D4:(Q1*A40)', 863, 'L', 'S1Chass'),
(1646, 4, 136, 'e', NULL, NULL, 0, 'D4:(Q1*A40)', 1032, 'L', 'S1Chass'),
(1647, 4, 139, 'a', NULL, NULL, 0, 'D4:(Q1*A40)', 1032, 'L', 'S1Chass'),
(1648, 2, 207, 'a', NULL, NULL, 0, 'D4:(Q1*A40)', 861, 'L', 'S1P'),
(1649, 2, 210, 'a', NULL, NULL, 0, 'D4:(Q1*A40)', 862, 'L', 'S1P'),
(1650, 2, 210, 'c', NULL, NULL, 0, 'D4:(Q1*A40)', 862, 'L', 'S1P'),
(1651, 2, 211, 'b', NULL, NULL, 0, 'D4:(Q1*A40)', 862, 'L', 'S1P'),
(1652, 2, 211, 'c', NULL, NULL, 0, 'D4:(Q1*A40)', 862, 'L', 'S1P'),
(1653, 2, 213, 'b', NULL, NULL, 0, 'D4:(Q1*A40)', 862, 'L', 'S1P'),
(1654, 2, 217, 'b', NULL, NULL, 0, 'D4:(Q1*A40)', 862, 'L', 'S1P'),
(1655, 2, 219, 'a', NULL, NULL, 0, 'D4:(Q1*A40)', 862, 'L', 'S1P'),
(1656, 2, 219, 'e', NULL, NULL, 0, 'D4:(Q1*A40)', 862, 'L', 'S1P'),
(1657, 2, 224, 'a', NULL, NULL, 0, 'D4:(Q1*A40)', 862, 'L', 'S1P'),
(1658, 2, 246, 'a', NULL, NULL, 0, 'D4:(Q1*A40)', 863, 'L', 'S1P'),
(1659, 2, 247, 'b', NULL, NULL, 0, 'D4:(Q1*A40)', 863, 'L', 'S1P'),
(1660, 2, 247, 'c', NULL, NULL, 0, 'D4:(Q1*A40)', 863, 'L', 'S1P'),
(1661, 2, 302, 'c', NULL, NULL, 0, 'D4:(Q1*A40)', 869, 'unknown', 'S1P'),
(1662, 4, 136, 'e', NULL, NULL, 0, 'D4:(Q1*A40)', 1032, 'L', 'S1P'),
(1663, 4, 139, 'a', NULL, NULL, 0, 'D4:(Q1*A40)', 1032, 'L', 'S1P'),
(1664, 2, 211, 'c', NULL, NULL, 0, 'D4:Q1:A40', 862, 'L', 'S2P'),
(1665, 2, 217, 'b', NULL, NULL, 0, 'D4:Q1:A40', 862, 'L', 'S2P'),
(1666, 2, 207, 'a', NULL, NULL, 0, 'D4:(Q1*A40)', 861, 'L', 'S2P'),
(1667, 2, 210, 'a', NULL, NULL, 0, 'D4:(Q1*A40)', 862, 'L', 'S2P'),
(1668, 2, 210, 'c', NULL, NULL, 0, 'D4:(Q1*A40)', 862, 'L', 'S2P'),
(1669, 2, 213, 'b', NULL, NULL, 0, 'D4:(Q1*A40)', 862, 'L', 'S2P'),
(1670, 2, 246, 'a', NULL, NULL, 0, 'D4:(Q1*A40)', 863, 'B', 'S2P'),
(1671, 2, 247, 'b', NULL, NULL, 0, 'D4:(Q1*A40)', 863, 'B', 'S2P'),
(1672, 2, 247, 'c', NULL, NULL, 0, 'D4:(Q1*A40)', 863, 'B', 'S2P'),
(1673, 2, 290, 'b', NULL, NULL, 0, 'D4:(Q1*A40)', 869, 'L', 'S2P'),
(1674, 2, 294, 'b', NULL, NULL, 0, 'D4:(Q1*A40)', 869, 'L', 'S2P'),
(1675, 2, 308, 'b', NULL, NULL, 0, 'D4:(Q1*A40)', 870, 'L', 'S2P'),
(1676, 2, 310, 'b', NULL, NULL, 0, 'D4:(Q1*A40)', 870, 'L', 'S2P'),
(1677, 2, 314, 'a', NULL, NULL, 0, 'D4:(Q1*A40)', 870, 'L', 'S2P'),
(1678, 2, 318, 'a', NULL, NULL, 0, 'D4:(Q1*A40)', 870, 'L', 'S2P'),
(1679, 6, 210, 'b', NULL, NULL, 0, 'D4:(Q1*A40)', 1304, 'B', 'S2P'),
(1680, 6, 210, 'd', NULL, NULL, 0, 'D4:(Q1*A40)', 1304, 'B', 'S2P'),
(1681, 6, 210, 'h', NULL, NULL, 0, 'D4:(Q1*A40)', 1304, 'B', 'S2P'),
(1682, 6, 211, 'b', NULL, NULL, 0, 'D4:(Q1*A40)', 1306, 'B', 'S2P'),
(1683, 6, 211, 'h', NULL, NULL, 0, 'D4:(Q1*A40)', 1306, 'B', 'S2P'),
(1684, 6, 211, 'j', NULL, NULL, 0, 'D4:(Q1*A40)', 1306, 'B', 'S2P'),
(1685, 6, 212, 'k', NULL, NULL, 0, 'D4:(Q1*A40)', 1308, 'B', 'S2P'),
(1686, 6, 212, 'b', NULL, NULL, 0, 'D4:(Q1*A40)', 1308, 'B', 'S2P'),
(1687, 2, 290, 'b', NULL, NULL, 0, 'D4:(Q1*A40)', 869, 'B', 'S3P'),
(1688, 2, 302, 'c', NULL, NULL, 0, 'D4:(Q1*A40)', 869, 'B', 'S3P'),
(1689, 2, 308, 'b', NULL, NULL, 0, 'D4:(Q1*A40)', 870, 'B', 'S3P'),
(1690, 2, 310, 'b', NULL, NULL, 0, 'D4:(Q1*A40)', 870, 'B', 'S3P'),
(1691, 2, 314, 'a', NULL, NULL, 0, 'D4:(Q1*A40)', 870, 'B', 'S3P'),
(1692, 2, 318, 'a', NULL, NULL, 0, 'D4:(Q1*A40)', 870, 'B', 'S3P'),
(1693, 6, 222, 'b', NULL, NULL, 0, 'D4*Q1*A40', 1323, 'B', 'S6P'),
(1694, 6, 223, 'e', NULL, NULL, 0, '(D4:(Q1*Z1))*A40', 1323, 'B', 'S6P'),
(1695, 2, 294, 'b', NULL, NULL, 0, 'D4:Q1:A40', 869, 'unknown', 'S1T체'),
(1696, 2, 290, 'b', NULL, NULL, 0, 'D4:(Q1*A40)', 869, 'unknown', 'S1T체'),
(1697, 2, 302, 'c', NULL, NULL, 0, 'D4:(Q1*A40)', 869, 'unknown', 'S1T체'),
(1698, 2, 308, 'b', NULL, NULL, 0, 'D4:(Q1*A40)', 870, 'unknown', 'S1T체'),
(1699, 8, 47, NULL, 134, 'a', 0, 'D4:Q1', 213, 'L', 'Sq2Be'),
(1700, 8, 49, NULL, 134, 'b', 0, 'D4:Q1', 213, 'L', 'Sq2Be'),
(1701, 8, 431, NULL, 2022, 'a', 0, 'D4:Q1', 686, 'L', 'Sq3Be'),
(1702, 6, 287, 'm', NULL, NULL, 0, 'D4:Q1', 1376, 'unknown', 'Sq1C'),
(1703, 5, 320, 'd', NULL, NULL, 0, 'D4:Q1', 1165, 'Fr', 'Sq1C'),
(1704, 8, 261, NULL, 234, 'b', 0, 'D4:Q1', 230, 'B', 'Sq1C'),
(1705, 4, 254, 'a', NULL, NULL, 0, 'D4:(Q1*Z1)', 1049, 'L', 'Sq1C'),
(1706, 8, 261, NULL, 234, 'b', 0, 'D4:Q1:A40', 230, 'B', 'Sq2C'),
(1707, 1, 295, 'c', NULL, NULL, 0, 'D4:Q1:A40', 783, 'B', 'Sq3C'),
(1708, 1, 282, 'b', NULL, NULL, 0, 'Q1:D4:A40', 781, 'B', 'Sq3C'),
(1709, 1, 282, 'g', NULL, NULL, 0, 'Q1:D4:A40', 781, 'B', 'Sq3C'),
(1710, 1, 299, 'd', NULL, NULL, 0, 'Q1:D4:A40', 786, 'B', 'Sq3C'),
(1711, 1, 302, 'f', NULL, NULL, 0, 'Q1:D4:A40', 786, 'B', 'Sq3C'),
(1712, 1, 307, 'f', NULL, NULL, 0, 'Q1:D4:A40', 788, 'B', 'Sq3C'),
(1713, 3, 262, 'c', NULL, NULL, 0, 'Q1:D4:A40', 941, 'Bo', 'Sq3C'),
(1714, 5, 26, 'i', NULL, NULL, 0, 'Q1:D4:A40', 1079, 'Bo', 'Sq3C'),
(1715, 7, 60, 'q', NULL, NULL, 0, 'Q1:D4:A40', 1572, 'Fr', 'Sq3C'),
(1716, 8, 13, NULL, 44, 'a', 0, 'Q1:D4:A40', 63, 'unknown', 'Sq3C'),
(1717, 8, 359, NULL, 826, 'a', 0, 'Q1:D4:A40', 447, 'L', 'Sq3C'),
(1718, 3, 261, 'd', NULL, NULL, 0, 'Q1:D4:(A40*Z1)', 941, 'Bo', 'Sq3C'),
(1719, 8, 368, NULL, 832, 'a', 0, 'D4:Q1', 450, 'L', 'Sq3C'),
(1720, 8, 380, NULL, 848, 'b', 0, 'D4:Q1', 455, 'L', 'Sq3C'),
(1721, 8, 431, NULL, 2022, 'a', 0, 'D4:(Q1*A40)', 686, 'B', 'Sq4C'),
(1722, 8, 359, NULL, 826, 'a', 0, 'D4:Q1', 447, 'L', 'Sq4C'),
(1723, 8, 380, NULL, 848, 'b', 0, 'D4:Q1', 455, 'L', 'Sq4C'),
(1724, 8, 430, NULL, 2020, 'a', 0, 'D4:Q1', 686, 'B', 'Sq4C'),
(1725, 8, 359, NULL, 826, 'a', 0, 'D4:Q1', 447, 'L', 'Sq5C'),
(1726, 8, 368, NULL, 832, 'a', 0, 'D4:Q1', 450, 'L', 'Sq5C'),
(1727, 8, 380, NULL, 848, 'b', 0, 'D4:Q1', 455, 'L', 'Sq5C'),
(1728, 4, 6, 'd', NULL, NULL, 0, 'Q1:D4:A40', 983, 'Bo', 'Sq6C'),
(1729, 4, 6, 'e', NULL, NULL, 0, 'Q1:D4:A40', 983, 'Bo', 'Sq6C'),
(1730, 4, 7, 'k', NULL, NULL, 0, 'Q1:D4:A40', 983, 'Bo', 'Sq6C'),
(1731, 6, 199, 'c', NULL, NULL, 0, 'Q1:D4:A40', 1297, 'unknown', 'Sq6C'),
(1732, 8, 368, NULL, 832, 'a', 0, 'Q1:D4:A40', 450, 'L', 'Sq6C'),
(1733, 8, 380, NULL, 848, 'b', 0, 'Q1:D4:A40', 455, 'L', 'Sq6C'),
(1734, 1, 295, 'c', NULL, NULL, 0, 'D4:Q1', 783, 'F', 'Sq6C'),
(1735, 4, 254, 'a', NULL, NULL, 0, 'D4:Q1', 1049, 'L', 'Sq7C'),
(1736, 8, 49, NULL, 134, 'b', 0, 'Q1:D4:A40', 213, 'L', 'Sq9C'),
(1737, 6, 122, 'd', NULL, NULL, 0, 'Q1:D4:A40', 1244, 'L', 'Sq10C'),
(1738, 8, 431, NULL, 2022, 'a', 0, 'Q1:D4:A40', 686, 'unknown', 'Sq10C'),
(1739, 5, 19, 'd', NULL, NULL, 0, 'Q1:D4:A40', 1076, 'L', 'Sq11C'),
(1740, 6, 81, 'b', NULL, NULL, 0, 'Q1:D4:A40', 1212, 'L', 'Sq12C'),
(1741, 6, 81, 'c', NULL, NULL, 0, 'Q1:D4:A40', 1212, 'L', 'Sq12C'),
(1742, 8, 359, NULL, 826, 'a', 0, 'D4:(Q1*A40)', 447, 'L', 'Sq13C'),
(1743, 7, 63, 'a', NULL, NULL, 0, 'D4:Q1', 1575, 'unknown', 'Sq1Sq'),
(1744, 8, 261, NULL, 234, 'b', 0, 'D4:Q1', 230, 'X', 'Sq1Sq'),
(1745, 8, 261, NULL, 234, 'b', 0, 'D4:Q1', 230, 'X', 'Sq2Sq'),
(1746, 2, 176, 'c', NULL, NULL, 0, 'D4:(Q1*A40)', 857, 'L', 'Sq3Sq'),
(1747, 4, 254, 'a', NULL, NULL, 0, 'Q1:D4:A40', 1049, 'L', 'Sq4Sq'),
(1748, 5, 178, 'e', NULL, NULL, 0, '(F51:D21)*A40', 1117, 'Fr', 'Sq5Sq'),
(1749, 3, 307, 'a', NULL, NULL, 0, 'D4:(Q1*M17)', 951, 'B', 'T1Be'),
(1750, 3, 308, 'a', NULL, NULL, 0, 'D4:(Q1*M17)', 951, 'B', 'T1Be'),
(1751, 3, 309, 'b', NULL, NULL, 0, 'D4:(Q1*M17)', 951, 'B', 'T1Be'),
(1752, 3, 311, 'a', NULL, NULL, 0, 'D4:(Q1*M17)', 951, 'B', 'T1Be'),
(1753, 3, 311, 'h', NULL, NULL, 0, 'D4:(Q1*M17)', 951, 'B', 'T1Be'),
(1754, 3, 312, 'd', NULL, NULL, 0, 'D4:(Q1*M17)', 951, 'B', 'T1Be'),
(1755, 3, 313, 'c', NULL, NULL, 0, 'D4:(Q1*M17)', 951, 'B', 'T1Be'),
(1756, 3, 314, 'c', NULL, NULL, 0, 'D4:(Q1*M17)', 951, 'B', 'T1Be'),
(1757, 4, 255, 'a', NULL, NULL, 0, 'D4:(Q1*M17)', 1049, 'L', 'T1Be'),
(1758, 4, 337, 'g', NULL, NULL, 0, 'D4:(Q1*M17)', 1052, 'L', 'T1Be'),
(1759, 7, 27, 'e', NULL, NULL, 0, 'D4:(Q1*M17)', 1541, 'Fr', 'T1Be'),
(1760, 8, 29, NULL, 57, 'e', 0, 'D4:(Q1*M17)', 81, 'B', 'T1Be'),
(1761, 4, 336, 'd', NULL, NULL, 0, 'Q1*D4', 1052, 'L', 'T1Be'),
(1762, 7, 28, 'h', NULL, NULL, 0, 'D4:(Q1*Z1)', 1542, 'unknown', 'T1Be'),
(1763, 4, 335, 'a', NULL, NULL, 0, 'D4:Q1:A40', 1052, 'L', 'T2Be'),
(1764, 6, 145, 'd', NULL, NULL, 0, 'D4:Q1:A40', 1262, 'B', 'T2Be'),
(1765, 8, 7, NULL, 18, 'b', 0, 'D4:Q1:A40', 25, 'Fr', 'T2Be'),
(1766, 4, 255, 'a', NULL, NULL, 0, 'Q1:D4:A40', 1049, 'L', 'T3Be'),
(1767, 6, 69, 'b', NULL, NULL, 0, 'Q1:D4:A40', 1205, 'F', 'T3Be'),
(1768, 6, 83, 'b', NULL, NULL, 0, 'Q1:D4:A40', 1214, 'unknown', 'T3Be'),
(1769, 7, 28, 'o', NULL, NULL, 0, 'Q1:D4:A40', 1542, 'B', 'T3Be'),
(1770, 7, 28, 'v', NULL, NULL, 0, 'Q1:D4:A40', 1542, 'B', 'T3Be'),
(1771, 7, 29, 'q', NULL, NULL, 0, 'Q1:D4:A40', 1542, 'B', 'T3Be'),
(1772, 8, 287, NULL, 472, 'a', 0, 'Q1:D4:A40', 305, 'B', 'T3Be'),
(1773, 8, 47, NULL, 134, 'a', 0, 'Q1:D4:A40', 213, 'Fr', 'T4Be'),
(1774, 8, 49, NULL, 134, 'b', 0, 'Q1:D4:A40', 213, 'Fr', 'T4Be'),
(1775, 8, 405, NULL, 1800, 'a', 0, 'Q1:D4:A40', 637, 'H', 'T4Be'),
(1776, 1, 107, 'b', NULL, NULL, 0, 'D4:Q1:A40', 746, 'unknown', 'T1C'),
(1777, 1, 282, 'b', NULL, NULL, 0, 'Q1:D4:A40', 781, 'H', 'T1C'),
(1778, 1, 282, 'g', NULL, NULL, 0, 'Q1:D4:A40', 781, 'H', 'T1C'),
(1779, 1, 299, 'd', NULL, NULL, 0, 'Q1:D4:A40', 786, 'H', 'T1C'),
(1780, 1, 310, 'b', NULL, NULL, 0, 'Q1:D4:A40', 788, 'H', 'T1C'),
(1781, 1, 311, 'a', NULL, NULL, 0, 'Q1:D4:A40', 788, 'H', 'T1C'),
(1782, 1, 311, 'd', NULL, NULL, 0, 'Q1:D4:A40', 788, 'H', 'T1C'),
(1783, 1, 312, 'b', NULL, NULL, 0, 'Q1:D4:A40', 788, 'H', 'T1C'),
(1784, 3, 171, 'i', NULL, NULL, 0, 'Q1:D4:A40', 927, 'Fr', 'T1C'),
(1785, 3, 172, 'd', NULL, NULL, 0, 'Q1:D4:A40', 927, 'Fr', 'T1C'),
(1786, 4, 65, 'k', NULL, NULL, 0, 'Q1:D4:A40', 1024, 'Fr', 'T1C'),
(1787, 4, 71, 'c', NULL, NULL, 0, 'Q1:D4:A40', 1026, 'Fr', 'T1C'),
(1788, 4, 254, 'a', NULL, NULL, 0, 'Q1:D4:A40', 1049, 'B & F', 'T1C'),
(1789, 4, 392, 'c', NULL, NULL, 0, 'Q1:D4:A40', 1067, 'Fr', 'T1C'),
(1790, 4, 392, 'c', NULL, NULL, 0, 'Q1:D4:A40', 1067, 'Fr', 'T1C'),
(1791, 5, 19, 'd', NULL, NULL, 0, 'Q1:D4:A40', 1076, 'Fr', 'T1C'),
(1792, 5, 22, 'd', NULL, NULL, 0, 'Q1:D4:A40', 1076, 'Fr', 'T1C'),
(1793, 5, 227, 'a', NULL, NULL, 0, 'Q1:D4:A40', 1123, 'H & F & B', 'T1C'),
(1794, 5, 227, 'h', NULL, NULL, 0, 'Q1:D4:A40', 1123, 'H & F & B', 'T1C'),
(1795, 5, 228, 'f', NULL, NULL, 0, 'Q1:D4:A40', 1123, 'H & F & B', 'T1C'),
(1796, 5, 229, 'a', NULL, NULL, 0, 'Q1:D4:A40', 1123, 'H & F & B', 'T1C'),
(1797, 5, 229, 'f', NULL, NULL, 0, 'Q1:D4:A40', 1123, 'H & F & B', 'T1C'),
(1798, 5, 229, 'l', NULL, NULL, 0, 'Q1:D4:A40', 1123, 'H & F & B', 'T1C'),
(1799, 5, 230, 'e', NULL, NULL, 0, 'Q1:D4:A40', 1123, 'H & F & B', 'T1C'),
(1800, 5, 230, 'i', NULL, NULL, 0, 'Q1:D4:A40', 1123, 'H & F & B', 'T1C'),
(1801, 5, 230, 'n', NULL, NULL, 0, 'Q1:D4:A40', 1123, 'H & F & B', 'T1C'),
(1802, 5, 230, 'o', NULL, NULL, 0, 'Q1:D4:A40', 1123, 'H & F & B', 'T1C'),
(1803, 5, 231, 'c', NULL, NULL, 0, 'Q1:D4:A40', 1123, 'H & F & B', 'T1C'),
(1804, 5, 231, 'e', NULL, NULL, 0, 'Q1:D4:A40', 1123, 'H & F & B', 'T1C'),
(1805, 5, 231, 'j', NULL, NULL, 0, 'Q1:D4:A40', 1123, 'H & F & B', 'T1C'),
(1806, 5, 231, 'k', NULL, NULL, 0, 'Q1:D4:A40', 1123, 'H & F & B', 'T1C'),
(1807, 5, 232, 'a', NULL, NULL, 0, 'Q1:D4:A40', 1123, 'H & F & B', 'T1C'),
(1808, 5, 232, 'j', NULL, NULL, 0, 'Q1:D4:A40', 1123, 'H & F & B', 'T1C'),
(1809, 5, 233, 'h', NULL, NULL, 0, 'Q1:D4:A40', 1123, 'H & F & B', 'T1C'),
(1810, 8, 132, NULL, 155, 'a', 0, 'Q1:D4:A40', 217, 'unknown', 'T1C'),
(1811, 1, 307, 'f', NULL, NULL, 0, 'D4:Q1', 788, 'H', 'T1C'),
(1812, 1, 309, 'o', NULL, NULL, 0, 'D4:Q1', 788, 'H', 'T1C'),
(1813, 5, 232, 'f', NULL, NULL, 0, 'D4:Q1', 1123, 'H & F & B', 'T1C'),
(1814, 5, 232, 'g', NULL, NULL, 0, 'D4:Q1', 1123, 'H & F & B', 'T1C'),
(1815, 6, 122, 'b', NULL, NULL, 0, 'D4:Q1', 1244, 'Fr', 'T1C'),
(1816, 6, 122, 'd', NULL, NULL, 0, 'D4:Q1', 1244, 'Fr', 'T1C'),
(1817, 7, 34, 'h', NULL, NULL, 0, 'D4:Q1', 1547, 'F', 'T1C'),
(1818, 7, 34, 'k', NULL, NULL, 0, 'D4:Q1', 1547, 'F', 'T1C'),
(1819, 8, 29, NULL, 57, 'e', 0, 'D4:Q1', 81, 'Fr', 'T1C'),
(1820, 8, 359, NULL, 826, 'a', 0, 'D4:Q1', 447, 'F', 'T1C'),
(1821, 8, 368, NULL, 832, 'a', 0, 'D4:Q1', 450, 'F', 'T1C'),
(1822, 8, 405, NULL, 1800, 'a', 0, 'D4:Q1', 637, 'Fr', 'T1C'),
(1823, 8, 405, NULL, 0, 'B', 0, 'D4:Q1', 637, 'unknown', 'T1C'),
(1824, 8, 417, NULL, 1975, 'a', 0, 'D4:Q1', 670, 'F & H', 'T1C'),
(1825, 8, 420, NULL, 1978, 'b', 0, 'D4:Q1', 670, 'F', 'T1C'),
(1826, 8, 422, NULL, 1980, 'b', 0, 'D4:Q1', 670, 'F', 'T1C'),
(1827, 4, 396, 'b', NULL, NULL, 0, 'F51:D21', 1067, 'Fr', 'T1C'),
(1828, 1, 299, 'd', NULL, NULL, 0, 'Q1:D4:A40', 786, 'F & Fr', 'T2C'),
(1829, 1, 299, 'j', NULL, NULL, 0, 'Q1:D4:A40', 786, 'F & Fr', 'T2C'),
(1830, 1, 302, 'f', NULL, NULL, 0, 'Q1:D4:A40', 786, 'F & Fr', 'T2C'),
(1831, 1, 307, 'f', NULL, NULL, 0, 'Q1:D4:A40', 788, 'H', 'T2C'),
(1832, 1, 311, 'a', NULL, NULL, 0, 'Q1:D4:A40', 788, 'H', 'T2C'),
(1833, 8, 455, NULL, 0, 'e', 0, 'Q1:D4:A40', 1, 'unknown', 'T2C'),
(1834, 1, 282, 'b', NULL, NULL, 0, 'Q1:D4:(A40*Z1)', 781, 'B & Fr', 'T2C'),
(1835, 1, 282, 'g', NULL, NULL, 0, 'Q1:D4:(A40*Z1)', 781, 'B & Fr', 'T2C'),
(1836, 1, 307, 'f', NULL, NULL, 0, 'D4:Q1', 788, 'H', 'T2C'),
(1837, 7, 49, 'a', NULL, NULL, 0, 'D4:Q1', 1559, 'unknown', 'T2C'),
(1838, 1, 295, 'c', NULL, NULL, 0, 'D4:Q1', 783, 'Fr', 'T2C'),
(1839, 3, 294, 'e', NULL, NULL, 0, 'D4:Q1:A40', 943, 'H', 'T3C'),
(1840, 3, 295, 'h', NULL, NULL, 0, 'D4:Q1:A40', 943, 'H', 'T3C'),
(1841, 3, 323, 'a', NULL, NULL, 0, 'D4:Q1:A40', 954, 'Fr', 'T3C'),
(1842, 3, 303, 'b', NULL, NULL, 0, 'D4:(Q1*A40)', 950, 'F', 'T3C'),
(1843, 3, 305, 'e', NULL, NULL, 0, 'D4:(Q1*A40)', 950, 'F', 'T3C'),
(1844, 3, 321, 'c', NULL, NULL, 0, 'D4:(Q1*A40)', 953, 'Fr', 'T3C'),
(1845, 3, 303, 'f', NULL, NULL, 0, 'Q1:D4:A43', 950, 'F', 'T3C'),
(1846, 1, 348, 'd', NULL, NULL, 0, 'F51:D21:A40', 789, 'B', 'T3C'),
(1847, 1, 350, 'b', NULL, NULL, 0, 'F51:D21:A40', 789, 'B', 'T3C'),
(1848, 1, 396, 'b', NULL, NULL, 0, 'F51:D21:A40', 789, 'B', 'T3C'),
(1849, 3, 314, 'c', NULL, NULL, 0, 'F51:D21:A40', 951, 'unknown', 'T3C'),
(1850, 1, 364, 'a', NULL, NULL, 0, '(F51:D21)*A40', 789, 'B', 'T3C'),
(1851, 8, 49, NULL, 134, 'b', 0, 'Q1:D4:A40', 213, 'L', 'T8C'),
(1852, 8, 91, NULL, 144, 'a', 0, 'Q1:D4:A40', 215, 'L', 'T8C'),
(1853, 8, 93, NULL, 145, 'b', 0, 'Q1:D4:A40', 215, 'L', 'T8C'),
(1854, 8, 97, NULL, 146, 'a', 0, 'Q1:D4:A40', 215, 'L', 'T8C'),
(1855, 8, 132, NULL, 155, 'a', 0, 'Q1*(D4:A40)', 217, 'L', 'T8C'),
(1856, 1, 64, 'b', NULL, NULL, 0, 'Q1:D4:A40', 736, 'F', 'T9C'),
(1857, 1, 309, 'n', NULL, NULL, 0, 'Q1:D4:A40', 788, 'Bo', 'T9C'),
(1858, 6, 122, 'b', NULL, NULL, 0, 'Q1:D4:A40', 1244, 'H', 'T9C'),
(1859, 6, 122, 'd', NULL, NULL, 0, 'Q1:D4:A40', 1244, 'H', 'T9C'),
(1860, 7, 37, 'c', NULL, NULL, 0, 'Q1:D4:A40', 1551, 'Bo', 'T9C'),
(1861, 8, 49, NULL, 134, 'b', 0, 'Q1:D4:A40', 213, 'Fr', 'T9C'),
(1862, 8, 91, NULL, 144, 'a', 0, 'Q1:D4:A40', 215, 'Fr', 'T9C'),
(1863, 8, 93, NULL, 145, 'b', 0, 'Q1:D4:A40', 215, 'Fr', 'T9C'),
(1864, 8, 97, NULL, 146, 'a', 0, 'Q1:D4:A40', 215, 'Fr', 'T9C'),
(1865, 8, 132, NULL, 155, 'a', 0, 'Q1:D4:A40', 217, 'Fr', 'T9C'),
(1866, 1, 29, 'b', NULL, NULL, 0, 'Q1:D4:(A40*Z1)', 723, 'B', 'T9C'),
(1867, 1, 282, 'g', NULL, NULL, 0, 'Q1:D4:(A40*Z1)', 781, 'Bo', 'T9C'),
(1868, 1, 295, 'c', NULL, NULL, 0, 'Q1:D4:(A40*Z1)', 783, 'Bo', 'T9C'),
(1869, 1, 302, 'f', NULL, NULL, 0, 'Q1:D4:(A40*Z1)', 786, 'Bo', 'T9C'),
(1870, 1, 307, 'f', NULL, NULL, 0, 'Q1:D4:(A40*Z1)', 788, 'Bo', 'T9C'),
(1871, 1, 309, 'n', NULL, NULL, 0, 'Q1:D4:(A40*Z1)', 788, 'Bo', 'T9C'),
(1872, 1, 309, 'o', NULL, NULL, 0, 'Q1:D4:(A40*Z1)', 788, 'Bo', 'T9C'),
(1873, 1, 310, 'b', NULL, NULL, 0, 'Q1:D4:(A40*Z1)', 788, 'Bo', 'T9C'),
(1874, 1, 310, 'h', NULL, NULL, 0, 'Q1:D4:(A40*Z1)', 788, 'Bo', 'T9C'),
(1875, 1, 310, 'i', NULL, NULL, 0, 'Q1:D4:(A40*Z1)', 788, 'Bo', 'T9C'),
(1876, 1, 312, 'b', NULL, NULL, 0, 'Q1:D4:(A40*Z1)', 788, 'Bo', 'T9C'),
(1877, 7, 37, 'h', NULL, NULL, 0, 'Q1:D4:(A40*Z1)', 1551, 'Bo', 'T9C'),
(1878, 7, 37, 'o', NULL, NULL, 0, 'Q1:D4:(A40*Z1)', 1551, 'Bo', 'T9C'),
(1879, 7, 38, 'd', NULL, NULL, 0, 'Q1:D4:(A40*Z1)', 1551, 'Bo', 'T9C'),
(1880, 7, 38, 'k', NULL, NULL, 0, 'Q1:D4:(A40*Z1)', 1551, 'Bo', 'T9C'),
(1881, 7, 39, 'b', NULL, NULL, 0, 'Q1:D4:(A40*Z1)', 1551, 'Bo', 'T9C'),
(1882, 7, 39, 'h', NULL, NULL, 0, 'Q1:D4:(A40*Z1)', 1551, 'Bo', 'T9C'),
(1883, 7, 43, 'j', NULL, NULL, 0, 'Q1:D4:(A40*Z1)', 1553, 'Bo', 'T9C'),
(1884, 7, 44, 'c', NULL, NULL, 0, 'Q1:D4:(A40*Z1)', 1553, 'Bo', 'T9C'),
(1885, 8, 417, NULL, 1975, 'a', 0, 'Q1:D4:(A40*Z1)', 670, 'Bo', 'T9C'),
(1886, 8, 418, NULL, 1976, 'a', 0, 'Q1:D4:(A40*Z1)', 670, 'Bo', 'T9C'),
(1887, 8, 420, NULL, 1978, 'b', 0, 'Q1:D4:(A40*Z1)', 670, 'Bo', 'T9C'),
(1888, 1, 299, 'd', NULL, NULL, 0, 'D4:Q1', 786, 'Bo', 'T9C'),
(1889, 7, 39, 'f', NULL, NULL, 0, 'D4:Q1', 1551, 'Bo', 'T9C'),
(1890, 8, 6, NULL, 17, 'c', 0, 'D4:Q1', 25, 'H', 'T9C'),
(1891, 8, 160, NULL, 168, 'a', 0, 'D4:Q1', 219, 'Fr', 'T9C'),
(1892, 8, 183, NULL, 186, 'b', 0, 'D4:Q1', 219, 'B', 'T9C'),
(1893, 1, 310, 'i', NULL, NULL, 0, 'D4:Q1:A40', 788, 'unknown', 'B10C'),
(1894, 8, 270, NULL, 272, 'a', 0, 'Q2:D4', 253, 'L', 'T13C'),
(1895, 1, 112, 'c', NULL, NULL, 0, 'D4:Q1:A40', 747, 'H & Bo', 'T1L'),
(1896, 4, 6, 'd', NULL, NULL, 0, 'D4:Q1:A40', 983, 'F', 'T1L'),
(1897, 5, 10, 'k', NULL, NULL, 0, 'D4:Q1:A40', 1072, 'L', 'T1L'),
(1898, 6, 396, 'k', NULL, NULL, 0, 'D4:Q1:A40', 1480, 'L', 'T1L'),
(1899, 6, 398, 'i', NULL, NULL, 0, 'D4:Q1:A40', 1481, 'L', 'T1L'),
(1900, 6, 398, 'm', NULL, NULL, 0, 'D4:Q1:A40', 1481, 'L', 'T1L'),
(1901, 6, 402, 'k', NULL, NULL, 0, 'D4:Q1:A40', 1483, 'L', 'T1L'),
(1902, 6, 404, 'm', NULL, NULL, 0, 'D4:Q1:A40', 1483, 'L', 'T1L'),
(1903, 6, 404, 'p', NULL, NULL, 0, 'D4:Q1:A40', 1483, 'L', 'T1L'),
(1904, 7, 11, 'n', NULL, NULL, 0, 'D4:Q1:A40', 1521, 'Bo', 'T1L'),
(1905, 7, 12, 'p', NULL, NULL, 0, 'D4:Q1:A40', 1524, 'Bo', 'T1L'),
(1906, 8, 29, NULL, 57, 'e', 0, 'D4:Q1:A40', 81, 'H', 'T1L'),
(1907, 8, 49, NULL, 134, 'b', 0, 'D4:Q1:A40', 213, 'Fr', 'T1L'),
(1908, 8, 91, NULL, 144, 'a', 0, 'D4:Q1:A40', 215, 'Fr', 'T1L'),
(1909, 8, 93, NULL, 145, 'b', 0, 'D4:Q1:A40', 215, 'Fr', 'T1L'),
(1910, 8, 97, NULL, 146, 'a', 0, 'D4:Q1:A40', 215, 'Fr', 'T1L'),
(1911, 8, 160, NULL, 168, 'a', 0, 'D4:Q1:A40', 219, 'Fr', 'T1L'),
(1912, 8, 162, NULL, 169, 'a', 0, 'D4:Q1:A40', 219, 'Fr', 'T1L'),
(1913, 8, 164, NULL, 171, 'a', 0, 'D4:Q1:A40', 219, 'Fr', 'T1L'),
(1914, 8, 165, NULL, 172, 'a', 0, 'D4:Q1:A40', 219, 'Fr', 'T1L'),
(1915, 8, 167, NULL, 173, 'a', 0, 'D4:Q1:A40', 219, 'Fr', 'T1L'),
(1916, 8, 168, NULL, 174, 'a', 0, 'D4:Q1:A40', 219, 'Fr', 'T1L'),
(1917, 8, 170, NULL, 176, 'a', 0, 'D4:Q1:A40', 219, 'Fr', 'T1L'),
(1918, 8, 171, NULL, 177, 'a', 0, 'D4:Q1:A40', 219, 'Fr', 'T1L'),
(1919, 8, 172, NULL, 178, 'a', 0, 'D4:Q1:A40', 219, 'Fr', 'T1L'),
(1920, 8, 173, NULL, 179, 'a', 0, 'D4:Q1:A40', 219, 'Fr', 'T1L'),
(1921, 8, 417, NULL, 1975, 'a', 0, 'D4:Q1:A40', 670, 'L', 'T1L'),
(1922, 1, 7, 'b', NULL, NULL, 0, 'Q1:D4:A40', 715, 'B', 'T1L'),
(1923, 1, 64, 'b', NULL, NULL, 0, 'Q1:D4:A40', 736, 'B', 'T1L'),
(1924, 1, 112, 'c', NULL, NULL, 0, 'Q1:D4:A40', 747, 'H & Bo', 'T1L'),
(1925, 6, 395, 'j', NULL, NULL, 0, 'Q1:D4:A40', 1479, 'B', 'T1L'),
(1926, 4, 6, 'e', NULL, NULL, 0, 'D4:(Q1*A40)', 983, 'F', 'T1L'),
(1927, 4, 7, 'k', NULL, NULL, 0, 'D4:(Q1*A40)', 983, 'F', 'T1L'),
(1928, 5, 10, 'a', NULL, NULL, 0, 'D4:(Q1*A40)', 1072, 'L', 'T1L'),
(1929, 5, 10, 'j', NULL, NULL, 0, 'D4:(Q1*A40)', 1072, 'L', 'T1L'),
(1930, 6, 396, 'l', NULL, NULL, 0, 'D4:(Q1*A40)', 1480, 'L', 'T1L'),
(1931, 6, 398, 'n', NULL, NULL, 0, 'D4:(Q1*A40)', 1481, 'L', 'T1L'),
(1932, 6, 399, 'a', NULL, NULL, 0, 'D4:(Q1*A40)', 1482, 'L', 'T1L'),
(1933, 6, 403, 'g', NULL, NULL, 0, 'D4:(Q1*A40)', 1483, 'L', 'T1L'),
(1934, 8, 163, NULL, 170, 'a', 0, 'D4:Q1', 219, 'Fr', 'T1L'),
(1935, 8, 169, NULL, 175, 'a', 0, 'D4:Q1', 219, 'Fr', 'T1L'),
(1936, 3, 307, 'a', NULL, NULL, 0, 'D4:Q1*G7', 951, 'B', 'T2L'),
(1937, 3, 309, 'b', NULL, NULL, 0, 'D4:Q1*G7', 951, 'B', 'T2L'),
(1938, 3, 317, 'a', NULL, NULL, 0, 'D4:Q1*G7', 952, 'B', 'T2L'),
(1939, 3, 317, 'e', NULL, NULL, 0, 'D4:Q1*G7', 952, 'B', 'T2L'),
(1940, 3, 318, 'o', NULL, NULL, 0, 'D4:Q1*G7', 952, 'B', 'T2L'),
(1941, 6, 145, 'd', NULL, NULL, 0, 'D4:Q1*G7', 1262, 'Fr', 'T2L'),
(1942, 7, 18, 'z', NULL, NULL, 0, 'D4:Q1:A40', 1533, 'unknown', 'T3L'),
(1943, 3, 305, 'e', NULL, NULL, 0, 'D4:(Q1*A40)', 950, 'F', 'T3L'),
(1944, 3, 311, 'h', NULL, NULL, 0, 'D4:(Q1*A40)', 951, 'B', 'T3L'),
(1945, 3, 313, 'c', NULL, NULL, 0, 'D4:(Q1*A40)', 951, 'B', 'T3L'),
(1946, 3, 320, 'e', NULL, NULL, 0, 'D4:(Q1*A40)', 953, 'unknown', 'T3L'),
(1947, 8, 49, NULL, 134, 'b', 0, 'Q1:D4:A40', 213, 'B', 'T1N.Y.'),
(1948, 8, 91, NULL, 144, 'a', 0, 'Q1:D4:A40', 215, 'B', 'T1N.Y.'),
(1949, 8, 93, NULL, 145, 'b', 0, 'Q1:D4:A40', 215, 'B', 'T1N.Y.'),
(1950, 8, 97, NULL, 146, 'a', 0, 'Q1:D4:A40', 215, 'B', 'T1N.Y.'),
(1951, 8, 49, NULL, 134, 'b', 0, 'D4:Q1', 213, 'B', 'TT240'),
(1952, 8, 91, NULL, 144, 'a', 0, 'D4:Q1', 215, 'B', 'TT240'),
(1953, 8, 93, NULL, 145, 'b', 0, 'D4:Q1', 215, 'B', 'TT240'),
(1954, 8, 97, NULL, 146, 'a', 0, 'D4:Q1', 215, 'B', 'TT240'),
(1955, 8, 251, NULL, 215, 'b', 0, 'D4:Q1', 223, 'Fr', 'TT240'),
(1956, 8, 49, NULL, 134, 'b', 0, 'Q1:D4:A40', 213, 'B', 'TT319'),
(1957, 8, 91, NULL, 144, 'a', 0, 'Q1:D4:A40', 215, 'B', 'TT319'),
(1958, 8, 93, NULL, 145, 'b', 0, 'Q1:D4:A40', 215, 'B', 'TT319'),
(1959, 8, 97, NULL, 146, 'a', 0, 'Q1:D4:A40', 215, 'B', 'TT319'),
(1960, 8, 160, NULL, 168, 'a', 0, 'Q1:D4:A40', 219, 'B', 'TT319'),
(1961, 8, 162, NULL, 169, 'a', 0, 'Q1:D4:A40', 219, 'B', 'TT319'),
(1962, 8, 163, NULL, 170, 'a', 0, 'Q1:D4:A40', 219, 'B', 'TT319'),
(1963, 8, 164, NULL, 171, 'a', 0, 'Q1:D4:A40', 219, 'B', 'TT319'),
(1964, 8, 165, NULL, 172, 'a', 0, 'Q1:D4:A40', 219, 'B', 'TT319'),
(1965, 8, 168, NULL, 174, 'a', 0, 'Q1:D4:A40', 219, 'B', 'TT319'),
(1966, 8, 170, NULL, 176, 'a', 0, 'Q1:D4:A40', 219, 'B', 'TT319'),
(1967, 8, 172, NULL, 178, 'a', 0, 'Q1:D4:A40', 219, 'B', 'TT319'),
(1968, 6, 276, 'm', NULL, NULL, 0, 'D4:Q1', 1370, 'H', 'TT319'),
(1969, 8, 167, NULL, 173, 'a', 0, 'D4:Q1', 219, 'B', 'TT319'),
(1970, 8, 169, NULL, 175, 'a', 0, 'D4:Q1', 219, 'B', 'TT319'),
(1971, 8, 171, NULL, 177, 'a', 0, 'D4:Q1', 219, 'B', 'TT319'),
(1972, 8, 183, NULL, 186, 'b', 0, 'D4:Q1', 219, 'B', 'TT319'),
(1973, 3, 300, 'f', NULL, NULL, 1, 'D4:Q1', 947, 'F', 'A1C'),
(1974, 7, 134, 'c', NULL, NULL, 1, 'D4:A40', 1648, 'H', 'A1C'),
(1975, 3, 300, 'g', NULL, NULL, 1, 'F51:D21:A40', 947, 'F', 'A1C'),
(1976, 7, 134, 'a', NULL, NULL, 1, 'F51:D21:A40', 1648, 'H', 'A1C'),
(1977, 7, 134, 'b', NULL, NULL, 1, 'F51:D21:A40', 1648, 'H', 'A1C'),
(1978, 7, 134, 'e', NULL, NULL, 1, 'F51:D21:A40', 1648, 'H', 'A1C'),
(1979, 7, 134, 'f', NULL, NULL, 1, 'F51:D21:A40', 1648, 'H', 'A1C'),
(1980, 7, 134, 'j', NULL, NULL, 1, 'F51:D21:A40', 1648, 'H', 'A1C'),
(1981, 7, 135, 'a', NULL, NULL, 1, 'F51:D21:A40', 1648, 'H', 'A1C'),
(1982, 7, 135, 'b', NULL, NULL, 1, 'F51:D21:A40', 1648, 'H', 'A1C'),
(1983, 7, 135, 'd', NULL, NULL, 1, 'F51:D21:A40', 1648, 'H', 'A1C'),
(1984, 7, 135, 'f', NULL, NULL, 1, 'F51:D21:A40', 1648, 'H', 'A1C'),
(1985, 7, 135, 'g', NULL, NULL, 1, 'F51:D21:A40', 1648, 'H', 'A1C'),
(1986, 7, 135, 'j', NULL, NULL, 1, 'F51:D21:A40', 1648, 'H', 'A1C'),
(1987, 7, 135, 'k', NULL, NULL, 1, 'F51:D21:A40', 1648, 'H', 'A1C'),
(1988, 7, 135, 'l', NULL, NULL, 1, 'F51:D21:A40', 1648, 'H', 'A1C'),
(1989, 7, 135, 'm', NULL, NULL, 1, 'F51:D21:A40', 1648, 'H', 'A1C'),
(1990, 7, 135, 'n', NULL, NULL, 1, 'F51:D21:A40', 1648, 'H', 'A1C'),
(1991, 7, 136, 'a', NULL, NULL, 1, 'F51:D21:A40', 1649, 'Fr', 'A1C'),
(1992, 7, 136, 'f', NULL, NULL, 1, 'F51:D21:A40', 1649, 'Fr', 'A1C'),
(1993, 7, 136, 'g', NULL, NULL, 1, 'F51:D21:A40', 1649, 'Fr', 'A1C'),
(1994, 7, 136, 'h', NULL, NULL, 1, 'F51:D21:A40', 1649, 'Fr', 'A1C'),
(1995, 7, 136, 'i', NULL, NULL, 1, 'F51:D21:A40', 1649, 'Fr', 'A1C'),
(1996, 7, 136, 'j', NULL, NULL, 1, 'F51:D21:A40', 1649, 'Fr', 'A1C'),
(1997, 7, 136, 'k', NULL, NULL, 1, 'F51:D21:A40', 1649, 'Fr', 'A1C'),
(1998, 7, 136, 'l', NULL, NULL, 1, 'F51:D21:A40', 1649, 'Fr', 'A1C'),
(1999, 7, 136, 'm', NULL, NULL, 1, 'F51:D21:A40', 1649, 'Fr', 'A1C'),
(2000, 7, 136, 'n', NULL, NULL, 1, 'F51:D21:A40', 1649, 'Fr', 'A1C'),
(2001, 7, 136, 'p', NULL, NULL, 1, 'F51:D21:A40', 1649, 'Fr', 'A1C'),
(2002, 3, 320, 'e', NULL, NULL, 1, 'A40*(F51:D21)-retro', 953, 'Fr', 'A1C'),
(2003, 3, 300, 'f', NULL, NULL, 1, 'F51*D21*A40', 947, 'F', 'A1C'),
(2004, 5, 166, 'j', NULL, NULL, 1, 'F51*D21*A40', 1113, 'B', 'A1C'),
(2005, 8, 46, NULL, 134, 'a', 1, 'D4:Q1', 213, 'Bo & L', 'Ab1Le'),
(2006, 8, 146, NULL, 161, 'a', 1, 'D4:Q1', 218, 'L', 'Ab1Le'),
(2007, 8, 395, NULL, 1627, 'a', 1, 'D4:Q1', 593, 'Bo & L', 'Ab1Le'),
(2008, 8, 46, NULL, 134, 'a', 1, 'Q1:D4:A40', 213, 'Bo & L', 'Ab2Le'),
(2009, 8, 444, NULL, 0, 'g', 1, 'Q1:D4:A40', 1, 'unknown', 'Ab2Le'),
(2010, 8, 46, NULL, 134, 'a', 1, 'D4:Q1', 213, 'Bo & L', 'Ab2Le'),
(2011, 7, 361, 'd', NULL, NULL, 1, 'D4:(Q1*A40)', 1799, 'Bo', 'B1Be'),
(2012, 7, 500, 'e', NULL, NULL, 1, 'F51*D21:A40', 1864, 'Bo', 'B1Be'),
(2013, 6, 291, 't', NULL, NULL, 1, 'Q1:D4:A40', 1379, 'H', 'B1Bo'),
(2014, 5, 267, 'e', NULL, NULL, 1, 'Q1:D4:A43', 1138, 'L', 'B1Bo'),
(2015, 7, 329, 'b', NULL, NULL, 1, 'Q1:D4:A43', 1782, 'L', 'B1Bo'),
(2016, 8, 20, NULL, 52, 'b', 1, 'D4:Q1', 77, 'H', 'B1Bo'),
(2017, 8, 28, NULL, 57, 'a', 1, 'D4:Q1', 81, 'H', 'B1Bo'),
(2018, 8, 29, NULL, 57, 'b', 1, 'D4:Q1', 81, 'H', 'B1Bo'),
(2019, 1, 6, 'b', NULL, NULL, 1, 'D4:Q1:A40', 715, 'Bo', 'B2Bo'),
(2020, 1, 11, 'a', NULL, NULL, 1, 'D4:Q1:A40', 718, 'Bo', 'B2Bo'),
(2021, 1, 22, 'b', NULL, NULL, 1, 'D4:Q1:A40', 721, 'Bo', 'B2Bo'),
(2022, 1, 24, 'a', NULL, NULL, 1, 'D4:Q1:A40', 722, 'Bo', 'B2Bo'),
(2023, 1, 25, 'a', NULL, NULL, 1, 'D4:Q1:A40', 722, 'Bo', 'B2Bo'),
(2024, 1, 28, 'b', NULL, NULL, 1, 'D4:Q1:A40', 723, 'Bo', 'B2Bo'),
(2025, 1, 32, 'a', NULL, NULL, 1, 'D4:Q1:A40', 723, 'Bo', 'B2Bo'),
(2026, 1, 33, 'd', NULL, NULL, 1, 'D4:Q1:A40', 724, 'Bo', 'B2Bo'),
(2027, 1, 34, 'd', NULL, NULL, 1, 'D4:Q1:A40', 724, 'Bo', 'B2Bo'),
(2028, 1, 36, 'b', NULL, NULL, 1, 'D4:Q1:A40', 725, 'Bo', 'B2Bo'),
(2029, 1, 38, 'b', NULL, NULL, 1, 'D4:Q1:A40', 726, 'Bo', 'B2Bo'),
(2030, 1, 41, 'a', NULL, NULL, 1, 'D4:Q1:A40', 727, 'Bo', 'B2Bo'),
(2031, 1, 44, 'e', NULL, NULL, 1, 'D4:Q1:A40', 728, 'Bo', 'B2Bo'),
(2032, 1, 46, 'b', NULL, NULL, 1, 'D4:Q1:A40', 729, 'Bo', 'B2Bo'),
(2033, 1, 47, 'b', NULL, NULL, 1, 'D4:Q1:A40', 730, 'Bo', 'B2Bo'),
(2034, 1, 49, 'bc', NULL, NULL, 1, 'D4:Q1:A40', 730, 'Bo', 'B2Bo'),
(2035, 1, 179, 'c', NULL, NULL, 1, 'D4:Q1:A40', 757, 'Bo', 'B2Bo'),
(2036, 1, 179, 'l', NULL, NULL, 1, 'D4:Q1:A40', 757, 'Bo', 'B2Bo'),
(2037, 4, 377, 'a', NULL, NULL, 1, 'D4:Q1:A40', 1060, 'Bo', 'B2Bo'),
(2038, 6, 156, 'i', NULL, NULL, 1, 'D4:Q1:A40', 1270, 'Bo', 'B2Bo'),
(2039, 6, 157, 'c', NULL, NULL, 1, 'D4:Q1:A40', 1270, 'Bo', 'B2Bo'),
(2040, 6, 158, 'g', NULL, NULL, 1, 'D4:Q1:A40', 1271, 'Bo', 'B2Bo'),
(2041, 6, 380, 'h', NULL, NULL, 1, 'D4:Q1:A40', 1465, 'Fr', 'B2Bo'),
(2042, 8, 18, NULL, 50, 'c', 1, 'D4:Q1:A40', 73, 'H', 'B2Bo'),
(2043, 6, 380, 'k', NULL, NULL, 1, 'D4:Q1', 1465, 'Fr', 'B2Bo'),
(2044, 8, 30, NULL, 60, 'b', 1, 'D4:Q1', 88, 'Fr', 'B2Bo'),
(2045, 8, 30, NULL, 61, 'b', 1, 'D4:Q1', 92, 'Fr', 'B2Bo'),
(2046, 8, 30, NULL, 61, 'c', 1, 'D4:Q1', 92, 'Fr', 'B2Bo'),
(2047, 8, 31, NULL, 62, 'a', 1, 'D4:Q1', 93, 'Fr', 'B2Bo'),
(2048, 8, 31, NULL, 63, 'b', 1, 'D4:Q1', 93, 'Fr', 'B2Bo'),
(2049, 8, 31, NULL, 64, 'b', 1, 'D4:Q1', 96, 'Fr', 'B2Bo'),
(2050, 8, 31, NULL, 64, 'd', 1, 'D4:Q1', 96, 'Fr', 'B2Bo'),
(2051, 8, 34, NULL, 72, 'a', 1, 'D4:Q1', 110, 'Fr', 'B2Bo'),
(2052, 8, 34, NULL, 72, 'c', 1, 'D4:Q1', 110, 'Fr', 'B2Bo'),
(2053, 8, 34, NULL, 72, 'e', 1, 'D4:Q1', 110, 'Fr', 'B2Bo'),
(2054, 8, 34, NULL, 73, 'a', 1, 'D4:Q1', 116, 'Fr', 'B2Bo'),
(2055, 8, 34, NULL, 73, 'c', 1, 'D4:Q1', 116, 'Fr', 'B2Bo'),
(2056, 8, 34, NULL, 73, 'e', 1, 'D4:Q1', 116, 'Fr', 'B2Bo'),
(2057, 8, 34, NULL, 74, 'a', 1, 'D4:Q1', 115, 'Fr', 'B2Bo'),
(2058, 8, 34, NULL, 74, 'c', 1, 'D4:Q1', 115, 'Fr', 'B2Bo'),
(2059, 8, 34, NULL, 73, 'a', 1, 'D4:Q1', 116, 'Fr', 'B2Bo'),
(2060, 8, 35, NULL, 75, 'a', 1, 'D4:Q1', 118, 'Fr', 'B2Bo'),
(2061, 8, 35, NULL, 75, 'c', 1, 'D4:Q1', 118, 'Fr', 'B2Bo'),
(2062, 8, 35, NULL, 76, 'c', 1, 'D4:Q1', 120, 'Fr', 'B2Bo'),
(2063, 8, 35, NULL, 77, 'c', 1, 'D4:Q1', 122, 'Fr', 'B2Bo'),
(2064, 8, 35, NULL, 78, 'a', 1, 'D4:Q1', 124, 'Fr', 'B2Bo'),
(2065, 8, 35, NULL, 78, 'c', 1, 'D4:Q1', 124, 'Fr', 'B2Bo'),
(2066, 8, 36, NULL, 79, 'a', 1, 'D4:Q1', 126, 'Fr', 'B2Bo'),
(2067, 8, 36, NULL, 79, 'c', 1, 'D4:Q1', 126, 'Fr', 'B2Bo'),
(2068, 8, 36, NULL, 80, 'a', 1, 'D4:Q1', 128, 'Fr', 'B2Bo'),
(2069, 8, 36, NULL, 80, 'c', 1, 'D4:Q1', 128, 'Fr', 'B2Bo'),
(2070, 8, 36, NULL, 81, 'a', 1, 'D4:Q1', 130, 'Fr', 'B2Bo'),
(2071, 8, 36, NULL, 81, 'c', 1, 'D4:Q1', 130, 'Fr', 'B2Bo'),
(2072, 8, 36, NULL, 82, 'a', 1, 'D4:Q1', 132, 'Fr', 'B2Bo'),
(2073, 8, 36, NULL, 82, 'c', 1, 'D4:Q1', 132, 'Fr', 'B2Bo'),
(2074, 8, 37, NULL, 83, 'a', 1, 'D4:Q1', 134, 'Fr', 'B2Bo'),
(2075, 8, 37, NULL, 83, 'c', 1, 'D4:Q1', 134, 'Fr', 'B2Bo'),
(2076, 8, 37, NULL, 84, 'a', 1, 'D4:Q1', 136, 'Fr', 'B2Bo'),
(2077, 8, 37, NULL, 84, 'c', 1, 'D4:Q1', 136, 'Fr', 'B2Bo'),
(2078, 8, 37, NULL, 85, 'a', 1, 'D4:Q1', 138, 'Fr', 'B2Bo'),
(2079, 8, 37, NULL, 86, 'a', 1, 'D4:Q1', 141, 'Fr', 'B2Bo'),
(2080, 8, 37, NULL, 86, 'c', 1, 'D4:Q1', 141, 'Fr', 'B2Bo'),
(2081, 8, 37, NULL, 86, 'e', 1, 'D4:Q1', 141, 'Fr', 'B2Bo'),
(2082, 8, 38, NULL, 87, 'a', 1, 'D4:Q1', 143, 'Fr', 'B2Bo'),
(2083, 8, 38, NULL, 87, 'c', 1, 'D4:Q1', 143, 'Fr', 'B2Bo'),
(2084, 8, 38, NULL, 88, 'c', 1, 'D4:Q1', 145, 'Fr', 'B2Bo'),
(2085, 8, 38, NULL, 89, 'a', 1, 'D4:Q1', 147, 'Fr', 'B2Bo'),
(2086, 8, 38, NULL, 89, 'c', 1, 'D4:Q1', 147, 'Fr', 'B2Bo'),
(2087, 8, 38, NULL, 90, 'a', 1, 'D4:Q1', 150, 'Fr', 'B2Bo'),
(2088, 8, 39, NULL, 90, 'c', 1, 'D4:Q1', 150, 'Fr', 'B2Bo'),
(2089, 8, 39, NULL, 90, 'e', 1, 'D4:Q1', 150, 'Fr', 'B2Bo'),
(2090, 8, 39, NULL, 91, 'a', 1, 'D4:Q1', 152, 'Fr', 'B2Bo'),
(2091, 8, 39, NULL, 91, 'c', 1, 'D4:Q1', 152, 'Fr', 'B2Bo'),
(2092, 8, 39, NULL, 92, 'a', 1, 'D4:Q1', 154, 'Fr', 'B2Bo'),
(2093, 8, 40, NULL, 92, 'c', 1, 'D4:Q1', 154, 'Fr', 'B2Bo'),
(2094, 8, 40, NULL, 93, 'a', 1, 'D4:Q1', 156, 'Fr', 'B2Bo'),
(2095, 8, 40, NULL, 93, 'c', 1, 'D4:Q1', 156, 'Fr', 'B2Bo'),
(2096, 8, 40, NULL, 94, 'a', 1, 'D4:Q1', 158, 'Fr', 'B2Bo'),
(2097, 8, 40, NULL, 94, 'c', 1, 'D4:Q1', 158, 'Fr', 'B2Bo'),
(2098, 8, 40, NULL, 95, 'a', 1, 'D4:Q1', 160, 'Fr', 'B2Bo'),
(2099, 8, 40, NULL, 95, 'c', 1, 'D4:Q1', 160, 'Fr', 'B2Bo'),
(2100, 8, 41, NULL, 96, 'a', 1, 'D4:Q1', 162, 'Fr', 'B2Bo'),
(2101, 8, 41, NULL, 96, 'c', 1, 'D4:Q1', 162, 'Fr', 'B2Bo'),
(2102, 8, 41, NULL, 97, 'a', 1, 'D4:Q1', 164, 'Fr', 'B2Bo'),
(2103, 8, 41, NULL, 97, 'c', 1, 'D4:Q1', 164, 'Fr', 'B2Bo'),
(2104, 8, 41, NULL, 98, 'a', 1, 'D4:Q1', 166, 'Fr', 'B2Bo'),
(2105, 8, 41, NULL, 98, 'c', 1, 'D4:Q1', 166, 'Fr', 'B2Bo'),
(2106, 8, 41, NULL, 99, 'a', 1, 'D4:Q1', 168, 'Fr', 'B2Bo'),
(2107, 8, 41, NULL, 99, 'c', 1, 'D4:Q1', 168, 'Fr', 'B2Bo'),
(2108, 8, 41, NULL, 100, 'a', 1, 'D4:Q1', 171, 'Fr', 'B2Bo'),
(2109, 8, 42, NULL, 100, 'c', 1, 'D4:Q1', 171, 'Fr', 'B2Bo'),
(2110, 8, 42, NULL, 100, 'e', 1, 'D4:Q1', 171, 'Fr', 'B2Bo'),
(2111, 1, 178, 'a', NULL, NULL, 1, 'D4:Q1', 756, 'Bo', 'B2Bo'),
(2112, 1, 178, 'm', NULL, NULL, 1, 'D4:Q1', 756, 'Bo', 'B2Bo'),
(2113, 1, 178, 'q', NULL, NULL, 1, 'D4:Q1', 756, 'Bo', 'B2Bo'),
(2114, 6, 158, 'k', NULL, NULL, 1, 'D4:Q1', 1271, 'Bo', 'B2Bo'),
(2115, 6, 159, 'b', NULL, NULL, 1, 'D4:Q1', 1272, 'unknown', 'B2Bo'),
(2116, 7, 329, 'b', NULL, NULL, 1, 'D4:Q1', 1782, 'B', 'B2Bo'),
(2117, 8, 6, NULL, 17, 'c', 1, 'D4:Q1', 25, 'Fr & H', 'B2Bo'),
(2118, 8, 6, NULL, 18, 'a', 1, 'D4:Q1', 25, 'Fr & H', 'B2Bo'),
(2119, 8, 7, NULL, 18, 'c', 1, 'D4:Q1', 25, 'Fr & H', 'B2Bo'),
(2120, 8, 18, NULL, 50, 'b', 1, 'D4:Q1', 73, 'H', 'B2Bo'),
(2121, 8, 18, NULL, 51, 'a', 1, 'D4:Q1', 76, 'H', 'B2Bo'),
(2122, 8, 19, NULL, 51, 'b', 1, 'D4:Q1', 76, 'H', 'B2Bo'),
(2123, 8, 19, NULL, 51, 'c', 1, 'D4:Q1', 76, 'H', 'B2Bo'),
(2124, 8, 30, NULL, 59, 'a', 1, 'D4:Q1', 86, 'Fr', 'B2Bo'),
(2125, 8, 30, NULL, 59, 'c', 1, 'D4:Q1', 86, 'Fr', 'B2Bo'),
(2126, 8, 30, NULL, 60, 'a', 1, 'D4:Q1', 88, 'Fr', 'B2Bo'),
(2127, 8, 30, NULL, 60, 'b', 1, 'D4:Q1', 88, 'Fr', 'B2Bo'),
(2128, 8, 251, NULL, 214, 'b', 1, 'D4:Q1', 223, 'L & Fr', 'B2Bo'),
(2129, 8, 251, NULL, 215, 'b', 1, 'D4:Q1', 223, 'L & Fr', 'B2Bo'),
(2130, 8, 446, NULL, 0, 'a', 1, 'D4:Q1', 1, 'unknown', 'B2Bo'),
(2131, 1, 6, 'b', NULL, NULL, 1, 'D4:Q1:A40', 715, 'L', 'B3Bo'),
(2132, 1, 11, 'a', NULL, NULL, 1, 'D4:Q1:A40', 718, 'L', 'B3Bo'),
(2133, 1, 22, 'b', NULL, NULL, 1, 'D4:Q1:A40', 721, 'L', 'B3Bo'),
(2134, 1, 25, 'b', NULL, NULL, 1, 'D4:Q1:A40', 722, 'L', 'B3Bo'),
(2135, 1, 28, 'b', NULL, NULL, 1, 'D4:Q1:A40', 723, 'L', 'B3Bo'),
(2136, 1, 32, 'b', NULL, NULL, 1, 'D4:Q1:A40', 723, 'L', 'B3Bo'),
(2137, 1, 33, 'd', NULL, NULL, 1, 'D4:Q1:A40', 724, 'L', 'B3Bo'),
(2138, 1, 34, 'd', NULL, NULL, 1, 'D4:Q1:A40', 724, 'L', 'B3Bo'),
(2139, 1, 36, 'b', NULL, NULL, 1, 'D4:Q1:A40', 725, 'L', 'B3Bo'),
(2140, 1, 38, 'b', NULL, NULL, 1, 'D4:Q1:A40', 726, 'L', 'B3Bo'),
(2141, 1, 41, 'a', NULL, NULL, 1, 'D4:Q1:A40', 727, 'L', 'B3Bo'),
(2142, 1, 44, 'e', NULL, NULL, 1, 'D4:Q1:A40', 728, 'L', 'B3Bo'),
(2143, 1, 46, 'bc', NULL, NULL, 1, 'D4:Q1:A40', 729, 'L', 'B3Bo'),
(2144, 1, 47, 'b', NULL, NULL, 1, 'D4:Q1:A40', 730, 'L', 'B3Bo'),
(2145, 1, 49, 'c', NULL, NULL, 1, 'D4:Q1:A40', 730, 'L', 'B3Bo'),
(2146, 1, 51, 'd', NULL, NULL, 1, 'D4:Q1:A40', 731, 'L', 'B3Bo'),
(2147, 1, 52, 'b', NULL, NULL, 1, 'D4:Q1:A40', 731, 'L', 'B3Bo'),
(2148, 1, 53, 'd', NULL, NULL, 1, 'D4:Q1:A40', 732, 'L', 'B3Bo'),
(2149, 1, 54, 'f', NULL, NULL, 1, 'D4:Q1:A40', 732, 'L', 'B3Bo'),
(2150, 1, 54, 'i', NULL, NULL, 1, 'D4:Q1:A40', 732, 'L', 'B3Bo'),
(2151, 1, 55, 'a', NULL, NULL, 1, 'D4:Q1:A40', 734, 'L', 'B3Bo'),
(2152, 1, 55, 'e', NULL, NULL, 1, 'D4:Q1:A40', 734, 'L', 'B3Bo'),
(2153, 1, 178, 'a', NULL, NULL, 1, 'D4:Q1:A40', 756, 'L', 'B3Bo'),
(2154, 1, 178, 'm', NULL, NULL, 1, 'D4:Q1:A40', 756, 'L', 'B3Bo'),
(2155, 1, 178, 'q', NULL, NULL, 1, 'D4:Q1:A40', 756, 'L', 'B3Bo'),
(2156, 1, 179, 'c', NULL, NULL, 1, 'D4:Q1:A40', 757, 'L', 'B3Bo'),
(2157, 1, 179, 'l', NULL, NULL, 1, 'D4:Q1:A40', 757, 'L', 'B3Bo'),
(2158, 1, 180, 'd', NULL, NULL, 1, 'D4:Q1:A40', 757, 'L', 'B3Bo'),
(2159, 1, 180, '', NULL, NULL, 1, 'D4:Q1:A40', 757, 'L', 'B3Bo'),
(2160, 5, 19, 'd', NULL, NULL, 1, 'D4:Q1:A40', 1076, 'Bo', 'B3Bo'),
(2161, 6, 353, 'd', NULL, NULL, 1, 'D4:Q1:A40', 1437, 'L', 'B3Bo'),
(2162, 6, 354, 'a', NULL, NULL, 1, 'D4:Q1:A40', 1438, 'L', 'B3Bo'),
(2163, 6, 355, 'a', NULL, NULL, 1, 'D4:Q1:A40', 1439, 'L', 'B3Bo'),
(2164, 6, 355, 'e', NULL, NULL, 1, 'D4:Q1:A40', 1439, 'L', 'B3Bo'),
(2165, 6, 355, 'q', NULL, NULL, 1, 'D4:Q1:A40', 1439, 'L', 'B3Bo'),
(2166, 6, 357, 'h', NULL, NULL, 1, 'D4:Q1:A40', 1441, 'Bo', 'B3Bo'),
(2167, 1, 49, 'b', NULL, NULL, 1, 'D4:(Q1*A40)', 730, 'L', 'B3Bo'),
(2168, 1, 58, 'b', NULL, NULL, 1, 'D4:Q1', 735, 'L', 'B3Bo'),
(2169, 6, 351, 'i', NULL, NULL, 1, 'D4:Q1', 1437, 'L', 'B3Bo'),
(2170, 1, 6, 'b', NULL, NULL, 1, 'D4:Q1:A40', 715, 'L', 'B4Bo'),
(2171, 1, 11, 'a', NULL, NULL, 1, 'D4:Q1:A40', 718, 'L', 'B4Bo'),
(2172, 1, 22, 'b', NULL, NULL, 1, 'D4:Q1:A40', 721, 'L', 'B4Bo'),
(2173, 1, 28, 'b', NULL, NULL, 1, 'D4:Q1:A40', 723, 'L', 'B4Bo'),
(2174, 1, 32, 'b', NULL, NULL, 1, 'D4:Q1:A40', 723, 'L', 'B4Bo'),
(2175, 1, 33, 'd', NULL, NULL, 1, 'D4:Q1:A40', 724, 'L', 'B4Bo'),
(2176, 1, 36, 'b', NULL, NULL, 1, 'D4:Q1:A40', 725, 'L', 'B4Bo'),
(2177, 1, 38, 'b', NULL, NULL, 1, 'D4:Q1:A40', 726, 'L', 'B4Bo'),
(2178, 1, 41, 'a', NULL, NULL, 1, 'D4:Q1:A40', 727, 'L', 'B4Bo'),
(2179, 1, 44, 'e', NULL, NULL, 1, 'D4:Q1:A40', 728, 'L', 'B4Bo'),
(2180, 1, 46, 'bd', NULL, NULL, 1, 'D4:Q1:A40', 729, 'L', 'B4Bo'),
(2181, 1, 47, 'b', NULL, NULL, 1, 'D4:Q1:A40', 730, 'L', 'B4Bo'),
(2182, 1, 49, 'b', NULL, NULL, 1, 'D4:Q1:A40', 730, 'L', 'B4Bo'),
(2183, 1, 49, 'c', NULL, NULL, 1, 'D4:Q1:A40', 730, 'L', 'B4Bo'),
(2184, 4, 377, 'a', NULL, NULL, 1, 'D4:Q1:A40', 1060, 'Bo', 'B4Bo'),
(2185, 4, 377, 'd', NULL, NULL, 1, 'D4:Q1:A40', 1060, 'Bo', 'B4Bo'),
(2186, 6, 156, 'e', NULL, NULL, 1, 'D4:Q1:A40', 1270, 'Bo', 'B4Bo'),
(2187, 6, 156, 'g', NULL, NULL, 1, 'D4:Q1:A40', 1270, 'Bo', 'B4Bo'),
(2188, 6, 156, 'i', NULL, NULL, 1, 'D4:Q1:A40', 1270, 'Bo', 'B4Bo'),
(2189, 6, 157, 'i', NULL, NULL, 1, 'D4:Q1:A40', 1270, 'Bo', 'B4Bo'),
(2190, 6, 158, 'g', NULL, NULL, 1, 'D4:Q1:A40', 1271, 'Bo', 'B4Bo'),
(2191, 6, 158, 'k', NULL, NULL, 1, 'D4:Q1:A40', 1271, 'Bo', 'B4Bo'),
(2192, 6, 159, 'e', NULL, NULL, 1, 'D4:Q1:A40', 1271, 'Bo', 'B4Bo'),
(2193, 7, 114, 'i', NULL, NULL, 1, 'D4:Q1:A40', 1624, 'Fr', 'B4Bo'),
(2194, 7, 113, 'o', NULL, NULL, 1, 'Q1:D4:A40', 1623, 'Fr', 'B4Bo'),
(2195, 1, 24, 'a', NULL, NULL, 1, 'D4:(Q1*A40)', 722, 'L', 'B4Bo'),
(2196, 3, 193, 'c', NULL, NULL, 1, 'D4:(Q1*A40)', 930, 'Bo', 'B4Bo'),
(2197, 6, 157, 'a', NULL, NULL, 1, 'D4:(Q1*A40)', 1270, 'Bo', 'B4Bo'),
(2198, 6, 157, 'c', NULL, NULL, 1, 'D4:(Q1*A40)', 1270, 'Bo', 'B4Bo'),
(2199, 6, 157, 'm', NULL, NULL, 1, 'D4:(Q1*A40)', 1270, 'Bo', 'B4Bo'),
(2200, 6, 159, 'b', NULL, NULL, 1, '(D4:Q1)*A40', 1272, 'unknown', 'B4Bo'),
(2201, 1, 51, 'd', NULL, NULL, 1, 'D4:Q1', 731, 'L', 'B4Bo'),
(2202, 7, 329, 'b', NULL, NULL, 1, 'D4:Q1', 1782, 'B', 'B4Bo'),
(2203, 1, 32, 'a', NULL, NULL, 1, 'F51:D21:A40', 723, 'L', 'B4Bo'),
(2204, 5, 267, 'e', NULL, NULL, 1, 'F51:D21:A40', 1138, 'Bo', 'B4Bo'),
(2205, 6, 115, 'g', NULL, NULL, 1, 'D4:Q1:A40', 1237, 'X', 'B5Bo'),
(2206, 6, 109, 'g', NULL, NULL, 1, 'Q1:D4:A40', 1234, 'X', 'B5Bo'),
(2207, 6, 109, 'j', NULL, NULL, 1, 'Q1:D4:A40', 1234, 'X', 'B5Bo'),
(2208, 6, 110, 'a', NULL, NULL, 1, 'Q1:D4:A40', 1234, 'X', 'B5Bo'),
(2209, 6, 110, 'f', NULL, NULL, 1, 'Q1:D4:A40', 1234, 'X', 'B5Bo'),
(2210, 6, 110, 'i', NULL, NULL, 1, 'Q1:D4:A40', 1234, 'X', 'B5Bo'),
(2211, 6, 111, 'b', NULL, NULL, 1, 'Q1:D4:A40', 1235, 'X', 'B5Bo'),
(2212, 6, 111, 'e', NULL, NULL, 1, 'Q1:D4:A40', 1235, 'X', 'B5Bo'),
(2213, 6, 112, 'a', NULL, NULL, 1, 'Q1:D4:A40', 1235, 'X', 'B5Bo'),
(2214, 6, 112, 'f', NULL, NULL, 1, 'Q1:D4:A40', 1235, 'X', 'B5Bo'),
(2215, 6, 113, 'b', NULL, NULL, 1, 'Q1:D4:A40', 1236, 'X', 'B5Bo'),
(2216, 6, 113, 'd', NULL, NULL, 1, 'Q1:D4:A40', 1236, 'X', 'B5Bo'),
(2217, 6, 113, 'f', NULL, NULL, 1, 'Q1:D4:A40', 1236, 'X', 'B5Bo'),
(2218, 6, 113, 'i', NULL, NULL, 1, 'Q1:D4:A40', 1236, 'X', 'B5Bo'),
(2219, 6, 114, 'c', NULL, NULL, 1, 'Q1:D4:A40', 1237, 'X', 'B5Bo'),
(2220, 6, 115, 'f', NULL, NULL, 1, 'Q1:D4:A40', 1237, 'X', 'B5Bo'),
(2221, 6, 115, 'g', NULL, NULL, 1, 'Q1:D4:A40', 1237, 'X', 'B5Bo'),
(2222, 6, 116, 'b', NULL, NULL, 1, 'Q1:D4:A40', 1238, 'X', 'B5Bo'),
(2223, 6, 116, 'e', NULL, NULL, 1, 'Q1:D4:A40', 1238, 'X', 'B5Bo'),
(2224, 6, 116, 'g', NULL, NULL, 1, 'Q1:D4:A40', 1238, 'X', 'B5Bo'),
(2225, 6, 116, 'i', NULL, NULL, 1, 'Q1:D4:A40', 1238, 'X', 'B5Bo'),
(2226, 6, 117, 'c', NULL, NULL, 1, 'Q1*(D4:A40)', 1238, 'X', 'B5Bo'),
(2227, 6, 114, 'c', NULL, NULL, 1, 'D4:Q1', 1237, 'X', 'B5Bo'),
(2228, 6, 115, 'f', NULL, NULL, 1, 'Q1*D4', 1237, 'X', 'B5Bo'),
(2229, 8, 46, NULL, 134, 'a', 1, 'D4:Q1:A40', 213, 'L', 'B6Bo'),
(2230, 7, 301, 'a', NULL, NULL, 1, 'D4:Q1:A40', 1763, 'Bo', 'B1C'),
(2231, 1, 396, 'b', NULL, NULL, 1, 'F51*(D21:A40)', 789, 'B', 'B1C'),
(2232, 6, 113, 'a', NULL, NULL, 1, 'D4:Q1:A40', 1236, 'X', 'B2C'),
(2233, 6, 110, 'f', NULL, NULL, 1, 'Q1:D4:A40', 1234, 'X', 'B2C'),
(2234, 6, 112, 'f', NULL, NULL, 1, 'Q1:D4:A40', 1235, 'X', 'B2C'),
(2235, 6, 109, 'f', NULL, NULL, 1, 'D4:Q1', 1234, 'X', 'B2C'),
(2236, 6, 109, 'j', NULL, NULL, 1, 'D4:Q1', 1234, 'X', 'B2C'),
(2237, 6, 115, 'f', NULL, NULL, 1, 'D4:Q1', 1237, 'X', 'B2C'),
(2238, 6, 110, 'a', NULL, NULL, 1, 'F51:D21:A40', 1234, 'X', 'B2C'),
(2239, 3, 50, 'a', NULL, NULL, 1, '(F51*Z1):D21:A40', 887, 'unknown', 'B2C'),
(2240, 6, 113, 'd', NULL, NULL, 1, 'F51:D21', 1236, 'X', 'B2C'),
(2241, 6, 113, 'f', NULL, NULL, 1, 'F51:D21', 1236, 'X', 'B2C'),
(2242, 6, 115, 'g', NULL, NULL, 1, 'F51:D21', 1237, 'X', 'B2C'),
(2243, 7, 329, 'b', NULL, NULL, 1, 'D4:Q1:A40', 1782, 'Bo', 'B3C'),
(2244, 4, 331, 'a', NULL, NULL, 1, 'D4:(Q1*A40)', 1051, 'unknown', 'B3C'),
(2245, 7, 299, 'c', NULL, NULL, 1, 'F51:D21:A40', 1761, 'Bo', 'B3C'),
(2246, 1, 6, 'b', NULL, NULL, 1, 'D4:Q1:A40', 715, 'B', 'B4C'),
(2247, 1, 11, 'a', NULL, NULL, 1, 'D4:Q1:A40', 718, 'B', 'B4C'),
(2248, 1, 22, 'b', NULL, NULL, 1, 'D4:Q1:A40', 721, 'B', 'B4C'),
(2249, 1, 24, 'a', NULL, NULL, 1, 'D4:Q1:A40', 722, 'B', 'B4C'),
(2250, 1, 25, 'b', NULL, NULL, 1, 'D4:Q1:A40', 722, 'B', 'B4C'),
(2251, 1, 38, 'b', NULL, NULL, 1, 'D4:Q1:A40', 726, 'B', 'B4C'),
(2252, 1, 44, 'e', NULL, NULL, 1, 'D4:Q1:A40', 728, 'B', 'B4C'),
(2253, 1, 55, 'a', NULL, NULL, 1, 'D4:Q1:A40', 734, 'B', 'B4C'),
(2254, 1, 57, 'a', NULL, NULL, 1, 'D4:Q1:A40', 734, 'B', 'B4C'),
(2255, 1, 59, 'c', NULL, NULL, 1, 'D4:Q1:A40', 735, 'B', 'B4C'),
(2256, 1, 76, 'a', NULL, NULL, 1, 'D4:Q1:A40', 739, 'B', 'B4C'),
(2257, 1, 78, 'g', NULL, NULL, 1, 'D4:Q1:A40', 740, 'B', 'B4C'),
(2258, 1, 80, 'f', NULL, NULL, 1, 'D4:Q1:A40', 742, 'unknown', 'B4C'),
(2259, 1, 253, 'e', NULL, NULL, 1, 'D4:Q1:A40', 774, 'F', 'B4C'),
(2260, 1, 256, 'e', NULL, NULL, 1, 'D4:Q1:A40', 775, 'F', 'B4C');
INSERT INTO `spelling` (`id`, `vol`, `page`, `section`, `pyr_page`, `pyr_sect`, `is_locution`, `type`, `spell`, `position`, `document`) VALUES
(2261, 1, 261, 'c', NULL, NULL, 1, 'D4:Q1:A40', 775, 'F', 'B4C'),
(2262, 3, 63, 'd', NULL, NULL, 1, 'D4:Q1:A40', 891, 'Fr', 'B4C'),
(2263, 3, 64, 'e', NULL, NULL, 1, 'D4:Q1:A40', 891, 'Fr', 'B4C'),
(2264, 3, 68, 'a', NULL, NULL, 1, 'D4:Q1:A40', 893, 'Fr', 'B4C'),
(2265, 3, 72, 'd', NULL, NULL, 1, 'D4:Q1:A40', 893, 'Fr', 'B4C'),
(2266, 6, 163, 'f', NULL, NULL, 1, 'D4:Q1:A40', 1279, 'F', 'B4C'),
(2267, 6, 163, 'h', NULL, NULL, 1, 'D4:Q1:A40', 1279, 'F', 'B4C'),
(2268, 6, 166, 'b', NULL, NULL, 1, 'D4:Q1:A40', 1281, 'Fr', 'B4C'),
(2269, 6, 166, 'h', NULL, NULL, 1, 'D4:Q1:A40', 1281, 'Fr', 'B4C'),
(2270, 6, 166, 'n', NULL, NULL, 1, 'D4:Q1:A40', 1281, 'Fr', 'B4C'),
(2271, 6, 168, 'c', NULL, NULL, 1, 'D4:Q1:A40', 1283, 'Fr', 'B4C'),
(2272, 6, 169, 'a', NULL, NULL, 1, 'D4:Q1:A40', 1283, 'Fr', 'B4C'),
(2273, 6, 368, 'e', NULL, NULL, 1, 'D4:Q1:A40', 1455, 'B', 'B4C'),
(2274, 6, 368, 'i', NULL, NULL, 1, 'D4:Q1:A40', 1455, 'B', 'B4C'),
(2275, 6, 369, 'c', NULL, NULL, 1, 'D4:Q1:A40', 1455, 'B', 'B4C'),
(2276, 6, 369, 'd', NULL, NULL, 1, 'D4:Q1:A40', 1455, 'B', 'B4C'),
(2277, 6, 373, 'f', NULL, NULL, 1, 'D4:Q1:A40', 1457, 'B', 'B4C'),
(2278, 6, 373, 'g', NULL, NULL, 1, 'D4:Q1:A40', 1457, 'B', 'B4C'),
(2279, 6, 373, 'l', NULL, NULL, 1, 'D4:Q1:A40', 1457, 'B', 'B4C'),
(2280, 6, 374, 'a', NULL, NULL, 1, 'D4:Q1:A40', 1459, 'B', 'B4C'),
(2281, 6, 374, 'd', NULL, NULL, 1, 'D4:Q1:A40', 1459, 'B', 'B4C'),
(2282, 6, 374, 'h', NULL, NULL, 1, 'D4:Q1:A40', 1459, 'B', 'B4C'),
(2283, 6, 379, 'p', NULL, NULL, 1, 'D4:Q1:A40', 1464, 'Fr', 'B4C'),
(2284, 6, 380, 'c', NULL, NULL, 1, 'D4:Q1:A40', 1465, 'unknown', 'B4C'),
(2285, 6, 380, 'd', NULL, NULL, 1, 'D4:Q1:A40', 1465, 'unknown', 'B4C'),
(2286, 8, 76, NULL, 140, 'a', 1, 'D4:Q1:A40', 215, 'B', 'B4C'),
(2287, 8, 80, NULL, 141, 'a', 1, 'D4:Q1:A40', 215, 'B', 'B4C'),
(2288, 8, 414, NULL, 1973, 'a', 1, 'D4:Q1:A40', 670, 'F', 'B4C'),
(2289, 1, 14, 'b', NULL, NULL, 1, 'D4:(Q1*A40)', 718, 'B', 'B4C'),
(2290, 1, 28, 'b', NULL, NULL, 1, 'D4:(Q1*A40)', 723, 'B', 'B4C'),
(2291, 1, 34, 'd', NULL, NULL, 1, 'D4:(Q1*A40)', 724, 'B', 'B4C'),
(2292, 1, 36, 'b', NULL, NULL, 1, 'D4:(Q1*A40)', 725, 'B', 'B4C'),
(2293, 1, 66, 'c', NULL, NULL, 1, 'D4:(Q1*A40)', 736, 'B', 'B4C'),
(2294, 1, 67, 'b', NULL, NULL, 1, 'D4:(Q1*A40)', 736, 'B', 'B4C'),
(2295, 1, 68, 'b', NULL, NULL, 1, 'D4:(Q1*A40)', 736, 'B', 'B4C'),
(2296, 1, 69, 'b', NULL, NULL, 1, 'D4:(Q1*A40)', 736, 'B', 'B4C'),
(2297, 1, 70, 'a', NULL, NULL, 1, 'D4:(Q1*A40)', 737, 'B', 'B4C'),
(2298, 1, 73, 'c', NULL, NULL, 1, 'D4:(Q1*A40)', 738, 'B', 'B4C'),
(2299, 1, 75, 'a', NULL, NULL, 1, 'D4:(Q1*A40)', 738, 'B', 'B4C'),
(2300, 6, 369, 'q', NULL, NULL, 1, 'D4:(Q1*A40)', 1455, 'B', 'B4C'),
(2301, 6, 372, 'p', NULL, NULL, 1, 'D4:(Q1*A40)', 1457, 'B', 'B4C'),
(2302, 6, 372, 'r', NULL, NULL, 1, 'D4:(Q1*A40)', 1457, 'B', 'B4C'),
(2303, 6, 373, 'b', NULL, NULL, 1, 'D4:(Q1*A40)', 1457, 'B', 'B4C'),
(2304, 8, 417, NULL, 1975, 'a', 1, 'D4:(Q1*A40)', 670, 'F', 'B4C'),
(2305, 7, 343, 'c', NULL, NULL, 1, 'D4:Q1', 1787, 'Bo', 'B4C'),
(2306, 7, 346, 'b', NULL, NULL, 1, 'D4:Q1', 1790, 'Bo', 'B4C'),
(2307, 7, 449, 'c', NULL, NULL, 1, 'D4:Q1', 1831, 'Bo', 'B4C'),
(2308, 8, 98, NULL, 147, 'a', 1, 'D4:Q1', 215, 'B', 'B4C'),
(2309, 8, 118, NULL, 151, 'c', 1, 'D4:Q1', 216, 'B', 'B4C'),
(2310, 8, 122, NULL, 152, 'a', 1, 'D4:Q1', 217, 'B', 'B4C'),
(2311, 8, 122, NULL, 152, 'b', 1, 'D4:Q1', 217, 'B', 'B4C'),
(2312, 8, 126, NULL, 153, 'b', 1, 'D4:Q1', 217, 'B', 'B4C'),
(2313, 8, 130, NULL, 154, 'a', 1, 'D4:Q1', 217, 'B', 'B4C'),
(2314, 8, 131, NULL, 154, 'b', 1, 'D4:Q1', 217, 'B', 'B4C'),
(2315, 1, 253, 'h', NULL, NULL, 1, 'F51:D21:A40', 774, 'F', 'B4C'),
(2316, 1, 254, 'f', NULL, NULL, 1, 'F51:D21:A40', 774, 'F', 'B4C'),
(2317, 3, 99, 'c', NULL, NULL, 1, 'F51:D21:A40', 905, 'F', 'B4C'),
(2318, 7, 284, 'a', NULL, NULL, 1, 'F51:D21:A40', 1750, 'Bo', 'B4C'),
(2319, 7, 284, 'b', NULL, NULL, 1, 'F51:D21:A40', 1750, 'Bo', 'B4C'),
(2320, 7, 290, 'a', NULL, NULL, 1, 'F51:D21:A40', 1754, 'Bo', 'B4C'),
(2321, 7, 290, 'b', NULL, NULL, 1, 'F51:D21:A40', 1754, 'Bo', 'B4C'),
(2322, 7, 284, 'c', NULL, NULL, 1, '(F51:D21)*A40', 1750, 'Bo', 'B4C'),
(2323, 1, 58, 'b', NULL, NULL, 1, 'F51:D4:A40', 735, 'B', 'B4C'),
(2324, 3, 195, 'i', NULL, NULL, 1, 'D4:Q1:A40', 932, 'B', 'B5C'),
(2325, 4, 96, 'c', NULL, NULL, 1, 'Q1*(D4:A40)', 1028, 'B', 'B5C'),
(2326, 1, 22, 'b', NULL, NULL, 1, 'D4:Q1:A40', 721, 'L', 'B6C'),
(2327, 1, 24, 'a', NULL, NULL, 1, 'D4:Q1:A40', 722, 'L', 'B6C'),
(2328, 1, 25, 'b', NULL, NULL, 1, 'D4:Q1:A40', 722, 'L', 'B6C'),
(2329, 1, 28, 'b', NULL, NULL, 1, 'D4:Q1:A40', 723, 'L', 'B6C'),
(2330, 1, 32, 'b', NULL, NULL, 1, 'D4:Q1:A40', 723, 'L', 'B6C'),
(2331, 1, 33, 'd', NULL, NULL, 1, 'D4:Q1:A40', 724, 'L', 'B6C'),
(2332, 1, 34, 'd', NULL, NULL, 1, 'D4:Q1:A40', 724, 'L', 'B6C'),
(2333, 1, 36, 'b', NULL, NULL, 1, 'D4:Q1:A40', 725, 'L', 'B6C'),
(2334, 1, 38, 'b', NULL, NULL, 1, 'D4:Q1:A40', 726, 'L', 'B6C'),
(2335, 1, 41, 'a', NULL, NULL, 1, 'D4:Q1:A40', 727, 'L', 'B6C'),
(2336, 1, 44, 'e', NULL, NULL, 1, 'D4:Q1:A40', 728, 'L', 'B6C'),
(2337, 1, 46, 'bc', NULL, NULL, 1, 'D4:Q1:A40', 729, 'L', 'B6C'),
(2338, 1, 47, 'b', NULL, NULL, 1, 'D4:Q1:A40', 730, 'L', 'B6C'),
(2339, 1, 49, 'b', NULL, NULL, 1, 'D4:Q1:A40', 730, 'L', 'B6C'),
(2340, 1, 51, 'd', NULL, NULL, 1, 'D4:Q1:A40', 731, 'L', 'B6C'),
(2341, 1, 52, 'b', NULL, NULL, 1, 'D4:Q1:A40', 731, 'L', 'B6C'),
(2342, 1, 53, 'd', NULL, NULL, 1, 'D4:Q1:A40', 732, 'L', 'B6C'),
(2343, 1, 54, 'f', NULL, NULL, 1, 'D4:Q1:A40', 732, 'L', 'B6C'),
(2344, 1, 54, 'i', NULL, NULL, 1, 'D4:Q1:A40', 732, 'L', 'B6C'),
(2345, 1, 55, 'a', NULL, NULL, 1, 'D4:Q1:A40', 734, 'L', 'B6C'),
(2346, 1, 55, 'e', NULL, NULL, 1, 'D4:Q1:A40', 734, 'L', 'B6C'),
(2347, 1, 55, 'e', NULL, NULL, 1, 'D4:Q1:A40', 734, 'L', 'B6C'),
(2348, 1, 57, 'a', NULL, NULL, 1, 'D4:Q1:A40', 734, 'L', 'B6C'),
(2349, 1, 58, 'b', NULL, NULL, 1, 'D4:Q1:A40', 735, 'L', 'B6C'),
(2350, 1, 59, 'c', NULL, NULL, 1, 'D4:Q1:A40', 735, 'L', 'B6C'),
(2351, 1, 66, 'c', NULL, NULL, 1, 'D4:Q1:A40', 736, 'L', 'B6C'),
(2352, 1, 68, 'b', NULL, NULL, 1, 'D4:Q1:A40', 736, 'L', 'B6C'),
(2353, 1, 70, 'a', NULL, NULL, 1, 'D4:Q1:A40', 737, 'L', 'B6C'),
(2354, 1, 73, 'c', NULL, NULL, 1, 'D4:Q1:A40', 738, 'L', 'B6C'),
(2355, 1, 75, 'a', NULL, NULL, 1, 'D4:Q1:A40', 738, 'L', 'B6C'),
(2356, 1, 76, 'a', NULL, NULL, 1, 'D4:Q1:A40', 739, 'L', 'B6C'),
(2357, 1, 77, 'c', NULL, NULL, 1, 'D4:Q1:A40', 740, 'L', 'B6C'),
(2358, 1, 78, 'b', NULL, NULL, 1, 'D4:Q1:A40', 740, 'L', 'B6C'),
(2359, 1, 78, 'g', NULL, NULL, 1, 'D4:Q1:A40', 740, 'L', 'B6C'),
(2360, 8, 146, NULL, 161, 'a', 1, 'D4:Q1:A40', 218, 'L', 'B6C'),
(2361, 8, 158, NULL, 167, 'a', 1, 'D4:Q1:A40', 219, 'L', 'B6C'),
(2362, 8, 304, NULL, 609, 'a', 1, 'D4:Q1:A40', 364, 'unknown', 'B6C'),
(2363, 1, 6, 'b', NULL, NULL, 1, 'D4:(Q1*A40)', 715, 'L', 'B6C'),
(2364, 1, 49, 'c', NULL, NULL, 1, 'F51:D21:A40', 730, 'L', 'B6C'),
(2365, 6, 5, 'a', NULL, NULL, 1, 'D4:Q1:A40', 1187, 'B', 'B9C'),
(2366, 8, 311, NULL, 618, 'a', 1, 'D4:Q1:A40', 364, 'L', 'B9C'),
(2367, 8, 311, NULL, 619, 'a', 1, 'D4:Q1:A40', 364, 'L', 'B9C'),
(2368, 8, 432, NULL, 2026, 'a', 1, 'D4:Q1:A40', 686, 'L', 'B9C'),
(2369, 8, 431, NULL, 2024, 'a', 1, 'Q1:D4:A40', 686, 'L', 'B9C'),
(2370, 8, 313, NULL, 621, 'b', 1, 'D4:Q1', 364, 'L', 'B9C'),
(2371, 8, 433, NULL, 2028, 'a', 1, 'D4:Q1', 686, 'L', 'B9C'),
(2372, 8, 438, NULL, 2105, 'a', 1, 'D4:Q1', 690, 'L', 'B9C'),
(2373, 6, 5, 'a', NULL, NULL, 1, 'F51*D21:A40', 1187, 'B', 'B9C'),
(2374, 6, 5, 'a', NULL, NULL, 1, 'F51:D21', 1187, 'B', 'B9C'),
(2375, 1, 49, 'b', NULL, NULL, 1, 'D4:Q1:A40', 730, 'unknown', 'B10C'),
(2376, 1, 51, 'd', NULL, NULL, 1, 'D4:Q1:A40', 731, 'unknown', 'B10C'),
(2377, 1, 186, 'b', NULL, NULL, 1, 'D4:Q1:A40', 758, 'H & F & B', 'B10C'),
(2378, 1, 186, 'd', NULL, NULL, 1, 'D4:Q1:A40', 758, 'H & F & B', 'B10C'),
(2379, 1, 187, 'd', NULL, NULL, 1, 'D4:Q1:A40', 758, 'H & F & B', 'B10C'),
(2380, 1, 187, 'f', NULL, NULL, 1, 'D4:Q1:A40', 758, 'H & F & B', 'B10C'),
(2381, 1, 188, 'b', NULL, NULL, 1, 'D4:Q1:A40', 758, 'H & F & B', 'B10C'),
(2382, 1, 191, 'g', NULL, NULL, 1, 'D4:Q1:A40', 759, 'F & B', 'B10C'),
(2383, 1, 192, 'd', NULL, NULL, 1, 'D4:Q1:A40', 759, 'F & B', 'B10C'),
(2384, 1, 194, 'b', NULL, NULL, 1, 'D4:Q1:A40', 759, 'F & B', 'B10C'),
(2385, 1, 201, 'e', NULL, NULL, 1, 'D4:Q1:A40', 760, 'F & B', 'B10C'),
(2386, 1, 204, 'a', NULL, NULL, 1, 'D4:Q1:A40', 761, 'F & B', 'B10C'),
(2387, 1, 204, 'c', NULL, NULL, 1, 'D4:Q1:A40', 761, 'F & B', 'B10C'),
(2388, 1, 207, 'c', NULL, NULL, 1, 'D4:Q1:A40', 761, 'F & B', 'B10C'),
(2389, 1, 211, 'b', NULL, NULL, 1, 'D4:Q1:A40', 762, 'F & B', 'B10C'),
(2390, 1, 211, 'd', NULL, NULL, 1, 'D4:Q1:A40', 762, 'F & B', 'B10C'),
(2391, 1, 213, 'e', NULL, NULL, 1, 'D4:Q1:A40', 762, 'F & B', 'B10C'),
(2392, 1, 214, 'b', NULL, NULL, 1, 'D4:Q1:A40', 762, 'F & B', 'B10C'),
(2393, 1, 214, 'd', NULL, NULL, 1, 'D4:Q1:A40', 762, 'F & B', 'B10C'),
(2394, 1, 221, 'b', NULL, NULL, 1, 'D4:Q1:A40', 763, 'F & B', 'B10C'),
(2395, 1, 230, 'e', NULL, NULL, 1, 'D4:Q1:A40', 764, 'F & B', 'B10C'),
(2396, 1, 233, 'e', NULL, NULL, 1, 'D4:Q1:A40', 765, 'F & B', 'B10C'),
(2397, 1, 234, 'g', NULL, NULL, 1, 'D4:Q1:A40', 765, 'F & B', 'B10C'),
(2398, 1, 235, 'g', NULL, NULL, 1, 'D4:Q1:A40', 765, 'F & B', 'B10C'),
(2399, 1, 241, 'g', NULL, NULL, 1, 'D4:Q1:A40', 767, 'F & B', 'B10C'),
(2400, 1, 242, 'f', NULL, NULL, 1, 'D4:Q1:A40', 767, 'F & B', 'B10C'),
(2401, 1, 253, 'e', NULL, NULL, 1, 'D4:Q1:A40', 774, 'F & B & Fr & L', 'B10C'),
(2402, 1, 254, 'b', NULL, NULL, 1, 'D4:Q1:A40', 774, 'F & B & Fr & L', 'B10C'),
(2403, 1, 254, 'f', NULL, NULL, 1, 'D4:Q1:A40', 774, 'F & B & Fr & L', 'B10C'),
(2404, 1, 254, 'f', NULL, NULL, 1, 'D4:Q1:A40', 774, 'F & B & Fr & L', 'B10C'),
(2405, 1, 256, 'e', NULL, NULL, 1, 'D4:Q1:A40', 775, 'F & B & Fr', 'B10C'),
(2406, 1, 264, 'f', NULL, NULL, 1, 'D4:Q1:A40', 775, 'F & B & Fr', 'B10C'),
(2407, 1, 275, 'c', NULL, NULL, 1, 'D4:Q1:A40', 778, 'H', 'B10C'),
(2408, 1, 277, 'i', NULL, NULL, 1, 'D4:Q1:A40', 779, 'H', 'B10C'),
(2409, 1, 291, 'h', NULL, NULL, 1, 'D4:Q1:A40', 782, 'H', 'B10C'),
(2410, 1, 305, 'g', NULL, NULL, 1, 'D4:Q1:A40', 787, 'H', 'B10C'),
(2411, 1, 310, 'i', NULL, NULL, 1, 'D4:Q1:A40', 788, 'H', 'B10C'),
(2412, 6, 358, 'c', NULL, NULL, 1, 'D4:Q1:A40', 1442, 'Fr', 'B10C'),
(2413, 6, 360, 'm', NULL, NULL, 1, 'D4:Q1:A40', 1442, 'Fr', 'B10C'),
(2414, 6, 361, 'd', NULL, NULL, 1, 'D4:Q1:A40', 1442, 'Fr', 'B10C'),
(2415, 6, 362, 'f', NULL, NULL, 1, 'D4:Q1:A40', 1443, 'unknown', 'B10C'),
(2416, 7, 38, 'k', NULL, NULL, 1, 'D4:Q1:A40', 1551, 'H', 'B10C'),
(2417, 7, 41, 'f', NULL, NULL, 1, 'D4:Q1:A40', 1553, 'H', 'B10C'),
(2418, 7, 41, 'n', NULL, NULL, 1, 'D4:Q1:A40', 1553, 'H', 'B10C'),
(2419, 8, 46, NULL, 134, 'a', 1, 'D4:Q1:A40', 213, 'Fr & B', 'B10C'),
(2420, 8, 58, NULL, 136, 'a', 1, 'D4:Q1:A40', 214, 'Fr & B', 'B10C'),
(2421, 8, 76, NULL, 140, 'a', 1, 'D4:Q1:A40', 215, 'Fr & B', 'B10C'),
(2422, 8, 98, NULL, 147, 'a', 1, 'D4:Q1:A40', 215, 'Fr & B', 'B10C'),
(2423, 8, 114, NULL, 150, 'c', 1, 'D4:Q1:A40', 216, 'Fr & B', 'B10C'),
(2424, 8, 118, NULL, 151, 'c', 1, 'D4:Q1:A40', 216, 'Fr & B', 'B10C'),
(2425, 8, 122, NULL, 152, 'a', 1, 'D4:Q1:A40', 217, 'Fr & B', 'B10C'),
(2426, 8, 126, NULL, 153, 'b', 1, 'D4:Q1:A40', 217, 'Fr & B', 'B10C'),
(2427, 8, 156, NULL, 165, 'd', 1, 'D4:Q1:A40', 218, 'Fr & B', 'B10C'),
(2428, 8, 156, NULL, 166, 'a', 1, 'D4:Q1:A40', 218, 'Fr & B', 'B10C'),
(2429, 8, 156, NULL, 166, 'b', 1, 'D4:Q1:A40', 218, 'Fr & B', 'B10C'),
(2430, 8, 157, NULL, 166, 'c', 1, 'D4:Q1:A40', 218, 'Fr & B', 'B10C'),
(2431, 8, 157, NULL, 166, 'd', 1, 'D4:Q1:A40', 218, 'Fr & B', 'B10C'),
(2432, 8, 146, NULL, 167, 'a', 1, 'D4:Q1:A40', 219, 'Fr & B', 'B10C'),
(2433, 8, 163, NULL, 169, 'c', 1, 'D4:Q1:A40', 219, 'Fr & B', 'B10C'),
(2434, 8, 163, NULL, 169, 'd', 1, 'D4:Q1:A40', 219, 'Fr & B', 'B10C'),
(2435, 8, 163, NULL, 170, 'b', 1, 'D4:Q1:A40', 219, 'Fr & B', 'B10C'),
(2436, 8, 165, NULL, 171, 'd', 1, 'D4:Q1:A40', 219, 'Fr & B', 'B10C'),
(2437, 8, 166, NULL, 172, 'b', 1, 'D4:Q1:A40', 219, 'Fr & B', 'B10C'),
(2438, 8, 167, NULL, 173, 'a', 1, 'D4:Q1:A40', 219, 'Fr & B', 'B10C'),
(2439, 8, 168, NULL, 174, 'a', 1, 'D4:Q1:A40', 219, 'Fr & B', 'B10C'),
(2440, 8, 168, NULL, 173, 'c', 1, 'D4:Q1:A40', 219, 'Fr & B', 'B10C'),
(2441, 8, 169, NULL, 175, 'a', 1, 'D4:Q1:A40', 219, 'Fr & B', 'B10C'),
(2442, 8, 169, NULL, 175, 'b', 1, 'D4:Q1:A40', 219, 'Fr & B', 'B10C'),
(2443, 8, 170, NULL, 176, 'c', 1, 'D4:Q1:A40', 219, 'Fr & B', 'B10C'),
(2444, 8, 171, NULL, 177, 'a', 1, 'D4:Q1:A40', 219, 'Fr & B', 'B10C'),
(2445, 8, 171, NULL, 177, 'a', 1, 'D4:Q1:A40', 219, 'Fr & B', 'B10C'),
(2446, 8, 171, NULL, 177, 'b', 1, 'D4:Q1:A40', 219, 'Fr & B', 'B10C'),
(2447, 8, 171, NULL, 177, 'c', 1, 'D4:Q1:A40', 219, 'Fr & B', 'B10C'),
(2448, 8, 172, NULL, 178, 'a', 1, 'D4:Q1:A40', 219, 'Fr & B', 'B10C'),
(2449, 8, 172, NULL, 178, 'b', 1, 'D4:Q1:A40', 219, 'Fr & B', 'B10C'),
(2450, 8, 173, NULL, 179, 'a', 1, 'D4:Q1:A40', 219, 'Fr & B', 'B10C'),
(2451, 8, 173, NULL, 180, 'a', 1, 'D4:Q1:A40', 219, 'Fr & B', 'B10C'),
(2452, 8, 178, NULL, 182, 'c', 1, 'D4:Q1:A40', 219, 'Fr & B', 'B10C'),
(2453, 8, 180, NULL, 183, 'c', 1, 'D4:Q1:A40', 219, 'Fr & B', 'B10C'),
(2454, 8, 181, NULL, 184, 'e', 1, 'D4:Q1:A40', 219, 'Fr & B', 'B10C'),
(2455, 8, 182, NULL, 185, 'b', 1, 'D4:Q1:A40', 219, 'Fr & B', 'B10C'),
(2456, 8, 182, NULL, 185, 'b', 1, 'D4:Q1:A40', 219, 'Fr & B', 'B10C'),
(2457, 8, 182, NULL, 185, 'c', 1, 'D4:Q1:A40', 219, 'Fr & B', 'B10C'),
(2458, 8, 182, NULL, 185, 'd', 1, 'D4:Q1:A40', 219, 'Fr & B', 'B10C'),
(2459, 8, 184, NULL, 187, 'a', 1, 'D4:Q1:A40', 219, 'Fr & B', 'B10C'),
(2460, 8, 184, NULL, 187, 'b', 1, 'D4:Q1:A40', 219, 'Fr & B', 'B10C'),
(2461, 8, 186, NULL, 189, 'e', 1, 'D4:Q1:A40', 219, 'Fr & B', 'B10C'),
(2462, 8, 187, NULL, 190, 'd', 1, 'D4:Q1:A40', 219, 'Fr & B', 'B10C'),
(2463, 8, 188, NULL, 190, 'e', 1, 'D4:Q1:A40', 219, 'Fr & B', 'B10C'),
(2464, 8, 188, NULL, 191, 'c', 1, 'D4:Q1:A40', 219, 'Fr & B', 'B10C'),
(2465, 8, 188, NULL, 191, 'c', 1, 'D4:Q1:A40', 219, 'Fr & B', 'B10C'),
(2466, 8, 189, NULL, 191, 'd', 1, 'D4:Q1:A40', 219, 'Fr & B', 'B10C'),
(2467, 8, 191, NULL, 193, 'c', 1, 'D4:Q1:A40', 220, 'B', 'B10C'),
(2468, 8, 212, NULL, 199, 'a', 1, 'D4:Q1:A40', 222, 'Fr & B', 'B10C'),
(2469, 8, 213, NULL, 199, 'a', 1, 'D4:Q1:A40', 222, 'Fr & B', 'B10C'),
(2470, 8, 250, NULL, 213, 'a', 1, 'D4:Q1:A40', 222, 'B', 'B10C'),
(2471, 8, 339, NULL, 752, 'a', 1, 'D4:Q1:A40', 422, 'L', 'B10C'),
(2472, 8, 387, NULL, 1542, 'a', 1, 'D4:Q1:A40', 579, 'H', 'B10C'),
(2473, 1, 188, 'b', NULL, NULL, 1, 'Q1:D4:A40', 758, 'H & F & B', 'B10C'),
(2474, 1, 221, 'b', NULL, NULL, 1, 'Q1:D4:A40', 763, 'F & B', 'B10C'),
(2475, 1, 233, 'e', NULL, NULL, 1, 'Q1:D4:A40', 765, 'F & B', 'B10C'),
(2476, 1, 234, 'g', NULL, NULL, 1, 'Q1:D4:A40', 765, 'F & B', 'B10C'),
(2477, 1, 236, 'h', NULL, NULL, 1, 'Q1:D4:A40', 765, 'F & B', 'B10C'),
(2478, 1, 256, 'e', NULL, NULL, 1, 'Q1:D4:A40', 775, 'F & B & Fr', 'B10C'),
(2479, 6, 103, 'd', NULL, NULL, 1, 'Q1:D4:A40', 1230, 'B & L', 'B10C'),
(2480, 6, 108, 'd', NULL, NULL, 1, 'Q1:D4:A40', 1233, 'L', 'B10C'),
(2481, 8, 133, NULL, 155, 'b', 1, 'Q1:D4:A40', 217, 'Fr & B', 'B10C'),
(2482, 8, 143, NULL, 159, 'b', 1, 'Q1:D4:A40', 217, 'Fr & B', 'B10C'),
(2483, 8, 158, NULL, 167, 'a', 1, 'Q1:D4:A40', 219, 'Fr & B', 'B10C'),
(2484, 8, 158, NULL, 167, 'b', 1, 'Q1:D4:A40', 219, 'Fr & B', 'B10C'),
(2485, 8, 159, NULL, 167, 'b', 1, 'Q1:D4:A40', 219, 'Fr & B', 'B10C'),
(2486, 8, 159, NULL, 167, 'c', 1, 'Q1:D4:A40', 219, 'Fr & B', 'B10C'),
(2487, 8, 160, NULL, 168, 'a', 1, 'Q1:D4:A40', 219, 'Fr & B', 'B10C'),
(2488, 8, 161, NULL, 168, 'b', 1, 'Q1:D4:A40', 219, 'Fr & B', 'B10C'),
(2489, 8, 161, NULL, 168, 'c', 1, 'Q1:D4:A40', 219, 'Fr & B', 'B10C'),
(2490, 8, 163, NULL, 170, 'a', 1, 'Q1:D4:A40', 219, 'Fr & B', 'B10C'),
(2491, 8, 163, NULL, 170, 'b', 1, 'Q1:D4:A40', 219, 'Fr & B', 'B10C'),
(2492, 8, 163, NULL, 170, 'c', 1, 'Q1:D4:A40', 219, 'Fr & B', 'B10C'),
(2493, 8, 164, NULL, 170, 'c', 1, 'Q1:D4:A40', 219, 'Fr & B', 'B10C'),
(2494, 8, 164, NULL, 171, 'a', 1, 'Q1:D4:A40', 219, 'Fr & B', 'B10C'),
(2495, 8, 164, NULL, 171, 'b', 1, 'Q1:D4:A40', 219, 'Fr & B', 'B10C'),
(2496, 8, 164, NULL, 171, 'c', 1, 'Q1:D4:A40', 219, 'Fr & B', 'B10C'),
(2497, 8, 165, NULL, 171, 'c', 1, 'Q1:D4:A40', 219, 'Fr & B', 'B10C'),
(2498, 8, 165, NULL, 0, 'b', 1, 'Q1:D4:A40', 219, 'unknown', 'B10C'),
(2499, 8, 166, NULL, 172, 'b', 1, 'Q1:D4:A40', 219, 'Fr & B', 'B10C'),
(2500, 8, 166, NULL, 172, 'c', 1, 'Q1:D4:A40', 219, 'Fr & B', 'B10C'),
(2501, 8, 167, NULL, 173, 'a', 1, 'Q1:D4:A40', 219, 'Fr & B', 'B10C'),
(2502, 8, 167, NULL, 173, 'c', 1, 'Q1:D4:A40', 219, 'Fr & B', 'B10C'),
(2503, 8, 168, NULL, 173, 'b', 1, 'Q1:D4:A40', 219, 'Fr & B', 'B10C'),
(2504, 8, 169, NULL, 175, 'a', 1, 'Q1:D4:A40', 219, 'Fr & B', 'B10C'),
(2505, 8, 169, NULL, 175, 'b', 1, 'Q1:D4:A40', 219, 'Fr & B', 'B10C'),
(2506, 8, 169, NULL, 175, 'd', 1, 'Q1:D4:A40', 219, 'Fr & B', 'B10C'),
(2507, 8, 171, NULL, 177, 'b', 1, 'Q1:D4:A40', 219, 'Fr & B', 'B10C'),
(2508, 8, 171, NULL, 177, 'c', 1, 'Q1:D4:A40', 219, 'Fr & B', 'B10C'),
(2509, 8, 174, NULL, 180, 'a', 1, 'Q1:D4:A40', 219, 'Fr & B', 'B10C'),
(2510, 8, 174, NULL, 180, 'b', 1, 'Q1:D4:A40', 219, 'Fr & B', 'B10C'),
(2511, 8, 174, NULL, 180, 'b', 1, 'Q1:D4:A40', 219, 'Fr & B', 'B10C'),
(2512, 8, 174, NULL, 180, 'c', 1, 'Q1:D4:A40', 219, 'Fr & B', 'B10C'),
(2513, 8, 174, NULL, 180, 'c', 1, 'Q1:D4:A40', 219, 'Fr & B', 'B10C'),
(2514, 8, 175, NULL, 181, 'b', 1, 'Q1:D4:A40', 219, 'Fr & B', 'B10C'),
(2515, 8, 175, NULL, 181, 'b', 1, 'Q1:D4:A40', 219, 'Fr & B', 'B10C'),
(2516, 8, 176, NULL, 181, 'c', 1, 'Q1:D4:A40', 219, 'Fr & B', 'B10C'),
(2517, 8, 176, NULL, 181, 'c', 1, 'Q1:D4:A40', 219, 'Fr & B', 'B10C'),
(2518, 8, 176, NULL, 181, 'd', 1, 'Q1:D4:A40', 219, 'Fr & B', 'B10C'),
(2519, 8, 177, NULL, 182, 'b', 1, 'Q1:D4:A40', 219, 'Fr & B', 'B10C'),
(2520, 8, 179, NULL, 183, 'b', 1, 'Q1:D4:A40', 219, 'Fr & B', 'B10C'),
(2521, 8, 179, NULL, 183, 'b', 1, 'Q1:D4:A40', 219, 'Fr & B', 'B10C'),
(2522, 8, 181, NULL, 184, 'c', 1, 'Q1:D4:A40', 219, 'Fr & B', 'B10C'),
(2523, 8, 184, NULL, 187, 'a', 1, 'Q1:D4:A40', 219, 'Fr & B', 'B10C'),
(2524, 8, 185, NULL, 188, 'c', 1, 'Q1:D4:A40', 219, 'Fr & B', 'B10C'),
(2525, 8, 185, NULL, 188, 'c', 1, 'Q1:D4:A40', 219, 'Fr & B', 'B10C'),
(2526, 8, 186, NULL, 189, 'd', 1, 'Q1:D4:A40', 219, 'Fr & B', 'B10C'),
(2527, 8, 189, NULL, 191, 'd', 1, 'Q1:D4:A40', 219, 'Fr & B', 'B10C'),
(2528, 8, 297, NULL, 575, 'a', 1, 'Q1:D4:A40', 356, 'L & B', 'B10C'),
(2529, 8, 304, NULL, 609, 'a', 1, 'Q1:D4:A40', 364, 'L & B', 'B10C'),
(2530, 8, 311, NULL, 618, 'a', 1, 'Q1:D4:A40', 364, 'L & B', 'B10C'),
(2531, 8, 311, NULL, 619, 'a', 1, 'Q1:D4:A40', 364, 'L & B', 'B10C'),
(2532, 8, 330, NULL, 648, 'a', 1, 'Q1:D4:A40', 371, 'L', 'B10C'),
(2533, 8, 339, NULL, 752, 'b', 1, 'Q1:D4:A40', 422, 'L', 'B10C'),
(2534, 8, 343, NULL, 763, 'a', 1, 'Q1:D4:A40', 422, 'L & B', 'B10C'),
(2535, 8, 344, NULL, 765, 'a', 1, 'Q1:D4:A40', 423, 'L', 'B10C'),
(2536, 8, 345, NULL, 769, 'c', 1, 'Q1:D4:A40', 424, 'L & B', 'B10C'),
(2537, 8, 345, NULL, 770, 'a', 1, 'Q1:D4:A40', 424, 'L & B', 'B10C'),
(2538, 8, 346, NULL, 774, 'a', 1, 'Q1:D4:A40', 424, 'L & B', 'B10C'),
(2539, 8, 384, NULL, 901, 'a', 1, 'Q1:D4:A40', 468, 'L', 'B10C'),
(2540, 8, 384, NULL, 903, 'c', 1, 'Q1:D4:A40', 468, 'L', 'B10C'),
(2541, 8, 384, NULL, 904, 'a', 1, 'Q1:D4:A40', 468, 'L', 'B10C'),
(2542, 8, 385, NULL, 905, 'c', 1, 'Q1:D4:A40', 468, 'L', 'B10C'),
(2543, 8, 385, NULL, 1259, 'a', 1, 'Q1:D4:A40', 532, 'H', 'B10C'),
(2544, 8, 385, NULL, 1259, 'b', 1, 'Q1:D4:A40', 532, 'H', 'B10C'),
(2545, 8, 427, NULL, 2004, 'a', 1, 'Q1:D4:A40', 675, 'L', 'B10C'),
(2546, 8, 428, NULL, 2007, 'b', 1, 'Q1:D4:A40', 676, 'L', 'B10C'),
(2547, 8, 429, NULL, 2012, 'a', 1, 'Q1:D4:A40', 676, 'L', 'B10C'),
(2548, 8, 430, NULL, 2019, 'a', 1, 'Q1:D4:A40', 686, 'L & B', 'B10C'),
(2549, 8, 430, NULL, 2020, 'a', 1, 'Q1:D4:A40', 686, 'L & B', 'B10C'),
(2550, 8, 431, NULL, 2022, 'a', 1, 'Q1:D4:A40', 686, 'L & B', 'B10C'),
(2551, 8, 431, NULL, 2024, 'a', 1, 'Q1:D4:A40', 686, 'L & B', 'B10C'),
(2552, 8, 433, NULL, 2028, 'a', 1, 'Q1:D4:A40', 686, 'L & B', 'B10C'),
(2553, 8, 437, NULL, 2103, 'd', 1, 'Q1:D4:A40', 690, 'L', 'B10C'),
(2554, 8, 438, NULL, 2105, 'a', 1, 'Q1:D4:A40', 690, 'L', 'B10C'),
(2555, 8, 438, NULL, 2105, 'c', 1, 'Q1:D4:A40', 690, 'L', 'B10C'),
(2556, 1, 6, 'b', NULL, NULL, 1, 'D4:(Q1*A40)', 715, 'unknown', 'B10C'),
(2557, 1, 253, 'e', NULL, NULL, 1, 'D4:(Q1*A40)', 774, 'F & B & Fr & L', 'B10C'),
(2558, 1, 254, 'b', NULL, NULL, 1, 'D4:(Q1*A40)', 774, 'F & B & Fr & L', 'B10C'),
(2559, 6, 358, 'f', NULL, NULL, 1, 'D4:(Q1*A40)', 1442, 'Fr', 'B10C'),
(2560, 6, 358, 'j', NULL, NULL, 1, 'D4:(Q1*A40)', 1442, 'Fr', 'B10C'),
(2561, 6, 360, 'd', NULL, NULL, 1, 'D4:(Q1*A40)', 1442, 'Fr', 'B10C'),
(2562, 6, 360, 'f', NULL, NULL, 1, 'D4:(Q1*A40)', 1442, 'Fr', 'B10C'),
(2563, 7, 44, 'c', NULL, NULL, 1, 'D4:(Q1*A40)', 1553, 'H', 'B10C'),
(2564, 8, 170, NULL, 176, 'a', 1, 'D4:(Q1*A40)', 219, 'Fr & B', 'B10C'),
(2565, 8, 346, NULL, 771, 'a', 1, 'Q1:D4:A43', 424, 'L & B', 'B10C'),
(2566, 1, 254, 'b', NULL, NULL, 1, 'D4:Q1*A43', 774, 'F & B & Fr & L', 'B10C'),
(2567, 1, 254, 'b', NULL, NULL, 1, 'D4:Q1*A43', 774, 'F & B & Fr & L', 'B10C'),
(2568, 1, 254, 'f', NULL, NULL, 1, 'D4:Q1*A43', 774, 'F & B & Fr & L', 'B10C'),
(2569, 1, 256, 'e', NULL, NULL, 1, 'D4:Q1*A43', 775, 'F & B & Fr', 'B10C'),
(2570, 6, 358, 'g', NULL, NULL, 1, 'D4:Q1*A43', 1442, 'Fr', 'B10C'),
(2571, 6, 358, 'p', NULL, NULL, 1, 'D4:Q1*A43', 1442, 'Fr', 'B10C'),
(2572, 6, 360, 'g', NULL, NULL, 1, 'D4:Q1*A43', 1442, 'Fr', 'B10C'),
(2573, 6, 361, 'f', NULL, NULL, 1, 'D4:Q1*A43', 1442, 'Fr', 'B10C'),
(2574, 8, 212, NULL, 199, 'a', 1, 'D4:Q1*A43', 222, 'Fr & B', 'B10C'),
(2575, 8, 224, NULL, 202, 'a', 1, 'D4:Q1*A43', 222, 'Fr & B', 'B10C'),
(2576, 8, 417, NULL, 1975, 'a', 1, 'D4:Q1*A43', 670, 'Fr & H', 'B10C'),
(2577, 8, 424, NULL, 1986, 'b', 1, 'D4:Q1*A43', 670, 'H', 'B10C'),
(2578, 8, 155, NULL, 165, 'b', 1, 'D4:Q1', 218, 'Fr & B', 'B10C'),
(2579, 8, 164, NULL, 171, 'd', 1, 'D4:Q1', 219, 'Fr & B', 'B10C'),
(2580, 8, 165, NULL, 0, 'b', 1, 'D4:Q1', 219, 'unknown', 'B10C'),
(2581, 8, 169, NULL, 175, 'c', 1, 'D4:Q1', 219, 'Fr & B', 'B10C'),
(2582, 8, 177, NULL, 182, 'b', 1, 'D4:Q1', 219, 'Fr & B', 'B10C'),
(2583, 8, 301, NULL, 590, 'a', 1, 'D4:Q1', 357, 'L & B', 'B10C'),
(2584, 8, 323, NULL, 636, 'a', 1, 'D4:Q1', 368, 'L', 'B10C'),
(2585, 8, 342, NULL, 762, 'a', 1, 'D4:Q1', 422, 'L & B', 'B10C'),
(2586, 8, 346, NULL, 772, 'a', 1, 'D4:Q1', 424, 'L & B', 'B10C'),
(2587, 8, 434, NULL, 2095, 'a', 1, 'D4:Q1', 690, 'L', 'B10C'),
(2588, 8, 436, NULL, 2100, 'a', 1, 'D4:Q1', 690, 'L', 'B10C'),
(2589, 8, 167, NULL, 173, 'a', 1, 'D4:Q1', 219, 'Fr & B', 'B10C'),
(2590, 8, 167, NULL, 173, 'c', 1, 'D4:Q1', 219, 'Fr & B', 'B10C'),
(2591, 8, 168, NULL, 174, 'a', 1, 'D4:Q1', 219, 'Fr & B', 'B10C'),
(2592, 8, 168, NULL, 173, 'd', 1, 'D4:Q1', 219, 'Fr & B', 'B10C'),
(2593, 8, 169, NULL, 175, 'c', 1, 'D4:Q1', 219, 'Fr & B', 'B10C'),
(2594, 8, 426, NULL, 2000, 'a', 1, 'D4:Q1', 675, 'L', 'B10C'),
(2595, 8, 58, NULL, 136, 'a', 1, 'Q1:A40', 214, 'Fr & B', 'B10C'),
(2596, 1, 186, 'b', NULL, NULL, 1, 'F51:D21:A40', 758, 'H & F & B', 'B10C'),
(2597, 1, 187, 'f', NULL, NULL, 1, 'F51:D21:A40', 758, 'H & F & B', 'B10C'),
(2598, 1, 194, 'b', NULL, NULL, 1, 'F51:D21:A40', 759, 'F & B', 'B10C'),
(2599, 1, 207, 'c', NULL, NULL, 1, 'F51:D21:A40', 761, 'F & B', 'B10C'),
(2600, 1, 211, 'b', NULL, NULL, 1, 'F51:D21:A40', 762, 'F & B', 'B10C'),
(2601, 1, 211, 'd', NULL, NULL, 1, 'F51:D21:A40', 762, 'F & B', 'B10C'),
(2602, 1, 213, 'e', NULL, NULL, 1, 'F51:D21:A40', 762, 'F & B', 'B10C'),
(2603, 1, 214, 'b', NULL, NULL, 1, 'F51:D21:A40', 762, 'F & B', 'B10C'),
(2604, 1, 214, 'd', NULL, NULL, 1, 'F51:D21:A40', 762, 'F & B', 'B10C'),
(2605, 1, 230, 'e', NULL, NULL, 1, 'F51:D21:A40', 764, 'F & B', 'B10C'),
(2606, 1, 241, 'g', NULL, NULL, 1, 'F51:D21:A40', 767, 'F & B', 'B10C'),
(2607, 1, 253, 'h', NULL, NULL, 1, 'F51:D21:A40', 774, 'F & B & Fr & L', 'B10C'),
(2608, 1, 254, 'f', NULL, NULL, 1, 'F51:D21:A40', 774, 'F & B & Fr & L', 'B10C'),
(2609, 1, 264, 'f', NULL, NULL, 1, 'F51:D21:A40', 775, 'F & B & Fr', 'B10C'),
(2610, 6, 359, 'a', NULL, NULL, 1, 'F51:D21:A40', 1442, 'Fr', 'B10C'),
(2611, 8, 58, NULL, 136, 'a', 1, 'F51:D21:A40', 214, 'Fr & B', 'B10C'),
(2612, 8, 122, NULL, 152, 'a', 1, 'F51:D21:A40', 217, 'Fr & B', 'B10C'),
(2613, 8, 126, NULL, 153, 'b', 1, 'F51:D21:A40', 217, 'Fr & B', 'B10C'),
(2614, 8, 130, NULL, 154, 'a', 1, 'F51:D21:A40', 217, 'Fr & B', 'B10C'),
(2615, 8, 131, NULL, 154, 'b', 1, 'F51:D21:A40', 217, 'Fr & B', 'B10C'),
(2616, 8, 133, NULL, 155, 'b', 1, 'F51:D21:A40', 217, 'Fr & B', 'B10C'),
(2617, 8, 154, NULL, 164, 'd', 1, 'F51:D21:A40', 218, 'Fr & B', 'B10C'),
(2618, 8, 187, NULL, 190, 'c', 1, 'F51:D21:A40', 219, 'Fr & B', 'B10C'),
(2619, 8, 187, NULL, 190, 'd', 1, 'F51:D21:A40', 219, 'Fr & B', 'B10C'),
(2620, 8, 189, NULL, 191, 'e', 1, 'F51:D21:A40', 219, 'Fr & B', 'B10C'),
(2621, 8, 190, NULL, 192, 'e', 1, 'F51:D21:A40', 220, 'Fr & B', 'B10C'),
(2622, 8, 190, NULL, 193, 'a', 1, 'F51:D21:A40', 220, 'B', 'B10C'),
(2623, 8, 190, NULL, 193, 'b', 1, 'F51:D21:A40', 220, 'B', 'B10C'),
(2624, 8, 204, NULL, 197, 'c', 1, 'F51:D21:A40', 221, 'Fr & B', 'B10C'),
(2625, 8, 339, NULL, 752, 'b', 1, 'F51:D21:A40', 422, 'L', 'B10C'),
(2626, 8, 343, NULL, 763, 'a', 1, 'F51:D21:A40', 422, 'L & B', 'B10C'),
(2627, 1, 261, 'e', NULL, NULL, 1, '(F51:D21)*A40', 775, 'F & B & Fr', 'B10C'),
(2628, 8, 114, NULL, 150, 'c', 1, 'F51:D21', 216, 'Fr & B', 'B10C'),
(2629, 8, 118, NULL, 151, 'c', 1, 'F51:D21', 216, 'Fr & B', 'B10C'),
(2630, 8, 153, NULL, 164, 'c', 1, 'F51:D21', 218, 'Fr & B', 'B10C'),
(2631, 8, 154, NULL, 164, 'e', 1, 'F51:D21', 218, 'Fr & B', 'B10C'),
(2632, 8, 156, NULL, 165, 'c', 1, 'F51:D21', 218, 'Fr & B', 'B10C'),
(2633, 8, 343, NULL, 763, 'c', 1, 'F51:D21', 422, 'L & B', 'B10C'),
(2634, 6, 111, 'a', NULL, NULL, 1, 'Q1:D4:A40', 1235, 'H', 'B11C'),
(2635, 6, 116, 'i', NULL, NULL, 1, 'Q1:D4:A40', 1238, 'L', 'B11C'),
(2636, 8, 433, NULL, 2028, 'a', 1, 'Q1:D4:A40', 686, 'unknown', 'B11C'),
(2637, 8, 434, NULL, 2029, 'a', 1, 'Q1:D4:A40', 686, 'unknown', 'B11C'),
(2638, 8, 434, NULL, 2029, 'b', 1, 'Q1:D4:A40', 686, 'unknown', 'B11C'),
(2639, 8, 435, NULL, 2097, 'c', 1, 'Q1:D4:A40', 690, 'L', 'B11C'),
(2640, 8, 436, NULL, 2100, 'a', 1, 'Q1:D4:A40', 690, 'L', 'B11C'),
(2641, 8, 436, NULL, 2101, 'a', 1, 'Q1:D4:A40', 690, 'L', 'B11C'),
(2642, 8, 437, NULL, 2103, 'a', 1, 'Q1:D4:A40', 690, 'L', 'B11C'),
(2643, 8, 437, NULL, 2103, 'd', 1, 'Q1:D4:A40', 690, 'L', 'B11C'),
(2644, 8, 434, NULL, 2029, 'b', 1, 'Q1:D4:(A40*Z1)', 686, 'unknown', 'B11C'),
(2645, 8, 435, NULL, 2097, 'a', 1, 'Q1:D4:(A40*Z1)', 690, 'L', 'B11C'),
(2646, 6, 116, 'd', NULL, NULL, 1, 'Q1:D4:A43', 1238, 'L', 'B11C'),
(2647, 6, 116, 'g', NULL, NULL, 1, 'Q1:D4:A43', 1238, 'L', 'B11C'),
(2648, 6, 117, 'c', NULL, NULL, 1, 'Q1:D4:A43', 1238, 'L', 'B11C'),
(2649, 6, 112, 'a', NULL, NULL, 1, 'D4:Q1', 1235, 'H', 'B11C'),
(2650, 6, 112, 'f', NULL, NULL, 1, 'D4:Q1', 1235, 'H', 'B11C'),
(2651, 1, 186, 'd', NULL, NULL, 1, 'D4:Q1:A40', 758, 'Fr', 'B12C'),
(2652, 1, 187, 'f', NULL, NULL, 1, 'D4:Q1:A40', 758, 'Fr', 'B12C'),
(2653, 1, 191, 'g', NULL, NULL, 1, 'D4:Q1:A40', 759, 'Fr', 'B12C'),
(2654, 1, 211, 'b', NULL, NULL, 1, 'D4:Q1:A40', 762, 'Fr', 'B12C'),
(2655, 1, 211, 'd', NULL, NULL, 1, 'D4:Q1:A40', 762, 'Fr', 'B12C'),
(2656, 1, 213, 'e', NULL, NULL, 1, 'D4:Q1:A40', 762, 'Fr', 'B12C'),
(2657, 1, 221, 'b', NULL, NULL, 1, 'D4:Q1:A40', 763, 'Fr', 'B12C'),
(2658, 1, 224, 'f', NULL, NULL, 1, 'D4:Q1:A40', 764, 'Fr', 'B12C'),
(2659, 1, 230, 'e', NULL, NULL, 1, 'D4:Q1:A40', 764, 'Fr', 'B12C'),
(2660, 1, 235, 'g', NULL, NULL, 1, 'D4:Q1:A40', 765, 'B & Bo', 'B12C'),
(2661, 1, 186, 'b', NULL, NULL, 1, 'Q1:D4:A40', 758, 'Fr', 'B12C'),
(2662, 1, 207, 'c', NULL, NULL, 1, 'Q1:D4:A40', 761, 'Fr', 'B12C'),
(2663, 1, 233, 'e', NULL, NULL, 1, 'Q1:D4:A40', 765, 'B & Bo', 'B12C'),
(2664, 1, 188, 'b', NULL, NULL, 1, 'D4:(Q1*A40)', 758, 'Fr', 'B12C'),
(2665, 1, 194, 'b', NULL, NULL, 1, 'D4:(Q1*A40)', 759, 'Fr', 'B12C'),
(2666, 1, 201, 'e', NULL, NULL, 1, 'D4:(Q1*A40)', 760, 'Fr', 'B12C'),
(2667, 1, 204, 'c', NULL, NULL, 1, 'D4:(Q1*A40)', 761, 'Fr', 'B12C'),
(2668, 1, 234, 'g', NULL, NULL, 1, 'D4:(Q1*A40)', 765, 'B & Bo', 'B12C'),
(2669, 1, 235, 'g', NULL, NULL, 1, 'D4:(Q1*A40)', 765, 'B & Bo', 'B12C'),
(2670, 1, 236, 'h', NULL, NULL, 1, 'D4:(Q1*A40)', 765, 'B & Bo', 'B12C'),
(2671, 1, 242, 'f', NULL, NULL, 1, 'D4:(Q1*A40)', 767, 'Bo', 'B12C'),
(2672, 1, 192, 'e', NULL, NULL, 1, 'D4:Q1:N5:A40', 759, 'Fr', 'B12C'),
(2673, 1, 187, 'd', NULL, NULL, 1, 'D4:Q1', 758, 'Fr', 'B12C'),
(2674, 1, 214, 'b', NULL, NULL, 1, 'D4:Q1', 762, 'Fr', 'B12C'),
(2675, 1, 214, 'd', NULL, NULL, 1, 'D4:Q1', 762, 'Fr', 'B12C'),
(2676, 1, 233, 'e', NULL, NULL, 1, 'F51:D21:A40', 765, 'B & Bo', 'B12C'),
(2677, 1, 234, 'g', NULL, NULL, 1, 'F51:D21:A40', 765, 'B & Bo', 'B12C'),
(2678, 1, 235, 'g', NULL, NULL, 1, 'F51:D21:A40', 765, 'B & Bo', 'B12C'),
(2679, 1, 201, 'e', NULL, NULL, 1, 'D4:(Q1*A40)', 760, 'B', 'B13C'),
(2680, 1, 213, 'e', NULL, NULL, 1, 'D4:(Q1*A40)', 762, 'B', 'B13C'),
(2681, 1, 230, 'e', NULL, NULL, 1, 'D4:(Q1*A40)', 764, 'B', 'B13C'),
(2682, 1, 234, 'g', NULL, NULL, 1, 'D4:(Q1*A40)', 765, 'B', 'B13C'),
(2683, 1, 235, 'g', NULL, NULL, 1, 'D4:(Q1*A40)', 765, 'B', 'B13C'),
(2684, 1, 241, 'g', NULL, NULL, 1, 'D4:(Q1*A40)', 767, 'B', 'B13C'),
(2685, 1, 242, 'f', NULL, NULL, 1, 'D4:(Q1*A40)', 767, 'B', 'B13C'),
(2686, 1, 244, 'i', NULL, NULL, 1, 'D4:(Q1*A40)', 768, 'B', 'B13C'),
(2687, 1, 244, 'j', NULL, NULL, 1, 'D4:(Q1*A40)', 768, 'B', 'B13C'),
(2688, 1, 244, 'n', NULL, NULL, 1, 'D4:(Q1*A40)', 768, 'B', 'B13C'),
(2689, 1, 245, 'n', NULL, NULL, 1, 'D4:(Q1*A40)', 767, 'B', 'B13C'),
(2690, 7, 121, 'h', NULL, NULL, 1, 'D4:(Q1*A40)', 1631, 'F', 'B13C'),
(2691, 7, 121, 'j', NULL, NULL, 1, 'D4:(Q1*A40)', 1631, 'F', 'B13C'),
(2692, 7, 121, 'o', NULL, NULL, 1, 'D4:(Q1*A40)', 1631, 'F', 'B13C'),
(2693, 7, 121, 'q', NULL, NULL, 1, 'D4:(Q1*A40)', 1631, 'F', 'B13C'),
(2694, 7, 121, 'r', NULL, NULL, 1, 'D4:(Q1*A40)', 1631, 'F', 'B13C'),
(2695, 1, 241, 'g', NULL, NULL, 1, '(Q1*A40):D4', 767, 'B', 'B13C'),
(2696, 1, 151, 'b', NULL, NULL, 1, 'D4:Q1*X1:A40', 751, 'H & Fr', 'B13C'),
(2697, 7, 120, 'f', NULL, NULL, 1, 'Q1*D4', 1631, 'F', 'B13C'),
(2698, 1, 188, 'b', NULL, NULL, 1, 'F51:D21:A40', 758, 'B', 'B13C'),
(2699, 1, 192, 'd', NULL, NULL, 1, 'F51:D21:A40', 759, 'B', 'B13C'),
(2700, 1, 53, 'd', NULL, NULL, 1, 'D4:Q1:A40', 732, 'L', 'B15C'),
(2701, 1, 54, 'f', NULL, NULL, 1, 'D4:Q1:A40', 732, 'L', 'B15C'),
(2702, 1, 55, 'e', NULL, NULL, 1, 'D4:Q1:A40', 734, 'L', 'B15C'),
(2703, 1, 8, 'd', NULL, NULL, 1, 'Q1:D4:A40', 716, 'L', 'B15C'),
(2704, 1, 10, 'a', NULL, NULL, 1, 'Q1:D4:A40', 717, 'L', 'B15C'),
(2705, 1, 10, 'c', NULL, NULL, 1, 'Q1:D4:A40', 717, 'L', 'B15C'),
(2706, 1, 11, 'a', NULL, NULL, 1, 'Q1:D4:A40', 718, 'L', 'B15C'),
(2707, 1, 11, 'c', NULL, NULL, 1, 'Q1:D4:A40', 718, 'L', 'B15C'),
(2708, 1, 15, 'a', NULL, NULL, 1, 'Q1:D4:A40', 719, 'L', 'B15C'),
(2709, 1, 38, 'b', NULL, NULL, 1, 'Q1:D4:A40', 726, 'L', 'B15C'),
(2710, 1, 41, 'a', NULL, NULL, 1, 'Q1:D4:A40', 727, 'L', 'B15C'),
(2711, 1, 49, 'b', NULL, NULL, 1, 'Q1:D4:A40', 730, 'L', 'B15C'),
(2712, 1, 78, 'g', NULL, NULL, 1, 'Q1:D4:A40', 740, 'L', 'B15C'),
(2713, 6, 325, 'a', NULL, NULL, 1, 'Q1:D4:A40', 1407, 'L', 'B15C'),
(2714, 6, 325, 'c', NULL, NULL, 1, 'Q1:D4:A40', 1407, 'L', 'B15C'),
(2715, 6, 325, 'i', NULL, NULL, 1, 'Q1:D4:A40', 1407, 'L', 'B15C'),
(2716, 6, 325, 'n', NULL, NULL, 1, 'Q1:D4:A40', 1407, 'L', 'B15C'),
(2717, 6, 325, 's', NULL, NULL, 1, 'Q1:D4:A40', 1407, 'L', 'B15C'),
(2718, 6, 326, 'a', NULL, NULL, 1, 'Q1:D4:A40', 1407, 'L', 'B15C'),
(2719, 6, 326, 'g', NULL, NULL, 1, 'Q1:D4:A40', 1407, 'L', 'B15C'),
(2720, 6, 326, 'q', NULL, NULL, 1, 'Q1:D4:A40', 1407, 'L', 'B15C'),
(2721, 6, 325, 'l', NULL, NULL, 1, 'D4:Q1', 1407, 'L', 'B15C'),
(2722, 6, 326, 'e', NULL, NULL, 1, 'D4:Q1', 1407, 'L', 'B15C'),
(2723, 6, 326, 'f', NULL, NULL, 1, 'D4:Q1', 1407, 'L', 'B15C'),
(2724, 1, 55, 'a', NULL, NULL, 1, 'D4:Q1', 734, 'L', 'B15C'),
(2725, 1, 46, 'b', NULL, NULL, 1, 'F51:D21:A40', 729, 'L', 'B15C'),
(2726, 1, 49, 'c', NULL, NULL, 1, 'F51:D21:A40', 730, 'L', 'B15C'),
(2727, 1, 51, 'd', NULL, NULL, 1, 'F51:D21:A40', 731, 'L', 'B15C'),
(2728, 1, 54, 'f', NULL, NULL, 1, 'F51:D21:A40', 732, 'L', 'B15C'),
(2729, 1, 55, 'a', NULL, NULL, 1, 'F51:D21:A40', 734, 'L', 'B15C'),
(2730, 6, 325, 'f', NULL, NULL, 1, 'F51:D21:A40', 1407, 'L', 'B15C'),
(2731, 1, 44, 'e', NULL, NULL, 1, 'F51:D21', 728, 'L', 'B15C'),
(2732, 1, 44, 'e', NULL, NULL, 1, 'F51:D21', 728, 'L', 'B15C'),
(2733, 1, 47, 'b', NULL, NULL, 1, 'F51:D21', 730, 'L', 'B15C'),
(2734, 1, 204, 'c', NULL, NULL, 1, 'D4:Q1:A40', 761, 'B', 'B16C'),
(2735, 1, 207, 'c', NULL, NULL, 1, 'D4:Q1:A40', 761, 'B', 'B16C'),
(2736, 1, 221, 'b', NULL, NULL, 1, 'D4:Q1:A40', 763, 'B', 'B16C'),
(2737, 1, 233, 'e', NULL, NULL, 1, 'D4:Q1:A40', 765, 'B', 'B16C'),
(2738, 1, 234, 'g', NULL, NULL, 1, 'D4:Q1:A40', 765, 'B', 'B16C'),
(2739, 1, 235, 'g', NULL, NULL, 1, 'D4:Q1:A40', 765, 'B', 'B16C'),
(2740, 1, 201, 'e', NULL, NULL, 1, 'Q1:D4:A40', 760, 'B', 'B16C'),
(2741, 1, 211, 'd', NULL, NULL, 1, 'Q1:D4:A40', 762, 'B', 'B16C'),
(2742, 8, 447, NULL, 0, 'a', 1, 'Q1:D4:A40', 1, 'unknown', 'B16C'),
(2743, 1, 224, 'f', NULL, NULL, 1, 'D4:Q1', 764, 'B', 'B16C'),
(2744, 1, 230, 'e', NULL, NULL, 1, 'D4:Q1', 764, 'B', 'B16C'),
(2745, 8, 13, NULL, 41, 'a', 1, 'D4:Q1', 59, 'H', 'B16C'),
(2746, 8, 13, NULL, 41, 'b', 1, 'D4:Q1', 59, 'H', 'B16C'),
(2747, 8, 13, NULL, 42, 'a', 1, 'D4:Q1', 61, 'H', 'B16C'),
(2748, 8, 13, NULL, 42, 'c', 1, 'D4:Q1', 61, 'H', 'B16C'),
(2749, 8, 13, NULL, 43, 'a', 1, 'D4:Q1', 62, 'H', 'B16C'),
(2750, 8, 14, NULL, 48, 'b', 1, 'D4:Q1', 70, 'H', 'B16C'),
(2751, 8, 17, NULL, 49, 'v', 1, 'D4:Q1', 71, 'H', 'B16C'),
(2752, 8, 304, NULL, 609, 'a', 1, 'D4:Q1', 364, 'F', 'B16C'),
(2753, 8, 311, NULL, 618, 'a', 1, 'D4:Q1', 364, 'F', 'B16C'),
(2754, 8, 311, NULL, 619, 'a', 1, 'D4:Q1', 364, 'F', 'B16C'),
(2755, 8, 329, NULL, 645, 'a', 1, 'D4:Q1', 370, 'F', 'B16C'),
(2756, 8, 408, NULL, 1822, 'c', 1, 'D4:Q1', 643, 'H', 'B16C'),
(2757, 8, 408, NULL, 1822, 'c', 1, 'D4:Q1', 643, 'H', 'B16C'),
(2758, 8, 408, NULL, 1823, 'a', 1, 'D4:Q1', 644, 'H', 'B16C'),
(2759, 8, 408, NULL, 1823, 'b', 1, 'D4:Q1', 644, 'H', 'B16C'),
(2760, 8, 409, NULL, 1824, 'a', 1, 'D4:Q1', 645, 'H', 'B16C'),
(2761, 8, 409, NULL, 1824, 'c', 1, 'D4:Q1', 645, 'H', 'B16C'),
(2762, 8, 409, NULL, 1824, 'a', 1, 'D4:Q1', 645, 'H', 'B16C'),
(2763, 8, 411, NULL, 1828, 'a', 1, 'D4:Q1', 648, 'unknown', 'B16C'),
(2764, 8, 411, NULL, 1829, 'a', 1, 'D4:Q1', 648, 'unknown', 'B16C'),
(2765, 8, 412, NULL, 1830, 'a', 1, 'D4:Q1', 649, 'unknown', 'B16C'),
(2766, 8, 412, NULL, 1830, 'e', 1, 'D4:Q1', 649, 'unknown', 'B16C'),
(2767, 8, 413, NULL, 1840, 'c', 1, 'D4:Q1', 653, 'unknown', 'B16C'),
(2768, 8, 447, NULL, 0, 'k', 1, 'D4:Q1', 1, 'unknown', 'B16C'),
(2769, 8, 33, NULL, 71, 'a', 1, 'D4:Q1', 107, 'H', 'B16C'),
(2770, 8, 33, NULL, 71, 'c', 1, 'D4:Q1', 107, 'H', 'B16C'),
(2771, 8, 305, NULL, 612, 'a', 1, 'D4:Q1', 364, 'F', 'B16C'),
(2772, 1, 211, 'b', NULL, NULL, 1, 'D4:A40', 762, 'B', 'B16C'),
(2773, 1, 236, 'h', NULL, NULL, 1, 'D4:A40', 765, 'B', 'B16C'),
(2774, 1, 241, 'g', NULL, NULL, 1, 'D4:A40', 767, 'B', 'B16C'),
(2775, 1, 201, 'e', NULL, NULL, 1, 'D4:Q1:A40', 760, 'B', 'B17C'),
(2776, 1, 204, 'c', NULL, NULL, 1, 'D4:Q1:A40', 761, 'B', 'B17C'),
(2777, 1, 207, 'c', NULL, NULL, 1, 'D4:Q1:A40', 761, 'B', 'B17C'),
(2778, 1, 211, 'b', NULL, NULL, 1, 'D4:Q1:A40', 762, 'B', 'B17C'),
(2779, 1, 211, 'd', NULL, NULL, 1, 'D4:Q1:A40', 762, 'B', 'B17C'),
(2780, 1, 214, 'b', NULL, NULL, 1, 'D4:Q1:A40', 762, 'B', 'B17C'),
(2781, 1, 214, 'd', NULL, NULL, 1, 'D4:Q1:A40', 762, 'B', 'B17C'),
(2782, 1, 221, 'b', NULL, NULL, 1, 'D4:Q1:A40', 763, 'B & Fr', 'B17C'),
(2783, 1, 224, 'f', NULL, NULL, 1, 'D4:Q1:A40', 764, 'Fr', 'B17C'),
(2784, 1, 230, 'e', NULL, NULL, 1, 'D4:Q1:A40', 764, 'Fr', 'B17C'),
(2785, 1, 233, 'e', NULL, NULL, 1, 'D4:Q1:A40', 765, 'Fr', 'B17C'),
(2786, 1, 234, 'g', NULL, NULL, 1, 'D4:Q1:A40', 765, 'Fr', 'B17C'),
(2787, 8, 450, NULL, 0, 'b', 1, 'D4:Q1:A40', 1, 'unknown', 'B17C'),
(2788, 1, 213, 'e', NULL, NULL, 1, 'Q1:A40', 762, 'B', 'B17C'),
(2789, 8, 448, NULL, 0, 'k', 1, 'F51:D21:A40', 1, 'unknown', 'B17C'),
(2790, 8, 450, NULL, 0, 'm', 1, 'F51:D21:A40', 1, 'unknown', 'B17C'),
(2791, 8, 450, NULL, 0, 'q', 1, 'F51:D21:A40', 1, 'unknown', 'B17C'),
(2792, 8, 451, NULL, 0, 'l', 1, 'F51:D21:A40', 1, 'unknown', 'B17C'),
(2793, 8, 449, 'b', NULL, NULL, 1, 'F51:A40:X1', 1, 'unknown', 'B17C'),
(2794, 8, 452, 'b', NULL, NULL, 1, 'F51:X1:A40', 1, 'unknown', 'B17C'),
(2795, 6, 111, 'e', NULL, NULL, 1, 'Q1:D4:A40', 1235, 'X', 'B18C'),
(2796, 6, 112, 'a', NULL, NULL, 1, 'Q1:D4:A40', 1235, 'X', 'B18C'),
(2797, 6, 112, 'd', NULL, NULL, 1, 'Q1:D4:A40', 1235, 'X', 'B18C'),
(2798, 6, 112, 'f', NULL, NULL, 1, 'Q1:D4:A40', 1235, 'X', 'B18C'),
(2799, 6, 109, 'g', NULL, NULL, 1, 'D4:Q1', 1234, 'X', 'B18C'),
(2800, 6, 109, 'j', NULL, NULL, 1, 'D4:Q1', 1234, 'X', 'B18C'),
(2801, 6, 110, 'a', NULL, NULL, 1, 'D4:Q1', 1234, 'X', 'B18C'),
(2802, 6, 110, 'f', NULL, NULL, 1, 'D4:Q1', 1234, 'X', 'B18C'),
(2803, 6, 110, 'h', NULL, NULL, 1, 'D4:Q1', 1234, 'X', 'B18C'),
(2804, 6, 111, 'a', NULL, NULL, 1, 'D4:Q1', 1235, 'X', 'B18C'),
(2805, 6, 113, 'a', NULL, NULL, 1, 'D4:Q1', 1236, 'X', 'B18C'),
(2806, 6, 113, 'd', NULL, NULL, 1, 'D4:Q1', 1236, 'X', 'B18C'),
(2807, 6, 113, 'f', NULL, NULL, 1, 'D4:Q1', 1236, 'X', 'B18C'),
(2808, 6, 113, 'i', NULL, NULL, 1, 'D4:Q1', 1236, 'X', 'B18C'),
(2809, 6, 114, 'c', NULL, NULL, 1, 'D4:Q1', 1237, 'X', 'B18C'),
(2810, 6, 114, 'e', NULL, NULL, 1, 'D4:Q1', 1237, 'X', 'B18C'),
(2811, 6, 115, 'f', NULL, NULL, 1, 'D4:Q1', 1237, 'X', 'B18C'),
(2812, 6, 115, 'g', NULL, NULL, 1, 'D4:Q1', 1237, 'X', 'B18C'),
(2813, 6, 116, 'a', NULL, NULL, 1, 'D4:Q1', 1238, 'unknown', 'B18C'),
(2814, 6, 110, 'a', NULL, NULL, 1, 'D4:Q1:A40', 1234, 'X', 'B19C'),
(2815, 6, 110, 'f', NULL, NULL, 1, 'D4:Q1:A40', 1234, 'X', 'B19C'),
(2816, 6, 111, 'a', NULL, NULL, 1, 'D4:Q1:A40', 1235, 'X', 'B19C'),
(2817, 6, 112, 'f', NULL, NULL, 1, 'D4:Q1:A40', 1235, 'X', 'B19C'),
(2818, 6, 113, 'f', NULL, NULL, 1, 'D4:Q1:A40', 1236, 'X', 'B19C'),
(2819, 6, 113, 'i', NULL, NULL, 1, 'D4:Q1:A40', 1236, 'X', 'B19C'),
(2820, 6, 114, 'c', NULL, NULL, 1, 'D4:Q1:A40', 1237, 'X', 'B19C'),
(2821, 6, 114, 'd', NULL, NULL, 1, 'D4:Q1:A40', 1237, 'X', 'B19C'),
(2822, 6, 114, 'g', NULL, NULL, 1, 'D4:Q1:A40', 1237, 'X', 'B19C'),
(2823, 6, 115, 'f', NULL, NULL, 1, 'D4:Q1:A40', 1237, 'X', 'B19C'),
(2824, 8, 110, NULL, 149, 'b', 1, 'D4:Q1:A40', 215, 'Bo', 'B19C'),
(2825, 8, 134, NULL, 155, 'c', 1, 'D4:Q1:A40', 217, 'Bo', 'B19C'),
(2826, 6, 109, 'g', NULL, NULL, 1, 'D4:(Q1*A40)', 1234, 'X', 'B19C'),
(2827, 6, 109, 'j', NULL, NULL, 1, 'D4:(Q1*A40)', 1234, 'X', 'B19C'),
(2828, 6, 111, 'c', NULL, NULL, 1, 'D4:(Q1*A40)', 1235, 'X', 'B19C'),
(2829, 6, 111, 'e', NULL, NULL, 1, 'D4:(Q1*A40)', 1235, 'X', 'B19C'),
(2830, 6, 113, 'a', NULL, NULL, 1, 'D4:(Q1*A40)', 1236, 'X', 'B19C'),
(2831, 6, 113, 'd', NULL, NULL, 1, 'D4:(Q1*A40)', 1236, 'X', 'B19C'),
(2832, 8, 46, NULL, 134, 'a', 1, 'D4:Q1', 213, 'Bo', 'B19C'),
(2833, 6, 110, 'f', NULL, NULL, 1, 'Q1:A40', 1234, 'X', 'B19C'),
(2834, 6, 112, 'a', NULL, NULL, 1, 'D4:A40', 1235, 'X', 'B19C'),
(2835, 6, 112, 'a', NULL, NULL, 1, 'D4:A40', 1235, 'X', 'B19C'),
(2836, 4, 331, 'a', NULL, NULL, 1, 'D4:Q1', 1051, 'B', 'B1L'),
(2837, 1, 102, 'a', NULL, NULL, 1, 'F51:D21', 746, 'B', 'B1L'),
(2838, 7, 361, 'd', NULL, NULL, 1, 'D4:(Q1*A40)', 1799, 'Bo', 'B2L'),
(2839, 5, 34, 'g', NULL, NULL, 1, 'D4:Q1', 1086, 'H', 'B2L'),
(2840, 7, 361, 'd', NULL, NULL, 1, 'F51:D21:A40', 1799, 'Bo', 'B2L'),
(2841, 5, 331, 'j', NULL, NULL, 1, '(D4:Q1)*A40-retro', 1172, 'B', 'B3L'),
(2842, 1, 102, 'a', NULL, NULL, 1, 'D4:Q1', 746, 'B', 'B3L'),
(2843, 1, 157, 'd', NULL, NULL, 1, 'Q1:D21:A40', 752, 'B', 'B4L'),
(2844, 7, 500, 'e', NULL, NULL, 1, 'D4:Q1:A40', 1864, 'Bo', 'B1P'),
(2845, 7, 361, 'd', NULL, NULL, 1, 'D4:(Q1*A40)', 1799, 'Bo', 'B1P'),
(2846, 1, 25, 'b', NULL, NULL, 1, 'Q1:D21:A40', 722, 'H', 'B1P'),
(2847, 1, 6, 'b', NULL, NULL, 1, 'F51:D21:A40', 715, 'H', 'B1P'),
(2848, 1, 8, 'd', NULL, NULL, 1, 'F51:D21:A40', 716, 'H', 'B1P'),
(2849, 1, 10, 'a', NULL, NULL, 1, 'F51:D21:A40', 717, 'H', 'B1P'),
(2851, 1, 22, 'b', NULL, NULL, 1, 'F51:D21:A40', 721, 'H', 'B1P'),
(2852, 1, 24, 'a', NULL, NULL, 1, 'F51:D21:A40', 722, 'H', 'B1P'),
(2853, 1, 28, 'b', NULL, NULL, 1, 'F51:D21:A40', 723, 'H', 'B1P'),
(2854, 1, 32, 'b', NULL, NULL, 1, 'F51:D21:A40', 723, 'H', 'B1P'),
(2855, 1, 33, 'd', NULL, NULL, 1, 'F51:D21:A40', 724, 'H', 'B1P'),
(2856, 1, 34, 'd', NULL, NULL, 1, 'F51:D21:A40', 724, 'H', 'B1P'),
(2857, 1, 36, 'b', NULL, NULL, 1, 'F51:D21:A40', 725, 'H & B', 'B1P'),
(2858, 1, 38, 'b', NULL, NULL, 1, 'F51:D21:A40', 726, 'B', 'B1P'),
(2859, 1, 41, 'a', NULL, NULL, 1, 'F51:D21:A40', 727, 'B', 'B1P'),
(2860, 1, 44, 'e', NULL, NULL, 1, 'F51:D21:A40', 728, 'B', 'B1P'),
(2861, 1, 46, 'bc', NULL, NULL, 1, 'F51:D21:A40', 729, 'B', 'B1P'),
(2862, 1, 47, 'b', NULL, NULL, 1, 'F51:D21:A40', 730, 'B', 'B1P'),
(2863, 1, 49, 'bc', NULL, NULL, 1, 'F51:D21:A40', 730, 'B', 'B1P'),
(2864, 1, 51, 'd', NULL, NULL, 1, 'F51:D21:A40', 731, 'B', 'B1P'),
(2865, 1, 53, 'a', NULL, NULL, 1, 'F51:D21:A40', 732, 'B', 'B1P'),
(2866, 1, 53, 'b', NULL, NULL, 1, 'F51:D21:A40', 732, 'B', 'B1P'),
(2867, 1, 53, 'd', NULL, NULL, 1, 'F51:D21:A40', 732, 'B', 'B1P'),
(2868, 1, 54, 'f', NULL, NULL, 1, 'F51:D21:A40', 732, 'B', 'B1P'),
(2869, 1, 54, 'i', NULL, NULL, 1, 'F51:D21:A40', 732, 'B', 'B1P'),
(2870, 1, 55, 'a', NULL, NULL, 1, 'F51:D21:A40', 734, 'B', 'B1P'),
(2871, 1, 55, 'e', NULL, NULL, 1, 'F51:D21:A40', 734, 'B', 'B1P'),
(2872, 1, 55, 'f', NULL, NULL, 1, 'F51:D21:A40', 734, 'B', 'B1P'),
(2873, 1, 57, 'a', NULL, NULL, 1, 'F51:D21:A40', 734, 'B', 'B1P'),
(2874, 1, 58, 'b', NULL, NULL, 1, 'F51:D21:A40', 735, 'B', 'B1P'),
(2875, 1, 58, 'b', NULL, NULL, 1, 'F51:D21:A40', 735, 'B', 'B1P'),
(2876, 1, 59, 'c', NULL, NULL, 1, 'F51:D21:A40', 735, 'B', 'B1P'),
(2877, 1, 59, 'e', NULL, NULL, 1, 'F51:D21:A40', 735, 'B', 'B1P'),
(2878, 1, 66, 'c', NULL, NULL, 1, 'F51:D21:A40', 736, 'B', 'B1P'),
(2879, 1, 67, 'b', NULL, NULL, 1, 'F51:D21:A40', 736, 'B', 'B1P'),
(2880, 1, 67, 'e', NULL, NULL, 1, 'F51:D21:A40', 736, 'B', 'B1P'),
(2881, 1, 68, 'b', NULL, NULL, 1, 'F51:D21:A40', 736, 'B', 'B1P'),
(2882, 1, 69, 'b', NULL, NULL, 1, 'F51:D21:A40', 736, 'B', 'B1P'),
(2883, 1, 70, 'a', NULL, NULL, 1, 'F51:D21:A40', 737, 'B', 'B1P'),
(2884, 1, 73, 'c', NULL, NULL, 1, 'F51:D21:A40', 738, 'B', 'B1P'),
(2885, 1, 75, 'a', NULL, NULL, 1, 'F51:D21:A40', 738, 'B', 'B1P'),
(2886, 1, 76, 'a', NULL, NULL, 1, 'F51:D21:A40', 739, 'B', 'B1P'),
(2887, 1, 77, 'c', NULL, NULL, 1, 'F51:D21:A40', 740, 'B', 'B1P'),
(2888, 1, 78, 'b', NULL, NULL, 1, 'F51:D21:A40', 740, 'B', 'B1P'),
(2889, 1, 78, 'e', NULL, NULL, 1, 'F51:D21:A40', 740, 'B', 'B1P'),
(2890, 1, 78, 'g', NULL, NULL, 1, 'F51:D21:A40', 740, 'B', 'B1P'),
(2891, 1, 86, 'a', NULL, NULL, 1, 'F51:D21:A40', 744, 'B', 'B1P'),
(2892, 1, 93, 'b', NULL, NULL, 1, 'F51:D21:A40', 744, 'B', 'B1P'),
(2893, 1, 94, 'c', NULL, NULL, 1, 'F51:D21:A40', 744, 'B', 'B1P'),
(2894, 1, 102, 'a', NULL, NULL, 1, 'F51:D21:A40', 746, 'B', 'B1P'),
(2895, 1, 108, 'a', NULL, NULL, 1, 'F51:D21:A40', 746, 'B', 'B1P'),
(2896, 1, 114, 'a', NULL, NULL, 1, 'F51:D21:A40', 747, 'B', 'B1P'),
(2897, 1, 116, 'b', NULL, NULL, 1, 'F51:D21:A40', 747, 'B', 'B1P'),
(2898, 1, 120, 'c', NULL, NULL, 1, 'F51:D21:A40', 747, 'B', 'B1P'),
(2899, 1, 121, 'b', NULL, NULL, 1, 'F51:D21:A40', 747, 'B', 'B1P'),
(2900, 1, 120, 'h', NULL, NULL, 1, 'F51:D21:A40', 747, 'B', 'B1P'),
(2901, 1, 121, 'a', NULL, NULL, 1, 'F51:D21:A40', 747, 'B', 'B1P'),
(2902, 1, 123, 'a', NULL, NULL, 1, 'F51:D21:A40', 748, 'B', 'B1P'),
(2903, 1, 124, 'a', NULL, NULL, 1, 'F51:D21:A40', 748, 'B', 'B1P'),
(2904, 1, 125, 'a', NULL, NULL, 1, 'F51:D21:A40', 748, 'B', 'B1P'),
(2905, 1, 126, 'a', NULL, NULL, 1, 'F51:D21:A40', 748, 'B', 'B1P'),
(2906, 1, 127, 'b', NULL, NULL, 1, 'F51:D21:A40', 748, 'B', 'B1P'),
(2907, 1, 129, 'e', NULL, NULL, 1, 'F51:D21:A40', 749, 'B', 'B1P'),
(2908, 1, 129, 'f', NULL, NULL, 1, 'F51:D21:A40', 749, 'B', 'B1P'),
(2909, 1, 130, 'e', NULL, NULL, 1, 'F51:D21:A40', 749, 'B', 'B1P'),
(2910, 1, 130, 'f', NULL, NULL, 1, 'F51:D21:A40', 749, 'B', 'B1P'),
(2911, 1, 131, 'e', NULL, NULL, 1, 'F51:D21:A40', 749, 'B', 'B1P'),
(2912, 1, 130, 'f', NULL, NULL, 1, 'F51:D21:A40', 749, 'B', 'B1P'),
(2913, 1, 132, 'd', NULL, NULL, 1, 'F51:D21:A40', 749, 'B', 'B1P'),
(2914, 1, 132, 'f', NULL, NULL, 1, 'F51:D21:A40', 749, 'B', 'B1P'),
(2915, 1, 133, 'f', NULL, NULL, 1, 'F51:D21:A40', 749, 'B', 'B1P'),
(2916, 1, 133, 'g', NULL, NULL, 1, 'F51:D21:A40', 749, 'B', 'B1P'),
(2917, 1, 134, 'f', NULL, NULL, 1, 'F51:D21:A40', 749, 'B', 'B1P'),
(2918, 1, 134, 'g', NULL, NULL, 1, 'F51:D21:A40', 749, 'B', 'B1P'),
(2919, 3, 274, 'b', NULL, NULL, 1, 'F51:D21:A40', 942, 'B', 'B1P'),
(2920, 3, 291, 'b', NULL, NULL, 1, 'F51:D21:A40', 942, 'B', 'B1P'),
(2921, 3, 292, 'a', NULL, NULL, 1, 'F51:D21:A40', 942, 'B', 'B1P'),
(2922, 4, 97, 'c', NULL, NULL, 1, 'F51:D21:A40', 1029, 'B', 'B1P'),
(2923, 4, 97, 'd', NULL, NULL, 1, 'F51:D21:A40', 1029, 'B', 'B1P'),
(2924, 4, 97, 'f', NULL, NULL, 1, 'F51:D21:A40', 1029, 'B', 'B1P'),
(2925, 4, 370, 'a', NULL, NULL, 1, 'F51:D21:A40', 1059, 'B', 'B1P'),
(2926, 4, 370, 'b', NULL, NULL, 1, 'F51:D21:A40', 1059, 'B', 'B1P'),
(2927, 4, 371, 'c', NULL, NULL, 1, 'F51:D21:A40', 1059, 'B', 'B1P'),
(2928, 4, 372, 'c', NULL, NULL, 1, 'F51:D21:A40', 1059, 'B', 'B1P'),
(2929, 4, 374, 'a', NULL, NULL, 1, 'F51:D21:A40', 1059, 'B', 'B1P'),
(2930, 4, 374, 'c', NULL, NULL, 1, 'F51:D21:A40', 1059, 'B', 'B1P'),
(2931, 6, 327, 'c', NULL, NULL, 1, 'F51:D21:A40', 1408, 'B', 'B1P'),
(2932, 6, 327, 'f', NULL, NULL, 1, 'F51:D21:A40', 1408, 'B', 'B1P'),
(2933, 6, 327, 'h', NULL, NULL, 1, 'F51:D21:A40', 1408, 'B', 'B1P'),
(2934, 8, 46, NULL, 134, 'a', 1, 'F51:D21:A40', 213, 'B', 'B1P'),
(2935, 8, 76, NULL, 140, 'a', 1, 'F51:D21:A40', 215, 'B', 'B1P'),
(2936, 7, 361, 'd', NULL, NULL, 1, 'D4:Q1:A40', 1799, 'Bo', 'B2P'),
(2937, 1, 253, 'e', NULL, NULL, 1, 'D4:Q1', 774, 'Fr', 'B1Y'),
(2938, 1, 187, 'd', NULL, NULL, 1, 'F51:D21:A40', 758, 'Fr', 'B1Y'),
(2939, 1, 188, 'b', NULL, NULL, 1, 'F51:D21:A40', 758, 'Fr', 'B1Y'),
(2940, 1, 192, 'd', NULL, NULL, 1, 'F51:D21:A40', 759, 'Fr', 'B1Y'),
(2941, 1, 201, 'e', NULL, NULL, 1, 'F51:D21:A40', 760, 'Fr', 'B1Y'),
(2942, 1, 204, 'c', NULL, NULL, 1, 'F51:D21:A40', 761, 'Fr', 'B1Y'),
(2943, 1, 211, 'b', NULL, NULL, 1, 'F51:D21:A40', 762, 'Fr', 'B1Y'),
(2944, 1, 254, 'b', NULL, NULL, 1, 'F51:D21', 774, 'Fr', 'B1Y'),
(2945, 1, 256, 'e', NULL, NULL, 1, 'F51:D21', 775, 'Fr', 'B1Y'),
(2946, 3, 181, 'a', NULL, NULL, 1, 'F51:D21', 929, 'B', 'B1Y'),
(2947, 4, 331, 'a', NULL, NULL, 1, 'F51:D21', 1051, 'H', 'B1Y'),
(2948, 4, 393, 'c', NULL, NULL, 1, 'F51:D21', 1067, 'B', 'B1Y'),
(2949, 4, 397, 'b', NULL, NULL, 1, 'F51:D21', 1067, 'B', 'B1Y'),
(2950, 6, 67, 'd', NULL, NULL, 1, 'F51:D21', 1202, 'B', 'B1Y'),
(2951, 6, 72, 'h', NULL, NULL, 1, 'F51:D21', 1206, 'B', 'B1Y'),
(2952, 6, 92, 'b', NULL, NULL, 1, 'F51:D21', 1221, 'B', 'B1Y'),
(2953, 6, 94, 'b', NULL, NULL, 1, 'F51:D21', 1222, 'B', 'B1Y'),
(2954, 6, 94, 'h', NULL, NULL, 1, 'F51:D21', 1222, 'B', 'B1Y'),
(2955, 4, 255, 'a', NULL, NULL, 1, 'D4:Q1:R8', 1049, 'L & Bo', 'BH1Br'),
(2956, 8, 394, NULL, 1615, 'a', 1, 'D4:Q1', 592, 'Fr', 'BH1Br'),
(2957, 8, 4, NULL, 16, 'a', 1, 'D4:Q1:A40', 23, 'Fr', 'BH1C'),
(2958, 1, 351, 'b', NULL, NULL, 1, 'D4:Q1:A40', 789, 'Fr', 'BH2C'),
(2959, 8, 11, NULL, 29, 'b', 1, 'D4:Q1:A40', 36, 'Fr', 'BH3C'),
(2960, 8, 12, NULL, 30, 'b', 1, 'D4:Q1', 38, 'Fr', 'BH3C'),
(2961, 2, 116, 'b', NULL, NULL, 1, '(F51:D21)*A40', 820, 'L', 'BH3C'),
(2962, 2, 117, 'a', NULL, NULL, 1, '(F51:D21)*A40', 820, 'L', 'BH3C'),
(2963, 8, 28, NULL, 57, 'a', 1, 'D4:Q1', 81, 'B', 'BH4C'),
(2964, 8, 29, NULL, 57, 'b', 1, 'D4:Q1', 81, 'B', 'BH4C'),
(2965, 8, 29, NULL, 57, 'c', 1, 'D4:Q1', 81, 'B', 'BH4C'),
(2966, 1, 7, 'b', NULL, NULL, 1, 'D4:Q1:A40', 715, 'B', 'BH5C'),
(2967, 1, 47, 'ab', NULL, NULL, 1, 'D4:Q1:A40', 730, 'B', 'BH5C'),
(2968, 8, 192, NULL, 194, 'a', 1, 'D4:Q1:A40', 220, 'Fr', 'BH5C'),
(2969, 8, 204, NULL, 197, 'a', 1, 'D4:Q1:A40', 221, 'Fr', 'BH5C'),
(2970, 8, 204, NULL, 197, 'b', 1, 'D4:Q1:A40', 221, 'Fr', 'BH5C'),
(2971, 8, 206, NULL, 197, 'd', 1, 'D4:Q1:A40', 221, 'Fr', 'BH5C'),
(2972, 8, 212, NULL, 199, 'a', 1, 'D4:Q1:A40', 222, 'Fr', 'BH5C'),
(2973, 8, 224, NULL, 202, 'a', 1, 'D4:Q1:A40', 222, 'Fr', 'BH5C'),
(2974, 8, 226, NULL, 202, 'c', 1, 'D4:Q1:A40', 222, 'Fr', 'BH5C'),
(2975, 3, 292, 'b', NULL, NULL, 1, 'D4:Q1:A40', 942, 'B', 'BH3Ox'),
(2976, 3, 300, 'f', NULL, NULL, 1, 'D4:(Q1*A40)', 947, 'F', 'G1T'),
(2977, 5, 166, 'f', NULL, NULL, 1, 'D4:(Q1*A40)', 1113, 'B', 'G1T'),
(2978, 7, 138, 'a', NULL, NULL, 1, 'D4:(Q1*A40)', 1650, 'Fr', 'G1T'),
(2979, 7, 138, 'b', NULL, NULL, 1, 'D4:(Q1*A40)', 1650, 'Fr', 'G1T'),
(2980, 7, 138, 'c', NULL, NULL, 1, 'D4:(Q1*A40)', 1650, 'Fr', 'G1T'),
(2981, 7, 138, 'd', NULL, NULL, 1, 'D4:(Q1*A40)', 1650, 'Fr', 'G1T'),
(2982, 7, 138, 'e', NULL, NULL, 1, 'D4:(Q1*A40)', 1650, 'Fr', 'G1T'),
(2983, 7, 138, 'f', NULL, NULL, 1, 'D4:(Q1*A40)', 1650, 'Fr', 'G1T'),
(2984, 7, 138, 'j', NULL, NULL, 1, 'D4:(Q1*A40)', 1650, 'Fr', 'G1T'),
(2985, 7, 138, 'k', NULL, NULL, 1, 'D4:(Q1*A40)', 1650, 'Fr', 'G1T'),
(2986, 7, 138, 'l', NULL, NULL, 1, 'D4:(Q1*A40)', 1650, 'Fr', 'G1T'),
(2987, 7, 139, 'a', NULL, NULL, 1, 'D4:(Q1*A40)', 1650, 'Fr', 'G1T'),
(2988, 7, 139, 'b', NULL, NULL, 1, 'D4:(Q1*A40)', 1650, 'Fr', 'G1T'),
(2989, 7, 139, 'c', NULL, NULL, 1, 'D4:(Q1*A40)', 1650, 'Fr', 'G1T'),
(2990, 7, 139, 'd', NULL, NULL, 1, 'D4:(Q1*A40)', 1650, 'Fr', 'G1T'),
(2991, 7, 139, 'e', NULL, NULL, 1, 'D4:(Q1*A40)', 1650, 'Fr', 'G1T'),
(2992, 7, 139, 'f', NULL, NULL, 1, 'D4:(Q1*A40)', 1650, 'Fr', 'G1T'),
(2993, 7, 139, 'g', NULL, NULL, 1, 'D4:(Q1*A40)', 1650, 'Fr', 'G1T'),
(2994, 7, 139, 'h', NULL, NULL, 1, 'D4:(Q1*A40)', 1650, 'Fr', 'G1T'),
(2995, 7, 139, 'k', NULL, NULL, 1, 'D4:(Q1*A40)', 1650, 'Fr', 'G1T'),
(2996, 7, 139, 'm', NULL, NULL, 1, 'D4:(Q1*A40)', 1650, 'Fr', 'G1T'),
(2997, 7, 139, 'n', NULL, NULL, 1, 'D4:(Q1*A40)', 1650, 'Fr', 'G1T'),
(2998, 7, 139, 'o', NULL, NULL, 1, 'D4:(Q1*A40)', 1650, 'Fr', 'G1T'),
(2999, 7, 139, 'p', NULL, NULL, 1, 'D4:(Q1*A40)', 1650, 'Fr', 'G1T'),
(3000, 7, 139, 'q', NULL, NULL, 1, 'D4:(Q1*A40)', 1650, 'Fr', 'G1T'),
(3001, 7, 140, 'a', NULL, NULL, 1, 'D4:(Q1*A40)', 1650, 'Fr', 'G1T'),
(3002, 7, 140, 'b', NULL, NULL, 1, 'D4:(Q1*A40)', 1650, 'Fr', 'G1T'),
(3003, 7, 140, 'c', NULL, NULL, 1, 'D4:(Q1*A40)', 1650, 'Fr', 'G1T'),
(3004, 7, 140, 'd', NULL, NULL, 1, 'D4:(Q1*A40)', 1650, 'Fr', 'G1T'),
(3005, 7, 140, 'e', NULL, NULL, 1, 'D4:(Q1*A40)', 1650, 'Fr', 'G1T'),
(3006, 7, 140, 'f', NULL, NULL, 1, 'D4:(Q1*A40)', 1650, 'Fr', 'G1T'),
(3007, 7, 140, 'g', NULL, NULL, 1, 'D4:(Q1*A40)', 1650, 'Fr', 'G1T');
INSERT INTO `spelling` (`id`, `vol`, `page`, `section`, `pyr_page`, `pyr_sect`, `is_locution`, `type`, `spell`, `position`, `document`) VALUES
(3008, 7, 140, 'h', NULL, NULL, 1, 'D4:(Q1*A40)', 1650, 'Fr', 'G1T'),
(3009, 7, 140, 'i', NULL, NULL, 1, 'D4:(Q1*A40)', 1650, 'Fr', 'G1T'),
(3010, 7, 140, 'j', NULL, NULL, 1, 'D4:(Q1*A40)', 1650, 'Fr', 'G1T'),
(3011, 7, 140, 'k', NULL, NULL, 1, 'D4:(Q1*A40)', 1650, 'Fr', 'G1T'),
(3012, 7, 140, 'l', NULL, NULL, 1, 'D4:(Q1*A40)', 1650, 'Fr', 'G1T'),
(3013, 7, 140, 'm', NULL, NULL, 1, 'D4:(Q1*A40)', 1650, 'Fr', 'G1T'),
(3014, 7, 140, 'n', NULL, NULL, 1, 'D4:(Q1*A40)', 1650, 'Fr', 'G1T'),
(3015, 7, 140, 'o', NULL, NULL, 1, 'D4:(Q1*A40)', 1650, 'Fr', 'G1T'),
(3016, 7, 140, 'p', NULL, NULL, 1, 'D4:(Q1*A40)', 1650, 'Fr', 'G1T'),
(3017, 7, 140, 'q', NULL, NULL, 1, 'D4:(Q1*A40)', 1650, 'Fr', 'G1T'),
(3018, 7, 140, 'r', NULL, NULL, 1, 'D4:(Q1*A40)', 1650, 'Fr', 'G1T'),
(3019, 7, 141, 'a', NULL, NULL, 1, 'D4:(Q1*A40)', 1650, 'Fr', 'G1T'),
(3020, 7, 141, 'b', NULL, NULL, 1, 'D4:(Q1*A40)', 1650, 'Fr', 'G1T'),
(3021, 7, 141, 'c', NULL, NULL, 1, 'D4:(Q1*A40)', 1650, 'Fr', 'G1T'),
(3022, 7, 141, 'd', NULL, NULL, 1, 'D4:(Q1*A40)', 1650, 'Fr', 'G1T'),
(3023, 7, 141, 'e', NULL, NULL, 1, 'D4:(Q1*A40)', 1650, 'Fr', 'G1T'),
(3024, 7, 141, 'f', NULL, NULL, 1, 'D4:(Q1*A40)', 1650, 'Fr', 'G1T'),
(3025, 7, 141, 'g', NULL, NULL, 1, 'D4:(Q1*A40)', 1650, 'Fr', 'G1T'),
(3026, 7, 141, 'h', NULL, NULL, 1, 'D4:(Q1*A40)', 1650, 'Fr', 'G1T'),
(3027, 7, 141, 'i', NULL, NULL, 1, 'D4:(Q1*A40)', 1650, 'Fr', 'G1T'),
(3028, 7, 141, 'j', NULL, NULL, 1, 'D4:(Q1*A40)', 1650, 'Fr', 'G1T'),
(3029, 7, 141, 'm', NULL, NULL, 1, 'D4:(Q1*A40)', 1650, 'Fr', 'G1T'),
(3030, 7, 141, 'n', NULL, NULL, 1, 'D4:(Q1*A40)', 1650, 'Fr', 'G1T'),
(3031, 7, 141, 'o', NULL, NULL, 1, 'D4:(Q1*A40)', 1650, 'Fr', 'G1T'),
(3032, 7, 141, 'p', NULL, NULL, 1, 'D4:(Q1*A40)', 1650, 'Fr', 'G1T'),
(3033, 7, 142, 'a', NULL, NULL, 1, 'D4:(Q1*A40)', 1650, 'Fr', 'G1T'),
(3034, 7, 142, 'b', NULL, NULL, 1, 'D4:(Q1*A40)', 1650, 'Fr', 'G1T'),
(3035, 7, 142, 'c', NULL, NULL, 1, 'D4:(Q1*A40)', 1650, 'Fr', 'G1T'),
(3036, 7, 142, 'd', NULL, NULL, 1, 'D4:(Q1*A40)', 1650, 'Fr', 'G1T'),
(3037, 7, 142, 'd', NULL, NULL, 1, 'D4:(Q1*A40)', 1650, 'Fr', 'G1T'),
(3038, 7, 142, 'f', NULL, NULL, 1, 'D4:(Q1*A40)', 1650, 'Fr', 'G1T'),
(3039, 7, 142, 'g', NULL, NULL, 1, 'D4:(Q1*A40)', 1650, 'Fr', 'G1T'),
(3040, 7, 142, 'h', NULL, NULL, 1, 'D4:(Q1*A40)', 1650, 'Fr', 'G1T'),
(3041, 7, 142, 'i', NULL, NULL, 1, 'D4:(Q1*A40)', 1650, 'Fr', 'G1T'),
(3042, 7, 142, 'j', NULL, NULL, 1, 'D4:(Q1*A40)', 1650, 'Fr', 'G1T'),
(3043, 7, 142, 'k', NULL, NULL, 1, 'D4:(Q1*A40)', 1650, 'Fr', 'G1T'),
(3044, 7, 142, 'l', NULL, NULL, 1, 'D4:(Q1*A40)', 1650, 'Fr', 'G1T'),
(3045, 7, 142, 'o', NULL, NULL, 1, 'D4:(Q1*A40)', 1650, 'Fr', 'G1T'),
(3046, 3, 300, 'f', NULL, NULL, 1, '(D4:Q1)*A40', 947, 'F', 'G1T'),
(3047, 7, 137, 'q', NULL, NULL, 1, '(D4:Q1)*A40', 1650, 'Fr', 'G1T'),
(3048, 3, 300, 'g', NULL, NULL, 1, 'D4:Q1', 947, 'F', 'G1T'),
(3049, 7, 134, 'a', NULL, NULL, 1, 'D4:Q1', 1648, 'H', 'G1T'),
(3050, 7, 134, 'b', NULL, NULL, 1, 'D4:Q1', 1648, 'H', 'G1T'),
(3051, 7, 134, 'c', NULL, NULL, 1, 'D4:Q1', 1648, 'H', 'G1T'),
(3052, 7, 134, 'e', NULL, NULL, 1, 'D4:Q1', 1648, 'H', 'G1T'),
(3053, 7, 134, 'f', NULL, NULL, 1, 'D4:Q1', 1648, 'H', 'G1T'),
(3054, 7, 134, 'i', NULL, NULL, 1, 'D4:Q1', 1648, 'H', 'G1T'),
(3055, 7, 134, 'j', NULL, NULL, 1, 'D4:Q1', 1648, 'H', 'G1T'),
(3056, 7, 135, 'a', NULL, NULL, 1, 'D4:Q1', 1648, 'H', 'G1T'),
(3057, 7, 135, 'b', NULL, NULL, 1, 'D4:Q1', 1648, 'H', 'G1T'),
(3058, 7, 135, 'd', NULL, NULL, 1, 'D4:Q1', 1648, 'H', 'G1T'),
(3059, 7, 135, 'f', NULL, NULL, 1, 'D4:Q1', 1648, 'H', 'G1T'),
(3060, 7, 135, 'g', NULL, NULL, 1, 'D4:Q1', 1648, 'H', 'G1T'),
(3061, 7, 135, 'j', NULL, NULL, 1, 'D4:Q1', 1648, 'H', 'G1T'),
(3062, 7, 135, 'k', NULL, NULL, 1, 'D4:Q1', 1648, 'H', 'G1T'),
(3063, 7, 135, 'l', NULL, NULL, 1, 'D4:Q1', 1648, 'H', 'G1T'),
(3064, 7, 135, 'm', NULL, NULL, 1, 'D4:Q1', 1648, 'H', 'G1T'),
(3065, 7, 135, 'n', NULL, NULL, 1, 'D4:Q1', 1648, 'H', 'G1T'),
(3066, 7, 136, 'a', NULL, NULL, 1, 'D4:Q1', 1649, 'unknown', 'G1T'),
(3067, 7, 136, 'f', NULL, NULL, 1, 'D4:Q1', 1649, 'unknown', 'G1T'),
(3068, 7, 136, 'g', NULL, NULL, 1, 'D4:Q1', 1649, 'unknown', 'G1T'),
(3069, 7, 136, 'h', NULL, NULL, 1, 'D4:Q1', 1649, 'unknown', 'G1T'),
(3070, 7, 136, 'i', NULL, NULL, 1, 'D4:Q1', 1649, 'unknown', 'G1T'),
(3071, 7, 137, 'g', NULL, NULL, 1, '(F51:D21)*A40', 1650, 'Fr', 'G1T'),
(3072, 7, 137, 'l', NULL, NULL, 1, '(F51:D21)*A40', 1650, 'Fr', 'G1T'),
(3073, 7, 137, 'p', NULL, NULL, 1, '(F51:D21)*A40', 1650, 'Fr', 'G1T'),
(3074, 7, 139, 'i', NULL, NULL, 1, '(F51:D21)*A40', 1650, 'Fr', 'G1T'),
(3075, 7, 139, 'l', NULL, NULL, 1, '(F51:D21)*A40', 1650, 'Fr', 'G1T'),
(3076, 5, 166, 'j', NULL, NULL, 1, 'F51*D21*A40', 1113, 'B', 'G1T'),
(3077, 8, 271, NULL, 277, 'a', 1, 'D4:Q1', 254, 'unknown', 'L-JMH1'),
(3078, 8, 271, NULL, 277, 'b', 1, 'D4:Q1', 254, 'unknown', 'L-JMH1'),
(3079, 8, 275, NULL, 308, 'a', 1, 'D4:Q1', 272, 'unknown', 'L-JMH1'),
(3080, 8, 281, NULL, 364, 'a', 1, 'D4:Q1', 272, 'unknown', 'L-JMH1'),
(3081, 8, 349, NULL, 778, 'a', 1, 'Q1:D4:A40', 428, 'unknown', 'L-MH1A'),
(3082, 8, 20, NULL, 52, 'b', 1, 'D4:Q1', 77, 'unknown', 'L-MH1A'),
(3083, 8, 25, NULL, 54, 'a', 1, 'D4:Q1', 79, 'unknown', 'L-MH1A'),
(3084, 8, 357, NULL, 825, 'a', 1, 'D4:Q1', 446, 'unknown', 'L-MH1A'),
(3085, 8, 361, NULL, 827, 'a', 1, 'D4:Q1', 447, 'unknown', 'L-MH1A'),
(3086, 8, 368, NULL, 831, '', 1, 'D4:Q1', 449, 'unknown', 'L-MH1A'),
(3087, 8, 388, NULL, 1607, 'a', 1, 'D4:Q1', 588, 'unknown', 'L-MH1A'),
(3088, 8, 8, NULL, 19, 'c', 1, 'D4:Q1', 28, 'unknown', 'L-PW1A'),
(3089, 8, 8, NULL, 21, 'a', 1, 'D4:Q1', 30, 'unknown', 'L-PW1A'),
(3090, 8, 8, NULL, 21, 'b', 1, 'D4:Q1', 30, 'unknown', 'L-PW1A'),
(3091, 8, 369, NULL, 832, 'b', 1, 'D4:Q1', 450, 'unknown', 'L-PW1A'),
(3092, 8, 388, NULL, 1607, 'a', 1, 'D4:Q1', 588, 'unknown', 'L-PW1A'),
(3093, 8, 388, NULL, 1607, 'a', 1, 'Q2:D4', 588, 'unknown', 'L-Snb2'),
(3094, 8, 270, NULL, 275, 'd', 1, 'Q2:D4', 253, 'unknown', 'L-SS1C'),
(3095, 4, 49, 'f', NULL, NULL, 1, 'Q1:D4:R8', 1010, 'F', 'L1Li'),
(3096, 7, 64, 'a', NULL, NULL, 1, 'D4:Q1', 1576, 'L', 'L1Li'),
(3097, 7, 64, 'c', NULL, NULL, 1, 'D4:Q1', 1576, 'L', 'L1Li'),
(3098, 7, 64, 'i', NULL, NULL, 1, 'D4:Q1', 1576, 'L', 'L1Li'),
(3099, 7, 64, 'm', NULL, NULL, 1, 'D4:Q1', 1576, 'L', 'L1Li'),
(3100, 7, 64, 'n', NULL, NULL, 1, 'D4:Q1', 1576, 'L', 'L1Li'),
(3101, 7, 64, 'q', NULL, NULL, 1, 'D4:Q1', 1576, 'L', 'L1Li'),
(3102, 7, 64, 't', NULL, NULL, 1, 'D4:Q1', 1576, 'L', 'L1Li'),
(3103, 7, 65, 'a', NULL, NULL, 1, 'D4:Q1', 1576, 'L', 'L1Li'),
(3104, 7, 65, 'c', NULL, NULL, 1, 'D4:Q1', 1576, 'L', 'L1Li'),
(3105, 7, 65, 'g', NULL, NULL, 1, 'D4:Q1', 1576, 'L', 'L1Li'),
(3106, 7, 65, 'l', NULL, NULL, 1, 'D4:Q1', 1576, 'L', 'L1Li'),
(3107, 7, 65, 'n', NULL, NULL, 1, 'D4:Q1', 1576, 'L', 'L1Li'),
(3108, 7, 65, 'o', NULL, NULL, 1, 'D4:Q1', 1576, 'L', 'L1Li'),
(3109, 7, 65, 'p', NULL, NULL, 1, 'D4:Q1', 1576, 'L', 'L1Li'),
(3110, 7, 65, 'r', NULL, NULL, 1, 'D4:Q1', 1576, 'L', 'L1Li'),
(3111, 7, 65, 'w', NULL, NULL, 1, 'D4:Q1', 1576, 'L', 'L1Li'),
(3112, 7, 65, 'x', NULL, NULL, 1, 'D4:Q1', 1576, 'L', 'L1Li'),
(3113, 7, 66, 'a', NULL, NULL, 1, 'D4:Q1', 1577, 'unknown', 'L1Li'),
(3114, 7, 66, 'e', NULL, NULL, 1, 'D4:Q1', 1577, 'unknown', 'L1Li'),
(3115, 7, 66, 'h', NULL, NULL, 1, 'D4:Q1', 1577, 'unknown', 'L1Li'),
(3116, 7, 66, 'i', NULL, NULL, 1, 'D4:Q1', 1577, 'unknown', 'L1Li'),
(3117, 1, 112, 'c', NULL, NULL, 1, 'Q1:D4:R8', 747, 'B', 'L2Li'),
(3118, 7, 10, 'a', NULL, NULL, 1, 'Q1:D4:R8', 1519, 'unknown', 'L2Li'),
(3119, 1, 141, 'b', NULL, NULL, 1, '(Q1:D4)*R8', 750, 'F & B & Fr', 'L2Li'),
(3120, 6, 219, 'i', NULL, NULL, 1, 'D4:Q1', 1321, 'Fr', 'L2Li'),
(3121, 7, 9, 'p', NULL, NULL, 1, 'D4:Q1', 1517, 'H', 'L2Li'),
(3122, 7, 9, 't', NULL, NULL, 1, 'D4:Q1', 1517, 'H', 'L2Li'),
(3123, 8, 122, NULL, 152, 'a', 1, 'D4:Q1', 217, 'Bo', 'L2Li'),
(3124, 8, 122, NULL, 152, 'b', 1, 'D4:Q1', 217, 'Bo', 'L2Li'),
(3125, 8, 126, NULL, 153, 'b', 1, 'D4:Q1', 217, 'Bo', 'L2Li'),
(3126, 8, 130, NULL, 154, 'a', 1, 'D4:Q1', 217, 'Bo', 'L2Li'),
(3127, 8, 143, NULL, 159, 'b', 1, 'D4:Q1', 217, 'Bo', 'L2Li'),
(3128, 8, 144, NULL, 160, 'a', 1, 'D4:Q1', 217, 'Bo', 'L2Li'),
(3129, 8, 171, NULL, 177, 'b', 1, 'D4:Q1', 219, 'Bo', 'L2Li'),
(3130, 8, 172, NULL, 178, 'c', 1, 'D4:Q1', 219, 'Bo', 'L2Li'),
(3131, 8, 176, NULL, 181, 'c', 1, 'D4:Q1', 219, 'Bo', 'L2Li'),
(3132, 8, 178, NULL, 182, 'c', 1, 'D4:Q1', 219, 'Bo', 'L2Li'),
(3133, 8, 178, NULL, 182, 'd', 1, 'D4:Q1', 219, 'Bo', 'L2Li'),
(3134, 8, 179, NULL, 183, 'b', 1, 'D4:Q1', 219, 'Bo', 'L2Li'),
(3135, 8, 181, NULL, 184, 'c', 1, 'D4:Q1', 219, 'Bo', 'L2Li'),
(3136, 8, 181, NULL, 184, 'd', 1, 'D4:Q1', 219, 'Bo', 'L2Li'),
(3137, 8, 182, NULL, 185, 'b', 1, 'D4:Q1', 219, 'Bo', 'L2Li'),
(3138, 8, 182, NULL, 185, 'c', 1, 'D4:Q1', 219, 'Bo', 'L2Li'),
(3139, 8, 184, NULL, 187, 'a', 1, 'D4:Q1', 219, 'Bo', 'L2Li'),
(3140, 8, 184, NULL, 187, 'b', 1, 'D4:Q1', 219, 'Bo', 'L2Li'),
(3141, 8, 185, NULL, 188, 'd', 1, 'D4:Q1', 219, 'Bo', 'L2Li'),
(3142, 8, 186, NULL, 189, 'b', 1, 'D4:Q1', 219, 'Bo', 'L2Li'),
(3143, 8, 186, NULL, 189, 'e', 1, 'D4:Q1', 219, 'Bo', 'L2Li'),
(3144, 8, 187, NULL, 190, 'd', 1, 'D4:Q1', 219, 'Bo', 'L2Li'),
(3145, 8, 187, NULL, 190, 'd', 1, 'D4:Q1', 219, 'Bo', 'L2Li'),
(3146, 8, 188, NULL, 190, 'e', 1, 'D4:Q1', 219, 'Bo', 'L2Li'),
(3147, 8, 188, NULL, 191, 'c', 1, 'D4:Q1', 219, 'Bo', 'L2Li'),
(3148, 8, 188, NULL, 191, 'c', 1, 'D4:Q1', 219, 'Bo', 'L2Li'),
(3149, 8, 190, NULL, 192, 'c', 1, 'D4:Q1', 220, 'Bo', 'L2Li'),
(3150, 8, 190, NULL, 192, 'c', 1, 'D4:Q1', 220, 'Bo', 'L2Li'),
(3151, 8, 190, NULL, 192, 'd', 1, 'D4:Q1', 220, 'Bo', 'L2Li'),
(3152, 8, 190, NULL, 192, 'e', 1, 'D4:Q1', 220, 'Bo', 'L2Li'),
(3153, 8, 190, NULL, 193, 'a', 1, 'D4:Q1', 220, 'Bo', 'L2Li'),
(3154, 8, 190, NULL, 193, 'a', 1, 'D4:Q1', 220, 'Bo', 'L2Li'),
(3155, 8, 190, NULL, 193, 'b', 1, 'D4:Q1', 220, 'Bo', 'L2Li'),
(3156, 8, 191, NULL, 193, 'c', 1, 'D4:Q1', 220, 'Bo', 'L2Li'),
(3157, 8, 389, NULL, 1607, 'a', 1, 'D4:Q1', 588, 'unknown', 'L2Li'),
(3158, 8, 189, NULL, 191, 'c', 1, 'D4:Q1', 219, 'Bo', 'L2Li'),
(3159, 8, 131, NULL, 154, 'b', 1, 'Q1*D4-retro', 217, 'Bo', 'L2Li'),
(3160, 8, 357, NULL, 825, 'a', 1, 'D4:Q1', 446, 'B', 'L3Li'),
(3161, 8, 368, NULL, 831, '', 1, 'D4:Q1', 449, 'B', 'L3Li'),
(3162, 8, 20, NULL, 52, 'b', 1, 'D4:Q1', 77, 'unknown', 'L1NY'),
(3163, 8, 25, NULL, 54, 'a', 1, 'D4:Q1', 79, 'unknown', 'L1NY'),
(3164, 6, 221, 'a', NULL, NULL, 1, 'D4:Q1', 1322, 'Bo', 'M1C'),
(3165, 6, 221, 'r', NULL, NULL, 1, 'D4:Q1', 1322, 'Bo', 'M1C'),
(3166, 7, 129, 'd', NULL, NULL, 1, 'D4:Q1', 1642, 'unknown', 'M2C'),
(3167, 8, 47, NULL, 134, 'a', 1, 'D4:Q1', 213, 'B', 'M2C'),
(3168, 8, 58, NULL, 136, 'a', 1, 'D4:Q1', 214, 'B', 'M2C'),
(3169, 8, 251, NULL, 214, 'b', 1, 'D4:Q1', 223, 'Fr', 'M2C'),
(3170, 8, 251, NULL, 215, 'b', 1, 'D4:Q1', 223, 'Fr', 'M2C'),
(3171, 8, 365, NULL, 829, 'c', 1, 'D4:Q1', 447, 'unknown', 'M2C'),
(3172, 8, 146, NULL, 161, 'a', 1, 'F51:D21:A40', 218, 'B & F', 'M5C'),
(3173, 2, 54, 'g', NULL, NULL, 1, 'D4:(Q1*A40)', 802, 'unknown', 'M6C'),
(3174, 8, 259, NULL, 231, 'a', 1, 'D4:Q1', 230, 'B', 'M7C'),
(3175, 8, 405, NULL, 1800, 'b', 1, 'D4:Q1', 637, 'H', 'M7C'),
(3176, 8, 413, NULL, 1838, '', 1, 'D4:Q1', 651, 'unknown', 'M7C'),
(3177, 8, 441, NULL, 0, 'f', 1, 'D4:Q1', 1, 'unknown', 'M7C'),
(3178, 8, 441, NULL, 0, 'k', 1, 'D4:Q1', 1, 'unknown', 'M7C'),
(3179, 8, 442, NULL, 0, 'a', 1, 'D4:Q1', 1, 'unknown', 'M7C'),
(3180, 8, 442, NULL, 0, 'c', 1, 'D4:Q1', 1, 'unknown', 'M7C'),
(3181, 8, 442, NULL, 0, 'g', 1, 'D4:Q1', 1, 'unknown', 'M7C'),
(3182, 8, 442, NULL, 0, 'i', 1, 'D4:Q1', 1, 'unknown', 'M7C'),
(3183, 8, 443, NULL, 0, 'a', 1, 'D4:Q1', 1, 'unknown', 'M7C'),
(3184, 8, 443, NULL, 0, 'd', 1, 'D4:Q1', 1, 'unknown', 'M7C'),
(3185, 8, 453, NULL, 0, 'd', 1, 'D4:Q1', 1, 'unknown', 'M7C'),
(3186, 8, 453, NULL, 0, 'g', 1, 'D4:Q1', 1, 'unknown', 'M7C'),
(3187, 8, 453, NULL, 0, 'h', 1, 'D4:Q1', 1, 'unknown', 'M7C'),
(3188, 8, 453, NULL, 0, 'i', 1, 'D4:Q1', 1, 'unknown', 'M7C'),
(3189, 8, 453, NULL, 0, 'j', 1, 'D4:Q1', 1, 'unknown', 'M7C'),
(3190, 4, 335, 'a', NULL, NULL, 1, 'Q1*D4-retro', 1052, 'L', 'M7C'),
(3191, 4, 335, 'a', NULL, NULL, 1, 'Q1*D4-retro', 1052, 'L', 'M8C'),
(3192, 4, 337, 'e', NULL, NULL, 1, 'D4:(Q1*X1)', 1052, 'L', 'M8C'),
(3193, 8, 394, NULL, 1615, 'a', 1, 'D4:Q1', 592, 'Fr', 'M28C'),
(3194, 8, 394, NULL, 1615, 'a', 1, '(D4:Q1)*A40', 592, 'Fr', 'M37C'),
(3195, 4, 255, 'a', NULL, NULL, 0, 'D4:Q1:(M17*Z1)', 1049, 'L', 'M54C'),
(3196, 7, 127, 'k', NULL, NULL, 1, 'D4:(Q1*A40)', 1638, 'F & B', 'M1NY'),
(3197, 7, 127, 'u', NULL, NULL, 1, 'D4:(Q1*A40)', 1638, 'F & B', 'M1NY'),
(3198, 8, 20, NULL, 52, 'b', 1, 'D4:(Q1*A40)', 77, 'H', 'M1NY'),
(3199, 8, 34, NULL, 72, 'a', 1, 'D4:(Q1*A40)', 110, 'B', 'M1NY'),
(3200, 8, 34, NULL, 72, 'c', 1, 'D4:(Q1*A40)', 110, 'B', 'M1NY'),
(3201, 8, 34, NULL, 72, 'e', 1, 'D4:(Q1*A40)', 110, 'B', 'M1NY'),
(3202, 8, 34, NULL, 73, 'a', 1, 'D4:(Q1*A40)', 116, 'B', 'M1NY'),
(3203, 8, 34, NULL, 73, 'c', 1, 'D4:(Q1*A40)', 116, 'B', 'M1NY'),
(3204, 8, 34, NULL, 73, 'e', 1, 'D4:(Q1*A40)', 116, 'B', 'M1NY'),
(3205, 8, 34, NULL, 74, 'a', 1, 'D4:(Q1*A40)', 115, 'B', 'M1NY'),
(3206, 8, 34, NULL, 74, 'c', 1, 'D4:(Q1*A40)', 115, 'B', 'M1NY'),
(3207, 8, 34, NULL, 73, 'a', 1, 'D4:(Q1*A40)', 116, 'B', 'M1NY'),
(3208, 8, 35, NULL, 75, 'a', 1, 'D4:(Q1*A40)', 118, 'B', 'M1NY'),
(3209, 8, 35, NULL, 75, 'c', 1, 'D4:(Q1*A40)', 118, 'B', 'M1NY'),
(3210, 8, 35, NULL, 76, 'a', 1, 'D4:(Q1*A40)', 120, 'B', 'M1NY'),
(3211, 8, 35, NULL, 76, 'c', 1, 'D4:(Q1*A40)', 120, 'B', 'M1NY'),
(3212, 8, 35, NULL, 77, 'a', 1, 'D4:(Q1*A40)', 122, 'B', 'M1NY'),
(3213, 8, 35, NULL, 77, 'C', 1, 'D4:(Q1*A40)', 122, 'B', 'M1NY'),
(3214, 8, 35, NULL, 78, 'a', 1, 'D4:(Q1*A40)', 124, 'B', 'M1NY'),
(3215, 8, 35, NULL, 78, 'c', 1, 'D4:(Q1*A40)', 124, 'B', 'M1NY'),
(3216, 8, 36, NULL, 79, 'a', 1, 'D4:(Q1*A40)', 126, 'B', 'M1NY'),
(3217, 8, 36, NULL, 79, 'c', 1, 'D4:(Q1*A40)', 126, 'B', 'M1NY'),
(3218, 8, 36, NULL, 80, 'a', 1, 'D4:(Q1*A40)', 128, 'B', 'M1NY'),
(3219, 8, 36, NULL, 80, 'c', 1, 'D4:(Q1*A40)', 128, 'B', 'M1NY'),
(3220, 8, 36, NULL, 81, 'a', 1, 'D4:(Q1*A40)', 130, 'B', 'M1NY'),
(3221, 8, 36, NULL, 81, 'c', 1, 'D4:(Q1*A40)', 130, 'B', 'M1NY'),
(3222, 8, 36, NULL, 82, 'a', 1, 'D4:(Q1*A40)', 132, 'B', 'M1NY'),
(3223, 8, 36, NULL, 82, 'c', 1, 'D4:(Q1*A40)', 132, 'B', 'M1NY'),
(3224, 8, 37, NULL, 83, 'a', 1, 'D4:(Q1*A40)', 134, 'B', 'M1NY'),
(3225, 8, 37, NULL, 83, 'c', 1, 'D4:(Q1*A40)', 134, 'B', 'M1NY'),
(3226, 8, 37, NULL, 84, 'a', 1, 'D4:(Q1*A40)', 136, 'B', 'M1NY'),
(3227, 8, 37, NULL, 84, 'c', 1, 'D4:(Q1*A40)', 136, 'B', 'M1NY'),
(3228, 8, 37, NULL, 86, 'c', 1, 'D4:(Q1*A40)', 141, 'B', 'M1NY'),
(3229, 8, 37, NULL, 86, 'e', 1, 'D4:(Q1*A40)', 141, 'B', 'M1NY'),
(3230, 8, 38, NULL, 87, 'a', 1, 'D4:(Q1*A40)', 143, 'B', 'M1NY'),
(3231, 8, 38, NULL, 87, 'c', 1, 'D4:(Q1*A40)', 143, 'B', 'M1NY'),
(3232, 8, 38, NULL, 88, 'a', 1, 'D4:(Q1*A40)', 145, 'B', 'M1NY'),
(3233, 8, 38, NULL, 88, 'c', 1, 'D4:(Q1*A40)', 145, 'B', 'M1NY'),
(3234, 8, 38, NULL, 89, 'a', 1, 'D4:(Q1*A40)', 147, 'B', 'M1NY'),
(3235, 8, 38, NULL, 89, 'c', 1, 'D4:(Q1*A40)', 147, 'B', 'M1NY'),
(3236, 8, 39, NULL, 90, 'c', 1, 'D4:(Q1*A40)', 150, 'B', 'M1NY'),
(3237, 8, 39, NULL, 90, 'e', 1, 'D4:(Q1*A40)', 150, 'B', 'M1NY'),
(3238, 8, 39, NULL, 91, 'a', 1, 'D4:(Q1*A40)', 152, 'B', 'M1NY'),
(3239, 8, 39, NULL, 91, 'c', 1, 'D4:(Q1*A40)', 152, 'B', 'M1NY'),
(3240, 8, 39, NULL, 92, 'a', 1, 'D4:(Q1*A40)', 154, 'B', 'M1NY'),
(3241, 8, 40, NULL, 92, 'c', 1, 'D4:(Q1*A40)', 154, 'B', 'M1NY'),
(3242, 8, 40, NULL, 93, 'c', 1, 'D4:(Q1*A40)', 156, 'B', 'M1NY'),
(3243, 8, 40, NULL, 94, 'c', 1, 'D4:(Q1*A40)', 158, 'B', 'M1NY'),
(3244, 8, 40, NULL, 95, 'a', 1, 'D4:(Q1*A40)', 160, 'B', 'M1NY'),
(3245, 8, 40, NULL, 95, 'a', 1, 'D4:(Q1*A40)', 160, 'B', 'M1NY'),
(3246, 8, 41, NULL, 96, 'a', 1, 'D4:(Q1*A40)', 162, 'B', 'M1NY'),
(3247, 8, 41, NULL, 98, 'c', 1, 'D4:(Q1*A40)', 166, 'B', 'M1NY'),
(3248, 8, 41, NULL, 99, 'a', 1, 'D4:(Q1*A40)', 168, 'B', 'M1NY'),
(3249, 8, 41, NULL, 99, 'c', 1, 'D4:(Q1*A40)', 168, 'B', 'M1NY'),
(3250, 8, 41, NULL, 100, 'a', 1, 'D4:(Q1*A40)', 171, 'B', 'M1NY'),
(3251, 8, 42, NULL, 100, 'c', 1, 'D4:(Q1*A40)', 171, 'B', 'M1NY'),
(3252, 8, 42, NULL, 100, 'e', 1, 'D4:(Q1*A40)', 171, 'B', 'M1NY'),
(3253, 8, 37, NULL, 85, 'a', 1, 'D4:Q1', 138, 'B', 'M1NY'),
(3254, 8, 37, NULL, 85, 'c', 1, 'Q1*D4', 138, 'B', 'M1NY'),
(3255, 8, 37, NULL, 86, 'a', 1, 'Q1*D4', 141, 'B', 'M1NY'),
(3256, 7, 201, 'k', NULL, NULL, 1, 'F51:D4:(Q1*A40)', 1705, 'unknown', 'Pap.Gard.II'),
(3257, 1, 6, 'b', NULL, NULL, 1, 'Q1:D4:A40', 715, 'unknown', 'M.C.105'),
(3258, 1, 22, 'b', NULL, NULL, 1, 'Q1:D4:A40', 721, 'unknown', 'M.C.105'),
(3259, 1, 24, 'a', NULL, NULL, 1, 'Q1:D4:A40', 722, 'unknown', 'M.C.105'),
(3260, 1, 25, 'a', NULL, NULL, 1, 'Q1:D4:A40', 722, 'unknown', 'M.C.105'),
(3261, 1, 29, 'a', NULL, NULL, 1, 'Q1:D4:A40', 723, 'unknown', 'M.C.105'),
(3262, 1, 36, 'b', NULL, NULL, 1, 'Q1:D4:A40', 725, 'unknown', 'M.C.105'),
(3263, 1, 49, 'b', NULL, NULL, 1, 'Q1:D4:A40', 730, 'unknown', 'M.C.105'),
(3264, 1, 51, 'd', NULL, NULL, 1, 'Q1:D4:A40', 731, 'unknown', 'M.C.105'),
(3265, 1, 81, 'd', NULL, NULL, 1, 'Q1:D4:A40', 743, 'unknown', 'M.C.105'),
(3266, 1, 11, 'a', NULL, NULL, 1, 'D4:Q1', 718, 'unknown', 'M.C.105'),
(3267, 1, 33, 'd', NULL, NULL, 1, 'D4:Q1', 724, 'unknown', 'M.C.105'),
(3268, 1, 34, 'd', NULL, NULL, 1, 'D4:Q1', 724, 'unknown', 'M.C.105'),
(3269, 1, 38, 'b', NULL, NULL, 1, 'D4:Q1', 726, 'unknown', 'M.C.105'),
(3270, 1, 53, 'b', NULL, NULL, 1, 'D4:Q1', 732, 'unknown', 'M.C.105'),
(3271, 1, 79, 'd', NULL, NULL, 1, 'D4:Q1', 741, 'unknown', 'M.C.105'),
(3272, 1, 79, 'i', NULL, NULL, 1, 'D4:Q1', 741, 'unknown', 'M.C.105'),
(3273, 8, 98, NULL, 147, 'a', 1, 'Q1:D4:A40', 215, 'B', 'R1X'),
(3274, 8, 355, NULL, 823, 'd', 1, 'D4:Q1:A40', 433, 'H', 'S1C'),
(3275, 8, 394, NULL, 1616, 'a', 1, 'D4:Q1:A40', 592, 'Fr', 'S1C'),
(3276, 8, 394, NULL, 1620, 'a', 1, 'D4:Q1:A40', 592, 'Fr', 'S1C'),
(3277, 8, 394, NULL, 1620, 'b', 1, 'D4:Q1:A40', 592, 'Fr', 'S1C'),
(3278, 8, 453, NULL, 0, 'a', 1, 'D4:Q1:A40', 1, 'unknown', 'S1C'),
(3279, 3, 99, 'f', NULL, NULL, 1, 'D4:(Q1*A40)', 905, 'Fr', 'S1C'),
(3280, 8, 453, NULL, 0, 'a', 1, 'D4:(Q1*A40)', 1, 'unknown', 'S1C'),
(3281, 8, 453, NULL, 0, 'b', 1, 'D4:(Q1*A40)', 1, 'unknown', 'S1C'),
(3282, 8, 394, NULL, 1615, 'a', 1, '(D4:Q1)*A40', 592, 'Fr', 'S1C'),
(3283, 8, 394, NULL, 1616, 'a', 1, '(D4:Q1)*A40', 592, 'Fr', 'S1C'),
(3284, 7, 104, 'i', NULL, NULL, 1, 'D4:Q1:A40', 1609, 'B', 'S5C'),
(3285, 7, 104, 'k', NULL, NULL, 1, 'D4:Q1:A40', 1609, 'B', 'S5C'),
(3286, 7, 105, 'j', NULL, NULL, 1, 'D4:Q1:A40', 1611, 'B', 'S5C'),
(3287, 7, 105, 'n', NULL, NULL, 1, 'D4:Q1:A40', 1611, 'B', 'S5C'),
(3288, 7, 105, 't', NULL, NULL, 1, 'D4:Q1:A40', 1611, 'B', 'S5C'),
(3289, 8, 6, NULL, 17, 'a', 1, 'D4:Q1:A40', 25, 'unknown', 'S5C'),
(3290, 8, 252, NULL, 218, 'c', 1, 'D4:Q1:A40', 224, 'B', 'S5C'),
(3291, 8, 252, NULL, 218, 'f', 1, 'D4:Q1:A40', 224, 'B', 'S5C'),
(3292, 7, 104, 'b', NULL, NULL, 1, 'D4:(Q1*A40)', 1609, 'B', 'S5C'),
(3293, 8, 47, NULL, 134, 'a', 1, 'D4:(Q1*A40)', 213, 'B', 'S5C'),
(3294, 1, 102, 'a', NULL, NULL, 1, 'D4*Q1*A40', 746, 'H', 'S5C'),
(3295, 1, 11, 'a', NULL, NULL, 1, 'D4:Q1:A40', 718, 'Bo', 'S10C'),
(3296, 1, 22, 'b', NULL, NULL, 1, 'D4:Q1:A40', 721, 'Bo', 'S10C'),
(3297, 1, 24, 'a', NULL, NULL, 1, 'D4:Q1:A40', 722, 'Bo', 'S10C'),
(3298, 1, 25, 'a', NULL, NULL, 1, 'D4:Q1:A40', 722, 'Bo', 'S10C'),
(3299, 1, 28, 'b', NULL, NULL, 1, 'D4:Q1:A40', 723, 'Bo', 'S10C'),
(3300, 1, 28, 'c', NULL, NULL, 1, 'D4:Q1:A40', 723, 'Bo', 'S10C'),
(3301, 1, 32, 'b', NULL, NULL, 1, 'D4:Q1:A40', 723, 'Bo', 'S10C'),
(3302, 1, 33, 'c', NULL, NULL, 1, 'D4:Q1:A40', 724, 'Bo', 'S10C'),
(3303, 1, 33, 'd', NULL, NULL, 1, 'D4:Q1:A40', 724, 'Bo', 'S10C'),
(3304, 1, 38, 'b', NULL, NULL, 1, 'D4:Q1:A40', 726, 'Bo', 'S10C'),
(3305, 1, 41, 'b', NULL, NULL, 1, 'D4:Q1:A40', 727, 'Bo', 'S10C'),
(3306, 1, 44, 'de', NULL, NULL, 1, 'D4:Q1:A40', 728, 'Bo', 'S10C'),
(3307, 1, 46, 'd', NULL, NULL, 1, 'D4:Q1:A40', 729, 'Bo', 'S10C'),
(3308, 1, 47, 'b', NULL, NULL, 1, 'D4:Q1:A40', 730, 'Bo', 'S10C'),
(3309, 1, 52, 'a', NULL, NULL, 1, 'D4:Q1:A40', 731, 'Bo', 'S10C'),
(3310, 1, 52, 'd', NULL, NULL, 1, 'D4:Q1:A40', 731, 'Bo', 'S10C'),
(3311, 1, 52, 'f', NULL, NULL, 1, 'D4:Q1:A40', 731, 'Bo', 'S10C'),
(3312, 1, 79, 'n', NULL, NULL, 1, 'D4:Q1:A40', 741, 'Bo', 'S10C'),
(3313, 1, 298, 'j', NULL, NULL, 1, 'D4:Q1:A40', 786, 'unknown', 'S10C'),
(3314, 8, 305, NULL, 612, 'a', 1, 'D4:Q1:A40', 364, 'Bo', 'S10C'),
(3315, 8, 409, NULL, 1824, 'a', 1, 'D4:Q1:A40', 645, 'Bo', 'S10C'),
(3316, 8, 409, NULL, 1824, 'c', 1, 'D4:Q1:A40', 645, 'Bo', 'S10C'),
(3317, 8, 410, NULL, 1826, 'a', 1, 'D4:Q1:A40', 647, 'Bo', 'S10C'),
(3318, 8, 411, NULL, 1828, 'a', 1, 'D4:Q1:A40', 648, 'Bo', 'S10C'),
(3319, 8, 411, NULL, 1829, 'a', 1, 'D4:Q1:A40', 648, 'Bo', 'S10C'),
(3320, 8, 412, NULL, 1830, 'a', 1, 'D4:Q1:A40', 649, 'Bo', 'S10C'),
(3321, 1, 14, 'b', NULL, NULL, 1, 'D4:(Q1*A40)', 718, 'Bo', 'S10C'),
(3322, 1, 80, 'c', NULL, NULL, 1, 'D4:(Q1*A40)', 742, 'unknown', 'S10C'),
(3323, 8, 394, NULL, 1615, 'a', 1, '(D4:Q1)*A40', 592, 'unknown', 'S10C'),
(3324, 8, 410, NULL, 1825, 'a', 1, 'D4:Q1', 646, 'Bo', 'S10C'),
(3325, 1, 102, 'a', NULL, NULL, 1, '(D4:Q1)*A40', 746, 'F', 'S11C'),
(3326, 8, 15, NULL, 49, 'a', 1, 'D4:Q1', 71, 'unknown', 'S16C'),
(3327, 8, 15, NULL, 49, 'b', 1, 'D4:Q1', 71, 'unknown', 'S16C'),
(3328, 8, 15, NULL, 49, 'f', 1, 'D4:Q1', 71, 'unknown', 'S16C'),
(3329, 8, 15, NULL, 49, 'r', 1, 'D4:Q1', 71, 'unknown', 'S16C'),
(3330, 8, 410, NULL, 1825, 'a', 1, 'D4:Q1', 646, 'unknown', 'S16C'),
(3331, 8, 410, NULL, 1826, 'a', 1, 'D4:Q1', 647, 'unknown', 'S16C'),
(3332, 8, 15, NULL, 49, 'q', 1, 'D4:Q1', 71, 'unknown', 'S16C'),
(3333, 8, 15, NULL, 49, 'e', 1, 'U40:D4', 71, 'unknown', 'S16C'),
(3334, 6, 223, 'e', NULL, NULL, 1, '(D4:(Q1*Z1))*A40', 1323, 'B', 'S6P'),
(3335, 8, 158, NULL, 167, 'a', 1, 'Q1:D4:A40', 219, 'unknown', 'Sed1Cam'),
(3336, 8, 159, NULL, 167, 'c', 1, 'D4:Q1', 219, 'unknown', 'Sed1Cam'),
(3337, 8, 47, NULL, 134, 'a', 1, 'D4:Q1', 213, 'unknown', 'Sed1Cop'),
(3338, 8, 58, NULL, 136, 'a', 1, 'D4:Q1', 214, 'L', 'Sq2Be'),
(3339, 8, 431, NULL, 2022, 'a', 1, 'D4:Q1', 686, 'L', 'Sq3Be'),
(3340, 8, 432, NULL, 2026, 'a', 1, 'D4:Q1', 686, 'L', 'Sq3Be'),
(3341, 7, 112, 'a', NULL, NULL, 1, 'D4:Q1', 1622, 'unknown', 'Sq1C'),
(3342, 8, 20, NULL, 52, 'b', 1, 'D4:Q1', 77, 'H', 'Sq1C'),
(3343, 7, 109, 'q', NULL, NULL, 1, 'D4:Q1:N5:A40', 1616, 'Fr', 'Sq2C'),
(3344, 1, 277, 'i', NULL, NULL, 1, 'Q1:D4:A40', 779, 'B', 'Sq3C'),
(3345, 1, 291, 'h', NULL, NULL, 1, 'Q1:D4:A40', 782, 'B', 'Sq3C'),
(3346, 1, 298, 'j', NULL, NULL, 1, 'Q1:D4:A40', 786, 'B', 'Sq3C'),
(3347, 1, 305, 'g', NULL, NULL, 1, 'Q1:D4:A40', 787, 'B', 'Sq3C'),
(3348, 4, 28, 'e', NULL, NULL, 1, 'Q1:D4:A40', 994, 'Bo', 'Sq3C'),
(3349, 7, 61, 'bb', NULL, NULL, 1, 'Q1:D4:A40', 1572, 'Fr', 'Sq3C'),
(3350, 8, 32, NULL, 670, 'b', 1, 'Q1:D4:A40', 106, 'unknown', 'Sq3C'),
(3351, 8, 455, NULL, 0, 'a', 1, 'Q1:D4:A40', 1, 'unknown', 'Sq3C'),
(3352, 1, 280, 'b', NULL, NULL, 1, 'D4:Q1', 780, 'B', 'Sq3C'),
(3353, 1, 282, 'i', NULL, NULL, 1, 'D4:Q1', 781, 'B', 'Sq3C'),
(3354, 1, 284, 'a', NULL, NULL, 1, 'D4:Q1', 781, 'B', 'Sq3C'),
(3355, 1, 291, 'c', NULL, NULL, 1, 'D4:Q1', 782, 'B', 'Sq3C'),
(3356, 1, 295, 'g', NULL, NULL, 1, 'D4:Q1', 783, 'B', 'Sq3C'),
(3357, 1, 295, 'h', NULL, NULL, 1, 'D4:Q1', 783, 'B', 'Sq3C'),
(3358, 1, 298, 'a', NULL, NULL, 1, 'D4:Q1', 786, 'B', 'Sq3C'),
(3359, 3, 261, 'd', NULL, NULL, 1, 'D4:Q1', 941, 'Bo', 'Sq3C'),
(3360, 3, 262, 'c', NULL, NULL, 1, 'D4:Q1', 941, 'Bo', 'Sq3C'),
(3361, 4, 28, 'a', NULL, NULL, 1, 'D4:Q1', 994, 'Bo', 'Sq3C'),
(3362, 4, 28, 'c', NULL, NULL, 1, 'D4:Q1', 994, 'Bo', 'Sq3C'),
(3363, 4, 28, 'e', NULL, NULL, 1, 'D4:Q1', 994, 'Bo', 'Sq3C'),
(3364, 4, 28, 'l', NULL, NULL, 1, 'D4:Q1', 994, 'Bo', 'Sq3C'),
(3365, 4, 29, 'c', NULL, NULL, 1, 'D4:Q1', 994, 'Bo', 'Sq3C'),
(3366, 4, 29, 'd', NULL, NULL, 1, 'D4:Q1', 994, 'Bo', 'Sq3C'),
(3367, 4, 29, 'e', NULL, NULL, 1, 'D4:Q1', 994, 'Bo', 'Sq3C'),
(3368, 4, 29, 'f', NULL, NULL, 1, 'D4:Q1', 994, 'Bo', 'Sq3C'),
(3369, 4, 30, 'c', NULL, NULL, 1, 'D4:Q1', 995, 'Bo', 'Sq3C'),
(3370, 4, 30, 'h', NULL, NULL, 1, 'D4:Q1', 995, 'Bo', 'Sq3C'),
(3371, 4, 31, 'd', NULL, NULL, 1, 'D4:Q1', 996, 'Bo', 'Sq3C'),
(3372, 6, 255, 'a', NULL, NULL, 1, 'D4:Q1', 1347, 'Bo', 'Sq3C'),
(3373, 6, 362, 'g', NULL, NULL, 1, 'D4:Q1', 1443, 'Bo', 'Sq3C'),
(3374, 7, 49, 'b', NULL, NULL, 1, 'D4:Q1', 1559, 'H', 'Sq3C'),
(3375, 7, 58, 'g', NULL, NULL, 1, 'D4:Q1', 1570, 'Fr', 'Sq3C'),
(3376, 7, 58, 'i', NULL, NULL, 1, 'D4:Q1', 1570, 'Fr', 'Sq3C'),
(3377, 7, 58, 'j', NULL, NULL, 1, 'D4:Q1', 1570, 'Fr', 'Sq3C'),
(3378, 7, 58, 'k', NULL, NULL, 1, 'D4:Q1', 1570, 'Fr', 'Sq3C'),
(3379, 7, 58, 'l', NULL, NULL, 1, 'D4:Q1', 1570, 'Fr', 'Sq3C'),
(3380, 7, 58, 'm', NULL, NULL, 1, 'D4:Q1', 1570, 'Fr', 'Sq3C'),
(3381, 7, 58, 'o', NULL, NULL, 1, 'D4:Q1', 1570, 'Fr', 'Sq3C'),
(3382, 7, 59, 'a', NULL, NULL, 1, 'D4:Q1', 1571, 'Fr', 'Sq3C'),
(3383, 7, 59, 'b', NULL, NULL, 1, 'D4:Q1', 1571, 'Fr', 'Sq3C'),
(3384, 7, 59, 'c', NULL, NULL, 1, 'D4:Q1', 1571, 'Fr', 'Sq3C'),
(3385, 7, 59, 'e', NULL, NULL, 1, 'D4:Q1', 1571, 'Fr', 'Sq3C'),
(3386, 7, 60, 'g', NULL, NULL, 1, 'D4:Q1', 1572, 'Fr', 'Sq3C'),
(3387, 7, 60, 'i', NULL, NULL, 1, 'D4:Q1', 1572, 'Fr', 'Sq3C'),
(3388, 7, 60, 'l', NULL, NULL, 1, 'D4:Q1', 1572, 'Fr', 'Sq3C'),
(3389, 7, 60, 'o', NULL, NULL, 1, 'D4:Q1', 1572, 'Fr', 'Sq3C'),
(3390, 7, 61, 'c', NULL, NULL, 1, 'D4:Q1', 1572, 'Fr', 'Sq3C'),
(3391, 7, 61, 'e', NULL, NULL, 1, 'D4:Q1', 1572, 'Fr', 'Sq3C'),
(3392, 7, 61, 'i', NULL, NULL, 1, 'D4:Q1', 1572, 'Fr', 'Sq3C'),
(3393, 7, 61, 'k', NULL, NULL, 1, 'D4:Q1', 1572, 'Fr', 'Sq3C'),
(3394, 7, 61, 'l', NULL, NULL, 1, 'D4:Q1', 1572, 'Fr', 'Sq3C'),
(3395, 7, 61, 'm', NULL, NULL, 1, 'D4:Q1', 1572, 'Fr', 'Sq3C'),
(3396, 7, 61, 'o', NULL, NULL, 1, 'D4:Q1', 1572, 'Fr', 'Sq3C'),
(3397, 7, 61, 'q', NULL, NULL, 1, 'D4:Q1', 1572, 'Fr', 'Sq3C'),
(3398, 7, 61, 'z', NULL, NULL, 1, 'D4:Q1', 1572, 'Fr', 'Sq3C'),
(3399, 7, 61, 'cc', NULL, NULL, 1, 'D4:Q1', 1572, 'Fr', 'Sq3C'),
(3400, 7, 61, 'dd', NULL, NULL, 1, 'D4:Q1', 1572, 'Fr', 'Sq3C'),
(3401, 7, 62, 'a', NULL, NULL, 1, 'D4:Q1', 1573, 'unknown', 'Sq3C'),
(3402, 7, 62, 'd', NULL, NULL, 1, 'D4:Q1', 1573, 'unknown', 'Sq3C'),
(3403, 7, 62, 'd', NULL, NULL, 1, 'D4:Q1', 1572, 'Fr', 'Sq3C'),
(3404, 8, 13, NULL, 43, 'a', 1, 'D4:Q1', 62, 'unknown', 'Sq3C'),
(3405, 8, 13, NULL, 43, 'b', 1, 'D4:Q1', 62, 'unknown', 'Sq3C'),
(3406, 8, 13, NULL, 44, 'c', 1, 'D4:Q1', 63, 'unknown', 'Sq3C'),
(3407, 8, 14, NULL, 46, 'b', 1, 'D4:Q1', 67, 'unknown', 'Sq3C'),
(3408, 8, 14, NULL, 47, 'a', 1, 'D4:Q1', 68, 'unknown', 'Sq3C'),
(3409, 8, 14, NULL, 48, 'a', 1, 'D4:Q1', 70, 'unknown', 'Sq3C'),
(3410, 8, 14, NULL, 48, 'b', 1, 'D4:Q1', 70, 'unknown', 'Sq3C'),
(3411, 8, 15, NULL, 49, 'a', 1, 'D4:Q1', 71, 'unknown', 'Sq3C'),
(3412, 8, 15, NULL, 49, 'b', 1, 'D4:Q1', 71, 'unknown', 'Sq3C'),
(3413, 8, 15, NULL, 49, 'e', 1, 'D4:Q1', 71, 'unknown', 'Sq3C'),
(3414, 8, 15, NULL, 49, 'f', 1, 'D4:Q1', 71, 'unknown', 'Sq3C'),
(3415, 8, 16, NULL, 49, 'i', 1, 'D4:Q1', 71, 'unknown', 'Sq3C'),
(3416, 8, 18, NULL, 50, 'b', 1, 'D4:Q1', 73, 'H', 'Sq3C'),
(3417, 8, 18, NULL, 50, 'c', 1, 'D4:Q1', 73, 'H', 'Sq3C'),
(3418, 8, 18, NULL, 51, 'a', 1, 'D4:Q1', 76, 'H', 'Sq3C'),
(3419, 8, 19, NULL, 51, 'b', 1, 'D4:Q1', 76, 'H', 'Sq3C'),
(3420, 8, 19, NULL, 51, 'c', 1, 'D4:Q1', 76, 'H', 'Sq3C'),
(3421, 8, 28, NULL, 57, 'a', 1, 'D4:Q1', 81, 'F', 'Sq3C'),
(3422, 8, 32, NULL, 69, 'a', 1, 'D4:Q1', 106, 'unknown', 'Sq3C'),
(3423, 8, 32, NULL, 70, 'c', 1, 'D4:Q1', 106, 'unknown', 'Sq3C'),
(3424, 8, 32, NULL, 70, 'd', 1, 'D4:Q1', 106, 'unknown', 'Sq3C'),
(3425, 8, 33, NULL, 71, 'a', 1, 'D4:Q1', 107, 'unknown', 'Sq3C'),
(3426, 8, 33, NULL, 71, 'c', 1, 'D4:Q1', 107, 'unknown', 'Sq3C'),
(3427, 8, 297, NULL, 575, 'a', 1, 'D4:Q1', 356, 'L', 'Sq3C'),
(3428, 8, 301, NULL, 582, 'c', 1, 'D4:Q1', 356, 'L', 'Sq3C'),
(3429, 8, 315, NULL, 625, 'a', 1, 'D4:Q1', 365, 'unknown', 'Sq3C'),
(3430, 8, 323, NULL, 636, 'a', 1, 'D4:Q1', 368, 'L', 'Sq3C'),
(3431, 8, 347, NULL, 775, 'a', 1, 'D4:Q1', 425, 'L', 'Sq3C'),
(3432, 8, 348, NULL, 777, 'a', 1, 'D4:Q1', 427, 'L', 'Sq3C'),
(3433, 8, 348, NULL, 777, 'c', 1, 'D4:Q1', 427, 'L', 'Sq3C'),
(3434, 8, 349, NULL, 778, 'a', 1, 'D4:Q1', 428, 'L', 'Sq3C'),
(3435, 8, 350, NULL, 781, 'b', 1, 'D4:Q1', 431, 'L', 'Sq3C'),
(3436, 8, 351, NULL, 782, 'e', 1, 'D4:Q1', 432, 'L', 'Sq3C'),
(3437, 8, 356, NULL, 824, 'd', 1, 'D4:Q1', 444, 'L', 'Sq3C'),
(3438, 8, 357, NULL, 825, 'a', 1, 'D4:Q1', 446, 'L', 'Sq3C'),
(3439, 8, 361, NULL, 827, 'a', 1, 'D4:Q1', 447, 'L', 'Sq3C'),
(3440, 8, 367, NULL, 830, 'a', 1, 'D4:Q1', 448, 'L', 'Sq3C'),
(3441, 8, 367, NULL, 830, 'b', 1, 'D4:Q1', 448, 'L', 'Sq3C'),
(3442, 8, 368, NULL, 831, '', 1, 'D4:Q1', 449, 'L', 'Sq3C'),
(3443, 8, 369, NULL, 832, 'b', 1, 'D4:Q1', 450, 'L', 'Sq3C'),
(3444, 8, 376, NULL, 839, 'a', 1, 'D4:Q1', 451, 'L', 'Sq3C'),
(3445, 8, 377, NULL, 840, 'a', 1, 'D4:Q1', 451, 'L', 'Sq3C'),
(3446, 8, 380, NULL, 847, 'a', 1, 'D4:Q1', 454, 'L', 'Sq3C'),
(3447, 8, 380, NULL, 847, 'c', 1, 'D4:Q1', 454, 'L', 'Sq3C'),
(3448, 8, 381, NULL, 849, 'b', 1, 'D4:Q1', 455, 'L', 'Sq3C'),
(3449, 8, 381, NULL, 851, 'a', 1, 'D4:Q1', 455, 'L', 'Sq3C'),
(3450, 8, 386, NULL, 1539, 'a', 1, 'D4:Q1', 579, 'B', 'Sq3C'),
(3451, 8, 388, NULL, 1607, 'a', 1, 'D4:Q1', 588, 'unknown', 'Sq3C'),
(3452, 8, 391, NULL, 1609, 'a', 1, 'D4:Q1', 589, 'L', 'Sq3C'),
(3453, 8, 391, NULL, 1610, 'a', 1, 'D4:Q1', 590, 'L', 'Sq3C'),
(3454, 8, 391, NULL, 1611, 'a', 1, 'D4:Q1', 590, 'L', 'Sq3C'),
(3455, 8, 391, NULL, 1611, 'b', 1, 'D4:Q1', 590, 'L', 'Sq3C'),
(3456, 8, 393, NULL, 1613, 'a', 1, 'D4:Q1', 591, 'F', 'Sq3C'),
(3457, 8, 393, NULL, 1613, 'a', 1, 'D4:Q1', 591, 'F', 'Sq3C'),
(3458, 8, 393, NULL, 1614, 'a', 1, 'D4:Q1', 365, 'F', 'Sq3C'),
(3459, 8, 413, NULL, 1839, 'a', 1, 'D4:Q1', 652, 'unknown', 'Sq3C'),
(3460, 8, 413, NULL, 1840, 'c', 1, 'D4:Q1', 653, 'unknown', 'Sq3C'),
(3461, 4, 32, 'b', NULL, NULL, 1, 'Q1*D4', 996, 'Bo', 'Sq3C'),
(3462, 8, 320, NULL, 634, 'a', 1, 'D4:Q1:A40', 367, 'L', 'Sq4C'),
(3463, 8, 311, NULL, 618, 'a', 1, 'D4:Q1', 364, 'B', 'Sq4C'),
(3464, 8, 311, NULL, 619, 'a', 1, 'D4:Q1', 364, 'B', 'Sq4C'),
(3465, 8, 347, NULL, 775, 'a', 1, 'D4:Q1', 425, 'L', 'Sq4C'),
(3466, 8, 347, NULL, 776, 'a', 1, 'D4:Q1', 426, 'L', 'Sq4C'),
(3467, 8, 348, NULL, 777, 'a', 1, 'D4:Q1', 427, 'L', 'Sq4C'),
(3468, 8, 348, NULL, 777, 'c', 1, 'D4:Q1', 427, 'L', 'Sq4C'),
(3469, 8, 349, NULL, 778, 'a', 1, 'D4:Q1', 428, 'L', 'Sq4C'),
(3470, 8, 357, NULL, 825, 'a', 1, 'D4:Q1', 446, 'L', 'Sq4C'),
(3471, 8, 367, NULL, 830, 'a', 1, 'D4:Q1', 448, 'L', 'Sq4C'),
(3472, 8, 367, NULL, 830, 'b', 1, 'D4:Q1', 448, 'L', 'Sq4C'),
(3473, 8, 368, NULL, 831, '', 1, 'D4:Q1', 449, 'L', 'Sq4C'),
(3474, 8, 380, NULL, 847, 'a', 1, 'D4:Q1', 454, 'L', 'Sq4C'),
(3475, 8, 380, NULL, 847, 'c', 1, 'D4:Q1', 454, 'L', 'Sq4C'),
(3476, 8, 388, NULL, 1607, 'a', 1, 'D4:Q1', 588, 'unknown', 'Sq4C'),
(3477, 8, 391, NULL, 1609, 'a', 1, 'D4:Q1', 589, 'L', 'Sq4C'),
(3478, 8, 391, NULL, 1610, 'a', 1, 'D4:Q1', 590, 'L', 'Sq4C'),
(3479, 8, 391, NULL, 1611, 'a', 1, 'D4:Q1', 590, 'L', 'Sq4C'),
(3480, 8, 391, NULL, 1611, 'b', 1, 'D4:Q1', 590, 'L', 'Sq4C'),
(3481, 8, 301, NULL, 590, 'a', 1, 'D4:Q1', 357, 'B', 'Sq4C'),
(3482, 8, 305, NULL, 612, 'a', 1, 'D4:Q1', 364, 'B', 'Sq4C'),
(3483, 8, 323, NULL, 636, 'a', 1, 'D4:Q1', 368, 'L', 'Sq4C'),
(3484, 8, 349, NULL, 778, 'a', 1, 'D4:Q1', 428, 'L', 'Sq5C'),
(3485, 8, 357, NULL, 825, 'a', 1, 'D4:Q1', 446, 'L', 'Sq5C'),
(3486, 8, 380, NULL, 847, 'a', 1, 'D4:Q1', 454, 'L', 'Sq5C'),
(3487, 8, 380, NULL, 847, 'c', 1, 'D4:Q1', 454, 'L', 'Sq5C'),
(3488, 8, 388, NULL, 1607, 'a', 1, 'D4:Q1', 588, 'unknown', 'Sq5C'),
(3489, 8, 391, NULL, 1609, 'a', 1, 'D4:Q1', 589, 'L', 'Sq5C'),
(3490, 8, 391, NULL, 1610, 'a', 1, 'D4:Q1', 590, 'L', 'Sq5C'),
(3491, 8, 391, NULL, 1611, 'a', 1, 'D4:Q1', 590, 'L', 'Sq5C'),
(3492, 4, 28, 'e', NULL, NULL, 1, 'Q1:D4:A40', 994, 'Bo', 'Sq6C'),
(3493, 4, 37, 'f', NULL, NULL, 1, 'Q1:D4:A40', 1000, 'Bo', 'Sq6C'),
(3494, 2, 52, 'b', NULL, NULL, 1, 'D4:Q1', 800, 'Bo', 'Sq6C'),
(3495, 2, 52, 'd', NULL, NULL, 1, 'D4:Q1', 800, 'Bo', 'Sq6C'),
(3496, 2, 52, 'd', NULL, NULL, 1, 'D4:Q1', 800, 'Bo', 'Sq6C'),
(3497, 2, 52, 'f', NULL, NULL, 1, 'D4:Q1', 800, 'Bo', 'Sq6C'),
(3498, 2, 53, 'a', NULL, NULL, 1, 'D4:Q1', 801, 'unknown', 'Sq6C'),
(3499, 2, 53, 'b', NULL, NULL, 1, 'D4:Q1', 801, 'unknown', 'Sq6C'),
(3500, 2, 53, 'c', NULL, NULL, 1, 'D4:Q1', 801, 'unknown', 'Sq6C'),
(3501, 4, 6, 'c', NULL, NULL, 1, 'D4:Q1', 983, 'Bo', 'Sq6C'),
(3502, 4, 7, 'e', NULL, NULL, 1, 'D4:Q1', 983, 'Bo', 'Sq6C'),
(3503, 4, 7, 'h', NULL, NULL, 1, 'D4:Q1', 983, 'Bo', 'Sq6C'),
(3504, 4, 28, 'a', NULL, NULL, 1, 'D4:Q1', 994, 'Bo', 'Sq6C'),
(3505, 4, 28, 'c', NULL, NULL, 1, 'D4:Q1', 994, 'Bo', 'Sq6C'),
(3506, 4, 28, 'f', NULL, NULL, 1, 'D4:Q1', 994, 'Bo', 'Sq6C'),
(3507, 4, 28, 'm', NULL, NULL, 1, 'D4:Q1', 994, 'Bo', 'Sq6C'),
(3508, 4, 29, 'a', NULL, NULL, 1, 'D4:Q1', 994, 'Bo', 'Sq6C'),
(3509, 4, 29, 'b', NULL, NULL, 1, 'D4:Q1', 994, 'Bo', 'Sq6C'),
(3510, 4, 29, 'c', NULL, NULL, 1, 'D4:Q1', 994, 'Bo', 'Sq6C'),
(3511, 4, 29, 'd', NULL, NULL, 1, 'D4:Q1', 994, 'Bo', 'Sq6C'),
(3512, 4, 29, 'f', NULL, NULL, 1, 'D4:Q1', 994, 'Bo', 'Sq6C'),
(3513, 4, 30, 'c', NULL, NULL, 1, 'D4:Q1', 995, 'Bo', 'Sq6C'),
(3514, 4, 30, 'd', NULL, NULL, 1, 'D4:Q1', 995, 'Bo', 'Sq6C'),
(3515, 4, 30, 'e', NULL, NULL, 1, 'D4:Q1', 995, 'Bo', 'Sq6C'),
(3516, 4, 30, 'f', NULL, NULL, 1, 'D4:Q1', 995, 'Bo', 'Sq6C'),
(3517, 4, 30, 'h', NULL, NULL, 1, 'D4:Q1', 995, 'Bo', 'Sq6C'),
(3518, 4, 31, 'c', NULL, NULL, 1, 'D4:Q1', 996, 'Bo', 'Sq6C'),
(3519, 4, 31, 'd', NULL, NULL, 1, 'D4:Q1', 996, 'Bo', 'Sq6C'),
(3520, 4, 31, 'e', NULL, NULL, 1, 'D4:Q1', 996, 'Bo', 'Sq6C'),
(3521, 4, 31, 'h', NULL, NULL, 1, 'D4:Q1', 996, 'Bo', 'Sq6C'),
(3522, 4, 31, 'j', NULL, NULL, 1, 'D4:Q1', 996, 'Bo', 'Sq6C'),
(3523, 4, 32, 'b', NULL, NULL, 1, 'D4:Q1', 996, 'Bo', 'Sq6C'),
(3524, 4, 32, 'd', NULL, NULL, 1, 'D4:Q1', 996, 'Bo', 'Sq6C'),
(3525, 4, 32, 'f', NULL, NULL, 1, 'D4:Q1', 996, 'Bo', 'Sq6C'),
(3526, 4, 32, 'g', NULL, NULL, 1, 'D4:Q1', 996, 'Bo', 'Sq6C'),
(3527, 4, 33, 'c', NULL, NULL, 1, 'D4:Q1', 997, 'Bo', 'Sq6C'),
(3528, 4, 33, 'd', NULL, NULL, 1, 'D4:Q1', 997, 'Bo', 'Sq6C'),
(3529, 4, 33, 'f', NULL, NULL, 1, 'D4:Q1', 997, 'Bo', 'Sq6C'),
(3530, 4, 34, 'b', NULL, NULL, 1, 'D4:Q1', 998, 'Bo', 'Sq6C'),
(3531, 4, 35, 'b', NULL, NULL, 1, 'D4:Q1', 999, 'Bo', 'Sq6C'),
(3532, 4, 35, 'f', NULL, NULL, 1, 'D4:Q1', 999, 'Bo', 'Sq6C'),
(3533, 4, 35, 'g', NULL, NULL, 1, 'D4:Q1', 999, 'Bo', 'Sq6C'),
(3534, 4, 35, 'h', NULL, NULL, 1, 'D4:Q1', 999, 'Bo', 'Sq6C'),
(3535, 4, 35, 'k', NULL, NULL, 1, 'D4:Q1', 999, 'Bo', 'Sq6C'),
(3536, 4, 35, 'o', NULL, NULL, 1, 'D4:Q1', 999, 'Bo', 'Sq6C'),
(3537, 4, 36, 'a', NULL, NULL, 1, 'D4:Q1', 1000, 'Bo', 'Sq6C'),
(3538, 4, 36, 'd', NULL, NULL, 1, 'D4:Q1', 1000, 'Bo', 'Sq6C'),
(3539, 4, 37, 'c', NULL, NULL, 1, 'D4:Q1', 1000, 'Bo', 'Sq6C'),
(3540, 4, 37, 'd', NULL, NULL, 1, 'D4:Q1', 1000, 'Bo', 'Sq6C'),
(3541, 4, 37, 'e', NULL, NULL, 1, 'D4:Q1', 1000, 'Bo', 'Sq6C'),
(3542, 4, 37, 'j', NULL, NULL, 1, 'D4:Q1', 1000, 'Bo', 'Sq6C'),
(3543, 4, 37, 'l', NULL, NULL, 1, 'D4:Q1', 1000, 'Bo', 'Sq6C'),
(3544, 4, 37, 'm', NULL, NULL, 1, 'D4:Q1', 1000, 'Bo', 'Sq6C'),
(3545, 4, 37, 'n', NULL, NULL, 1, 'D4:Q1', 1000, 'Bo', 'Sq6C'),
(3546, 4, 37, 'n', NULL, NULL, 1, 'D4:Q1', 1000, 'Bo', 'Sq6C'),
(3547, 4, 37, 'o', NULL, NULL, 1, 'D4:Q1', 1000, 'Bo', 'Sq6C'),
(3548, 4, 164, 'd', NULL, NULL, 1, 'D4:Q1', 1042, 'Fr', 'Sq6C'),
(3549, 4, 164, 'e', NULL, NULL, 1, 'D4:Q1', 1042, 'Fr', 'Sq6C'),
(3550, 4, 164, 'g', NULL, NULL, 1, 'D4:Q1', 1042, 'Fr', 'Sq6C'),
(3551, 4, 164, 'i', NULL, NULL, 1, 'D4:Q1', 1042, 'Fr', 'Sq6C'),
(3552, 4, 164, 'j', NULL, NULL, 1, 'D4:Q1', 1042, 'Fr', 'Sq6C'),
(3553, 6, 199, 'a', NULL, NULL, 1, 'D4:Q1', 1297, 'unknown', 'Sq6C'),
(3554, 6, 199, 'b', NULL, NULL, 1, 'D4:Q1', 1297, 'unknown', 'Sq6C'),
(3555, 6, 199, 'c', NULL, NULL, 1, 'D4:Q1', 1297, 'unknown', 'Sq6C'),
(3556, 6, 199, 'e', NULL, NULL, 1, 'D4:Q1', 1297, 'unknown', 'Sq6C'),
(3557, 6, 199, 'f', NULL, NULL, 1, 'D4:Q1', 1297, 'unknown', 'Sq6C'),
(3558, 6, 202, 'c', NULL, NULL, 1, 'D4:Q1', 1299, 'Bo', 'Sq6C'),
(3559, 6, 202, 'd', NULL, NULL, 1, 'D4:Q1', 1299, 'Bo', 'Sq6C'),
(3560, 6, 202, 'f', NULL, NULL, 1, 'D4:Q1', 1299, 'Bo', 'Sq6C'),
(3561, 6, 203, 'e', NULL, NULL, 1, 'D4:Q1', 1299, 'Bo', 'Sq6C'),
(3562, 6, 203, 'f', NULL, NULL, 1, 'D4:Q1', 1299, 'Bo', 'Sq6C'),
(3563, 6, 203, 'i', NULL, NULL, 1, 'D4:Q1', 1299, 'Bo', 'Sq6C'),
(3564, 6, 204, 'c', NULL, NULL, 1, 'D4:Q1', 1299, 'Bo', 'Sq6C'),
(3565, 6, 204, 'd', NULL, NULL, 1, 'D4:Q1', 1299, 'Bo', 'Sq6C'),
(3566, 6, 204, 'i', NULL, NULL, 1, 'D4:Q1', 1299, 'Bo', 'Sq6C'),
(3567, 6, 204, 'k', NULL, NULL, 1, 'D4:Q1', 1299, 'Bo', 'Sq6C'),
(3568, 6, 251, 'a', NULL, NULL, 1, 'D4:Q1', 1344, 'B', 'Sq6C'),
(3569, 6, 252, 'c', NULL, NULL, 1, 'D4:Q1', 1344, 'B', 'Sq6C'),
(3570, 6, 253, 'a', NULL, NULL, 1, 'D4:Q1', 1345, 'Fr', 'Sq6C'),
(3571, 6, 254, 'p', NULL, NULL, 1, 'D4:Q1', 1345, 'Fr', 'Sq6C'),
(3572, 6, 254, 'q', NULL, NULL, 1, 'D4:Q1', 1345, 'Fr', 'Sq6C'),
(3573, 6, 254, 'r', NULL, NULL, 1, 'D4:Q1', 1345, 'Fr', 'Sq6C'),
(3574, 6, 254, 't', NULL, NULL, 1, 'D4:Q1', 1345, 'Fr', 'Sq6C'),
(3575, 6, 254, 'u', NULL, NULL, 1, 'D4:Q1', 1345, 'Fr', 'Sq6C'),
(3576, 6, 255, 'a', NULL, NULL, 1, 'D4:Q1', 1347, 'B', 'Sq6C'),
(3577, 6, 255, 'd', NULL, NULL, 1, 'D4:Q1', 1347, 'B', 'Sq6C'),
(3578, 6, 255, 'e', NULL, NULL, 1, 'D4:Q1', 1347, 'B', 'Sq6C'),
(3579, 6, 255, 'i', NULL, NULL, 1, 'D4:Q1', 1347, 'B', 'Sq6C'),
(3580, 6, 265, 'i', NULL, NULL, 1, 'D4:Q1', 1359, 'B', 'Sq6C'),
(3581, 6, 265, 'k', NULL, NULL, 1, 'D4:Q1', 1359, 'B', 'Sq6C'),
(3582, 7, 50, 'd', NULL, NULL, 1, 'D4:Q1', 1560, 'B', 'Sq6C'),
(3583, 7, 50, 'l', NULL, NULL, 1, 'D4:Q1', 1560, 'B', 'Sq6C'),
(3584, 7, 50, 'd', NULL, NULL, 1, 'D4:Q1', 1560, 'B', 'Sq6C'),
(3585, 7, 50, 'n', NULL, NULL, 1, 'D4:Q1', 1560, 'B', 'Sq6C'),
(3586, 7, 50, 'r', NULL, NULL, 1, 'D4:Q1', 1560, 'B', 'Sq6C'),
(3587, 7, 50, 's', NULL, NULL, 1, 'D4:Q1', 1560, 'B', 'Sq6C'),
(3588, 7, 50, 't', NULL, NULL, 1, 'D4:Q1', 1560, 'B', 'Sq6C'),
(3589, 7, 51, 'j', NULL, NULL, 1, 'D4:Q1', 1561, 'B', 'Sq6C'),
(3590, 7, 51, 'q', NULL, NULL, 1, 'D4:Q1', 1561, 'B', 'Sq6C'),
(3591, 7, 51, 'r', NULL, NULL, 1, 'D4:Q1', 1561, 'B', 'Sq6C'),
(3592, 7, 51, 'u', NULL, NULL, 1, 'D4:Q1', 1561, 'B', 'Sq6C'),
(3593, 7, 51, 'v', NULL, NULL, 1, 'D4:Q1', 1561, 'B', 'Sq6C'),
(3594, 7, 52, 'b', NULL, NULL, 1, 'D4:Q1', 1562, 'B', 'Sq6C'),
(3595, 7, 54, 'e', NULL, NULL, 1, 'D4:Q1', 1564, 'B', 'Sq6C'),
(3596, 7, 54, 'o', NULL, NULL, 1, 'D4:Q1', 1564, 'B', 'Sq6C'),
(3597, 7, 55, 'b', NULL, NULL, 1, 'D4:Q1', 1566, 'Bo', 'Sq6C'),
(3598, 7, 55, 'd', NULL, NULL, 1, 'D4:Q1', 1566, 'Bo', 'Sq6C'),
(3599, 7, 56, 'd', NULL, NULL, 1, 'D4:Q1', 1567, 'Bo', 'Sq6C'),
(3600, 7, 56, 'f', NULL, NULL, 1, 'D4:Q1', 1567, 'Bo', 'Sq6C'),
(3601, 7, 56, 'h', NULL, NULL, 1, 'D4:Q1', 1567, 'Bo', 'Sq6C'),
(3602, 7, 56, 'q', NULL, NULL, 1, 'D4:Q1', 1567, 'Bo', 'Sq6C'),
(3603, 7, 57, 'a', NULL, NULL, 1, 'D4:Q1', 1568, 'Bo', 'Sq6C'),
(3604, 7, 57, 'c', NULL, NULL, 1, 'D4:Q1', 1568, 'Bo', 'Sq6C'),
(3605, 7, 58, 'a', NULL, NULL, 1, 'D4:Q1', 1570, 'unknown', 'Sq6C'),
(3606, 7, 58, 'c', NULL, NULL, 1, 'D4:Q1', 1570, 'unknown', 'Sq6C'),
(3607, 7, 58, 'e', NULL, NULL, 1, 'D4:Q1', 1570, 'unknown', 'Sq6C'),
(3608, 8, 13, NULL, 43, 'a', 1, 'D4:Q1', 62, 'unknown', 'Sq6C'),
(3609, 8, 18, NULL, 50, 'b', 1, 'D4:Q1', 73, 'H', 'Sq6C'),
(3610, 8, 18, NULL, 50, 'c', 1, 'D4:Q1', 73, 'H', 'Sq6C'),
(3611, 8, 18, NULL, 51, 'a', 1, 'D4:Q1', 76, 'H', 'Sq6C'),
(3612, 8, 19, NULL, 51, 'b', 1, 'D4:Q1', 76, 'H', 'Sq6C'),
(3613, 8, 19, NULL, 51, 'c', 1, 'D4:Q1', 76, 'H', 'Sq6C'),
(3614, 8, 20, NULL, 52, 'b', 1, 'D4:Q1', 77, 'H', 'Sq6C'),
(3615, 8, 33, NULL, 71, 'a', 1, 'D4:Q1', 107, 'unknown', 'Sq6C'),
(3616, 8, 33, NULL, 71, 'c', 1, 'D4:Q1', 107, 'unknown', 'Sq6C'),
(3617, 8, 320, NULL, 634, 'a', 1, 'D4:Q1', 367, 'L', 'Sq6C'),
(3618, 8, 321, NULL, 635, 'a', 1, 'D4:Q1', 367, 'L', 'Sq6C'),
(3619, 8, 323, NULL, 636, 'a', 1, 'D4:Q1', 368, 'L', 'Sq6C'),
(3620, 8, 347, NULL, 775, 'a', 1, 'D4:Q1', 425, 'L', 'Sq6C'),
(3621, 8, 347, NULL, 776, 'a', 1, 'D4:Q1', 426, 'L', 'Sq6C'),
(3622, 8, 348, NULL, 777, 'a', 1, 'D4:Q1', 427, 'L', 'Sq6C'),
(3623, 8, 348, NULL, 777, 'c', 1, 'D4:Q1', 427, 'L', 'Sq6C'),
(3624, 8, 349, NULL, 778, 'a', 1, 'D4:Q1', 428, 'L', 'Sq6C'),
(3625, 8, 350, NULL, 779, 'c', 1, 'D4:Q1', 429, 'L', 'Sq6C'),
(3626, 8, 350, NULL, 781, 'b', 1, 'D4:Q1', 431, 'L', 'Sq6C'),
(3627, 8, 351, NULL, 782, 'e', 1, 'D4:Q1', 432, 'L', 'Sq6C'),
(3628, 8, 355, NULL, 823, 'e', 1, 'D4:Q1', 433, 'L', 'Sq6C'),
(3629, 8, 356, NULL, 824, 'd', 1, 'D4:Q1', 444, 'L', 'Sq6C'),
(3630, 8, 357, NULL, 825, 'a', 1, 'D4:Q1', 446, 'L', 'Sq6C'),
(3631, 8, 361, NULL, 827, 'a', 1, 'D4:Q1', 447, 'L', 'Sq6C'),
(3632, 8, 368, NULL, 831, '', 1, 'D4:Q1', 449, 'L', 'Sq6C'),
(3633, 8, 369, NULL, 832, 'b', 1, 'D4:Q1', 450, 'L', 'Sq6C'),
(3634, 8, 369, NULL, 832, 'b', 1, 'D4:Q1', 450, 'L', 'Sq6C'),
(3635, 8, 374, NULL, 837, 'a', 1, 'D4:Q1', 451, 'L', 'Sq6C'),
(3636, 8, 375, NULL, 838, 'a', 1, 'D4:Q1', 451, 'L', 'Sq6C'),
(3637, 8, 375, NULL, 838, 'b', 1, 'D4:Q1', 451, 'L', 'Sq6C'),
(3638, 8, 376, NULL, 839, 'a', 1, 'D4:Q1', 451, 'L', 'Sq6C'),
(3639, 8, 376, NULL, 839, 'a', 1, 'D4:Q1', 451, 'L', 'Sq6C'),
(3640, 8, 377, NULL, 840, 'a', 1, 'D4:Q1', 451, 'L', 'Sq6C'),
(3641, 8, 377, NULL, 840, 'c', 1, 'D4:Q1', 451, 'L', 'Sq6C'),
(3642, 8, 380, NULL, 847, 'a', 1, 'D4:Q1', 454, 'L', 'Sq6C'),
(3643, 8, 386, NULL, 1539, 'a', 1, 'D4:Q1', 579, 'Fr', 'Sq6C'),
(3644, 8, 387, NULL, 1541, 'c', 1, 'D4:Q1', 579, 'Fr', 'Sq6C'),
(3645, 8, 388, NULL, 1607, 'a', 1, 'D4:Q1', 588, 'unknown', 'Sq6C'),
(3646, 8, 391, NULL, 1609, 'a', 1, 'D4:Q1', 589, 'L', 'Sq6C'),
(3647, 8, 391, NULL, 1610, 'a', 1, 'D4:Q1', 590, 'L', 'Sq6C'),
(3648, 8, 391, NULL, 1611, 'a', 1, 'D4:Q1', 590, 'L', 'Sq6C'),
(3649, 8, 391, NULL, 1611, 'b', 1, 'D4:Q1', 590, 'L', 'Sq6C'),
(3650, 8, 349, NULL, 778, 'a', 1, 'D4:Q1', 428, 'Fr', 'Sq7C'),
(3651, 8, 58, NULL, 136, 'a', 1, 'Q1:D4:A40', 214, 'L', 'Sq9C'),
(3652, 8, 395, NULL, 1627, 'a', 1, 'Q1:D4:A40', 593, 'B', 'Sq9C'),
(3653, 8, 76, NULL, 140, 'a', 1, 'A43', 215, 'L', 'Sq9C'),
(3654, 1, 11, 'a', NULL, NULL, 1, 'D4:Q1', 718, 'unknown', 'Sq9C'),
(3655, 8, 47, NULL, 134, 'a', 1, 'D4:Q1', 213, 'L', 'Sq9C'),
(3656, 6, 122, 'g', NULL, NULL, 1, 'Q1:D4:A40', 1244, 'L', 'Sq10C'),
(3657, 8, 361, NULL, 827, 'a', 1, 'Q1:D4:A40', 447, 'Bo & L', 'Sq10C'),
(3658, 8, 388, NULL, 1607, 'a', 1, 'Q1:D4:A40', 588, 'unknown', 'Sq10C'),
(3659, 8, 395, NULL, 1627, 'a', 1, 'Q1:D4:A40', 593, 'Bo', 'Sq10C'),
(3660, 8, 376, NULL, 839, 'b', 1, 'D4:Q1', 451, 'Bo', 'Sq10C'),
(3661, 8, 395, NULL, 1627, 'a', 1, 'D4:Q1', 593, 'Bo', 'Sq10C'),
(3662, 8, 395, NULL, 1627, 'a', 1, 'D4:Q1', 593, 'Bo', 'Sq10C'),
(3663, 5, 22, 'd', NULL, NULL, 1, 'Q1:D4:A40', 1076, 'L', 'Sq11C'),
(3664, 8, 361, NULL, 827, 'a', 1, 'D4:Q1', 447, 'L', 'Sq12C'),
(3665, 8, 388, NULL, 1607, 'a', 1, 'D4:Q1', 588, 'unknown', 'Sq12C'),
(3666, 8, 304, NULL, 609, 'a', 1, 'Q1:D4:A40', 364, 'L', 'Sq13C'),
(3667, 8, 305, NULL, 612, 'a', 1, 'Q1:D4:A40', 364, 'L', 'Sq13C'),
(3668, 8, 311, NULL, 618, 'a', 1, 'D4:Q1', 364, 'L', 'Sq13C'),
(3669, 8, 311, NULL, 619, 'a', 1, 'D4:Q1', 364, 'unknown', 'Sq13C'),
(3670, 8, 357, NULL, 825, 'a', 1, 'D4:Q1', 446, 'L', 'Sq13C'),
(3671, 8, 361, NULL, 827, 'a', 1, 'D4:Q1', 447, 'L', 'Sq13C'),
(3672, 8, 388, NULL, 1607, 'a', 1, 'D4:Q1', 588, 'unknown', 'Sq13C'),
(3673, 8, 361, NULL, 827, 'a', 1, 'Q1:D4:A40', 447, 'L', 'Sq1Ch'),
(3674, 8, 325, NULL, 638, 'a', 1, 'D4:Q1', 368, 'L', 'Sq1Ch'),
(3675, 8, 325, NULL, 638, 'a', 1, 'D4:Q1', 368, 'unknown', 'Sq1Cop'),
(3676, 7, 62, 'h', NULL, NULL, 1, 'D4:Q1', 1573, 'X (E)', 'Sq1Sq'),
(3677, 7, 62, 'j', NULL, NULL, 1, 'D4:Q1', 1573, 'X (E)', 'Sq1Sq'),
(3678, 7, 62, 'k', NULL, NULL, 1, 'D4:Q1', 1573, 'X (E)', 'Sq1Sq'),
(3679, 7, 62, 'm', NULL, NULL, 1, 'D4:Q1', 1573, 'X (E)', 'Sq1Sq'),
(3680, 7, 62, 'n', NULL, NULL, 1, 'D4:Q1', 1573, 'X (E)', 'Sq1Sq'),
(3681, 7, 62, 'q', NULL, NULL, 1, 'D4:Q1', 1573, 'X (E)', 'Sq1Sq'),
(3682, 7, 62, 'r', NULL, NULL, 1, 'D4:Q1', 1573, 'X (E)', 'Sq1Sq'),
(3683, 7, 62, 'aa', NULL, NULL, 1, 'D4:Q1', 1573, 'X (E)', 'Sq1Sq'),
(3684, 8, 14, NULL, 48, 'b', 1, 'D4:Q1', 70, 'unknown', 'Sq1Sq'),
(3685, 8, 15, NULL, 49, 'a', 1, 'D4:Q1', 71, 'unknown', 'Sq1Sq'),
(3686, 8, 15, NULL, 49, 'b', 1, 'D4:Q1', 71, 'unknown', 'Sq1Sq'),
(3687, 8, 15, NULL, 49, 'e', 1, 'D4:Q1', 71, 'unknown', 'Sq1Sq'),
(3688, 8, 15, NULL, 49, 'f', 1, 'D4:Q1', 71, 'unknown', 'Sq1Sq'),
(3689, 8, 17, NULL, 49, 'w', 1, 'D4:Q1', 71, 'unknown', 'Sq1Sq'),
(3690, 8, 395, NULL, 1627, 'a', 1, 'D4:Q1', 593, 'unknown', 'Sq3Sq'),
(3691, 8, 318, NULL, 631, 'b', 1, 'D4:Q1', 366, 'unknown', 'Sq5Sq'),
(3692, 8, 3, NULL, 3, 'd', 1, 'Q1*D4', 4, 'unknown', 'Sq1X'),
(3694, 8, 155, NULL, 165, 'a', 1, 'D4:Q1', 218, 'unknown', 'T1Be'),
(3695, 8, 155, NULL, 165, 'b', 1, 'D4:Q1', 218, 'unknown', 'T1Be'),
(3696, 8, 156, NULL, 165, 'd', 1, 'D4:Q1', 218, 'unknown', 'T1Be'),
(3697, 8, 156, NULL, 166, 'a', 1, 'D4:Q1', 218, 'unknown', 'T1Be'),
(3698, 8, 368, NULL, 831, '', 1, 'D4:Q1', 449, 'H', 'T1Be'),
(3699, 7, 23, 'k', NULL, NULL, 1, 'Q1*D4', 1537, 'B', 'T1Be'),
(3700, 7, 28, 'h', NULL, NULL, 1, 'D4:(Q1*Z1)', 1542, 'unknown', 'T1Be'),
(3701, 4, 335, 'b', NULL, NULL, 1, 'D4:Q1:A40', 1052, 'L', 'T2Be'),
(3702, 7, 31, 'o', NULL, NULL, 1, 'D4:Q1:A40', 1545, 'Fr', 'T2Be'),
(3703, 8, 6, NULL, 18, 'a', 1, 'D4:Q1', 25, 'Fr', 'T2Be'),
(3704, 7, 31, 'o', NULL, NULL, 1, 'Q1:D4:A40', 1545, 'Fr', 'T3Be'),
(3705, 8, 287, NULL, 472, 'a', 1, 'Q1:D4:A40', 305, 'B', 'T3Be'),
(3706, 7, 31, 'l', NULL, NULL, 1, 'D4:Q1', 1545, 'Fr', 'T3Be'),
(3707, 8, 58, NULL, 136, 'a', 1, 'Q1:D4:A40', 214, 'Fr', 'T4Be'),
(3708, 8, 405, NULL, 1800, 'b', 1, 'Q1:D4:A40', 637, 'H', 'T4Be'),
(3709, 1, 305, 'g', NULL, NULL, 1, 'Q1:D4:A40', 787, 'H', 'T1C'),
(3710, 1, 275, 'c', NULL, NULL, 1, 'D4:Q1', 778, 'H', 'T1C'),
(3711, 1, 280, 'b', NULL, NULL, 1, 'D4:Q1', 780, 'H', 'T1C'),
(3712, 1, 282, 'i', NULL, NULL, 1, 'D4:Q1', 781, 'H', 'T1C'),
(3713, 1, 284, 'a', NULL, NULL, 1, 'D4:Q1', 781, 'H', 'T1C'),
(3714, 1, 291, 'c', NULL, NULL, 1, 'D4:Q1', 782, 'H', 'T1C'),
(3715, 1, 291, 'h', NULL, NULL, 1, 'D4:Q1', 782, 'H', 'T1C'),
(3716, 1, 298, 'a', NULL, NULL, 1, 'D4:Q1', 786, 'H', 'T1C'),
(3717, 1, 298, 'j', NULL, NULL, 1, 'D4:Q1', 786, 'H', 'T1C'),
(3718, 6, 122, 'g', NULL, NULL, 1, 'D4:Q1', 1244, 'Fr', 'T1C'),
(3719, 7, 34, 'l', NULL, NULL, 1, 'D4:Q1', 1547, 'F', 'T1C'),
(3720, 7, 36, 'a', NULL, NULL, 1, 'D4:Q1', 1550, 'unknown', 'T1C'),
(3721, 7, 49, 'b', NULL, NULL, 1, 'D4:Q1', 1559, 'Fr', 'T1C'),
(3722, 8, 6, NULL, 18, 'a', 1, 'D4:Q1', 25, 'Fr', 'T1C'),
(3723, 8, 320, NULL, 634, 'a', 1, 'D4:Q1', 367, 'F', 'T1C'),
(3724, 8, 349, NULL, 778, 'a', 1, 'D4:Q1', 428, 'F', 'T1C'),
(3725, 8, 357, NULL, 825, 'a', 1, 'D4:Q1', 446, 'F', 'T1C'),
(3726, 8, 365, NULL, 829, 'c', 1, 'D4:Q1', 447, 'Fr', 'T1C'),
(3727, 8, 368, NULL, 831, '', 1, 'D4:Q1', 449, 'F', 'T1C'),
(3728, 8, 369, NULL, 832, 'b', 1, 'D4:Q1', 450, 'F', 'T1C'),
(3729, 8, 369, NULL, 832, 'b', 1, 'D4:Q1', 450, 'F', 'T1C'),
(3730, 8, 376, NULL, 839, 'a', 1, 'D4:Q1', 451, 'F', 'T1C'),
(3731, 8, 378, NULL, 841, 'a', 1, 'D4:Q1', 452, 'F', 'T1C'),
(3732, 8, 379, NULL, 844, 'a', 1, 'D4:Q1', 453, 'F', 'T1C'),
(3733, 8, 379, NULL, 846, 'a', 1, 'D4:Q1', 453, 'F', 'T1C'),
(3734, 8, 388, NULL, 1607, 'a', 1, 'D4:Q1', 588, 'unknown', 'T1C'),
(3735, 8, 393, NULL, 1614, 'a', 1, 'D4:Q1', 365, 'Fr', 'T1C'),
(3736, 8, 405, NULL, 1800, 'b', 1, 'D4:Q1', 637, 'Fr', 'T1C'),
(3737, 8, 406, NULL, 1805, 'a', 1, 'D4:Q1', 638, 'unknown', 'T1C'),
(3738, 8, 406, NULL, 1806, 'a', 1, 'D4:Q1', 638, 'unknown', 'T1C'),
(3739, 8, 406, NULL, 1806, 'b', 1, 'D4:Q1', 638, 'unknown', 'T1C'),
(3740, 8, 406, NULL, 1808, 'b', 1, 'D4:Q1', 639, 'unknown', 'T1C'),
(3741, 8, 407, NULL, 1807, 'b', 1, 'D4:Q1', 639, 'unknown', 'T1C'),
(3742, 8, 407, NULL, 1807, 'b', 1, 'D4:Q1', 639, 'unknown', 'T1C'),
(3743, 8, 407, NULL, 1807, 'c', 1, 'D4:Q1', 639, 'unknown', 'T1C'),
(3744, 8, 407, NULL, 1808, 'a', 1, 'D4:Q1', 639, 'unknown', 'T1C'),
(3745, 8, 407, NULL, 1808, 'b', 1, 'D4:Q1', 639, 'unknown', 'T1C'),
(3746, 8, 407, NULL, 1809, 'a', 1, 'D4:Q1', 639, 'unknown', 'T1C'),
(3747, 8, 407, NULL, 1809, 'b', 1, 'D4:Q1', 639, 'unknown', 'T1C'),
(3748, 8, 414, NULL, 1973, 'a', 1, 'D4:Q1', 670, 'F & H', 'T1C'),
(3749, 1, 44, 'e', NULL, NULL, 1, 'Q1:D4:A40', 728, 'Bo', 'T2C'),
(3750, 1, 52, 'b', NULL, NULL, 1, 'Q1:D4:A40', 731, 'Bo', 'T2C'),
(3751, 1, 291, 'h', NULL, NULL, 1, 'Q1:D4:A40', 782, 'Fr', 'T2C'),
(3752, 1, 298, 'j', NULL, NULL, 1, 'Q1:D4:A40', 786, 'F & Fr', 'T2C'),
(3753, 1, 305, 'g', NULL, NULL, 1, 'Q1:D4:A40', 787, 'H', 'T2C'),
(3754, 6, 353, 'a', NULL, NULL, 1, 'Q1:D4:A40', 1437, 'Bo', 'T2C'),
(3755, 1, 275, 'c', NULL, NULL, 1, 'Q1:D4:(A40*Z1)', 778, 'B', 'T2C'),
(3756, 1, 277, 'i', NULL, NULL, 1, 'Q1:D4:(A40*Z1)', 779, 'B', 'T2C'),
(3757, 8, 18, NULL, 50, 'b', 1, 'Q1:D4:(A40*Z1)', 73, 'H', 'T2C'),
(3758, 8, 18, NULL, 50, 'c', 1, 'Q1:D4:(A40*Z1)', 73, 'H', 'T2C'),
(3759, 1, 49, 'c', NULL, NULL, 1, 'D4:Q1', 730, 'Bo', 'T2C'),
(3760, 3, 299, 'a', NULL, NULL, 1, 'D4:Q1', 945, 'H', 'T3C'),
(3761, 6, 410, 'a', NULL, NULL, 1, 'Q2:D4', 1491, 'H', 'T6C'),
(3762, 6, 410, 'd', NULL, NULL, 1, 'Q2:D4', 1491, 'H', 'T6C'),
(3763, 6, 410, 'f', NULL, NULL, 1, 'Q2:D4', 1492, 'F', 'T6C'),
(3764, 6, 411, 'a', NULL, NULL, 1, 'Q2:D4', 1493, 'B', 'T6C'),
(3765, 6, 411, 'd', NULL, NULL, 1, 'Q2:D4', 1491, 'B', 'T6C'),
(3766, 6, 411, 'h', NULL, NULL, 1, 'Q2:D4', 1494, 'B', 'T6C'),
(3767, 6, 412, 'a', NULL, NULL, 1, 'Q2:D4', 1495, 'B', 'T6C'),
(3768, 6, 412, 'h', NULL, NULL, 1, 'Q2:D4', 1496, 'B', 'T6C'),
(3769, 6, 413, 'a', NULL, NULL, 1, 'Q2:D4', 1497, 'Fr', 'T6C'),
(3770, 6, 413, 'c', NULL, NULL, 1, 'Q2:D4', 1497, 'Fr', 'T6C'),
(3771, 6, 413, 'g', NULL, NULL, 1, 'Q2:D4', 1497, 'Fr', 'T6C'),
(3772, 6, 413, 'h', NULL, NULL, 1, 'Q2:D4', 1497, 'Fr', 'T6C'),
(3773, 6, 413, 'j', NULL, NULL, 1, 'Q2:D4', 1497, 'Fr', 'T6C'),
(3774, 6, 413, 'l', NULL, NULL, 1, 'Q2:D4', 1497, 'Fr', 'T6C'),
(3775, 6, 414, 'b', NULL, NULL, 1, 'Q2:D4', 1498, 'L', 'T6C'),
(3776, 6, 414, 'i', NULL, NULL, 1, 'Q2:D4', 1498, 'L', 'T6C'),
(3777, 6, 414, 'j', NULL, NULL, 1, 'Q2:D4', 1499, 'L', 'T6C'),
(3778, 6, 414, 'n', NULL, NULL, 1, 'Q2:D4', 1499, 'L', 'T6C'),
(3779, 6, 414, 'u', NULL, NULL, 1, 'Q2:D4', 1499, 'L', 'T6C'),
(3780, 8, 269, NULL, 266, 'a', 1, 'Q2:D4', 249, 'Fr', 'T7C'),
(3781, 1, 7, 'b', NULL, NULL, 1, 'Q1:D4:A40', 715, 'F', 'T9C'),
(3782, 1, 81, 'd', NULL, NULL, 1, 'Q1:D4:A40', 743, 'F', 'T9C'),
(3783, 8, 146, NULL, 161, 'a', 1, 'Q1:D4:A40', 218, 'Fr', 'T9C'),
(3784, 8, 158, NULL, 167, 'a', 1, 'Q1:D4:A40', 219, 'Fr & B', 'T9C'),
(3785, 1, 38, 'b', NULL, NULL, 1, 'Q1:D4:(A40*Z1)', 726, 'B', 'T9C'),
(3786, 1, 38, 'b', NULL, NULL, 1, 'Q1:D4:(A40*Z1)', 726, 'B', 'T9C'),
(3787, 1, 79, 'a', NULL, NULL, 1, 'Q1:D4:(A40*Z1)', 741, 'B', 'T9C'),
(3788, 1, 275, 'c', NULL, NULL, 1, 'Q1:D4:(A40*Z1)', 778, 'Bo', 'T9C'),
(3789, 7, 37, 'o', NULL, NULL, 1, 'Q1:D4:(A40*Z1)', 1551, 'Bo', 'T9C'),
(3790, 1, 277, 'i', NULL, NULL, 1, 'Q1:D4:(A40*Z1)', 779, 'Bo', 'T9C');
INSERT INTO `spelling` (`id`, `vol`, `page`, `section`, `pyr_page`, `pyr_sect`, `is_locution`, `type`, `spell`, `position`, `document`) VALUES
(3791, 1, 291, 'h', NULL, NULL, 1, 'Q1:D4:(A40*Z1)', 782, 'Bo', 'T9C'),
(3792, 1, 305, 'g', NULL, NULL, 1, 'Q1:D4:(A40*Z1)', 787, 'Bo', 'T9C'),
(3793, 8, 385, NULL, 1259, 'a', 1, 'Q1:D4:(A40*Z1)', 532, 'Bo', 'T9C'),
(3794, 8, 424, NULL, 1986, 'b', 1, 'Q1:D4:(A40*Z1)', 670, 'Bo', 'T9C'),
(3795, 1, 11, 'a', NULL, NULL, 1, 'D4:Q1', 718, 'F', 'T9C'),
(3796, 1, 22, 'b', NULL, NULL, 1, 'D4:Q1', 721, 'B', 'T9C'),
(3797, 1, 24, 'a', NULL, NULL, 1, 'D4:Q1', 722, 'B', 'T9C'),
(3798, 1, 25, 'a', NULL, NULL, 1, 'D4:Q1', 722, 'B', 'T9C'),
(3799, 1, 79, 'd', NULL, NULL, 1, 'D4:Q1', 741, 'B', 'T9C'),
(3800, 1, 79, 'i', NULL, NULL, 1, 'D4:Q1', 741, 'B', 'T9C'),
(3801, 1, 80, 'c', NULL, NULL, 1, 'D4:Q1', 742, 'F', 'T9C'),
(3802, 8, 18, NULL, 50, 'b', 1, 'D4:Q1', 73, 'H', 'T9C'),
(3803, 8, 18, NULL, 50, 'c', 1, 'D4:Q1', 73, 'H', 'T9C'),
(3804, 8, 18, NULL, 51, 'a', 1, 'D4:Q1', 76, 'H', 'T9C'),
(3805, 8, 19, NULL, 51, 'b', 1, 'D4:Q1', 76, 'H', 'T9C'),
(3806, 8, 19, NULL, 51, 'c', 1, 'D4:Q1', 76, 'H', 'T9C'),
(3807, 8, 25, NULL, 55, 'a', 1, 'D4:Q1', 80, 'H', 'T9C'),
(3808, 8, 385, NULL, 1259, 'b', 1, 'D4:Q1', 532, 'Bo', 'T9C'),
(3809, 1, 37, 'a', NULL, NULL, 1, 'Q1*D4', 725, 'B', 'T9C'),
(3810, 1, 24, 'a', NULL, NULL, 1, 'Q1:A40', 722, 'B', 'T9C'),
(3811, 1, 79, 'a', NULL, NULL, 1, 'D4:Q1:A40', 741, 'unknown', 'S10C'),
(3812, 1, 79, 'd', NULL, NULL, 1, 'D4:Q1:A40', 741, 'unknown', 'S10C'),
(3813, 1, 79, 'f', NULL, NULL, 1, 'D4:Q1:A40', 741, 'unknown', 'S10C'),
(3814, 6, 410, 'a', NULL, NULL, 1, 'Q2:D4', 1491, 'H', 'T10C'),
(3815, 6, 410, 'd', NULL, NULL, 1, 'Q2:D4', 1491, 'H', 'T10C'),
(3816, 6, 410, 'f', NULL, NULL, 1, 'Q2:D4', 1492, 'F', 'T10C'),
(3817, 6, 411, 'a', NULL, NULL, 1, 'Q2:D4', 1493, 'B', 'T10C'),
(3818, 6, 411, 'd', NULL, NULL, 1, 'Q2:D4', 1493, 'B', 'T10C'),
(3819, 6, 411, 'h', NULL, NULL, 1, 'Q2:D4', 1494, 'B', 'T10C'),
(3820, 6, 412, 'a', NULL, NULL, 1, 'Q2:D4', 1495, 'B', 'T10C'),
(3821, 6, 412, 'h', NULL, NULL, 1, 'Q2:D4', 1496, 'B', 'T10C'),
(3822, 6, 413, 'a', NULL, NULL, 1, 'Q2:D4', 1497, 'Fr', 'T10C'),
(3823, 6, 413, 'c', NULL, NULL, 1, 'Q2:D4', 1497, 'Fr', 'T10C'),
(3824, 6, 413, 'g', NULL, NULL, 1, 'Q2:D4', 1497, 'Fr', 'T10C'),
(3825, 6, 413, 'h', NULL, NULL, 1, 'Q2:D4', 1497, 'Fr', 'T10C'),
(3826, 6, 413, 'j', NULL, NULL, 1, 'Q2:D4', 1497, 'Fr', 'T10C'),
(3827, 6, 414, 'b', NULL, NULL, 1, 'Q2:D4', 1498, 'L', 'T10C'),
(3828, 6, 414, 'j', NULL, NULL, 1, 'Q2:D4', 1499, 'L', 'T10C'),
(3829, 6, 414, 'n', NULL, NULL, 1, 'Q2:D4', 1499, 'L', 'T10C'),
(3830, 6, 414, 'u', NULL, NULL, 1, 'Q2:D4', 1499, 'L', 'T10C'),
(3831, 8, 389, NULL, 1607, 'a', 1, 'Q2:D4', 588, 'unknown', 'T13C'),
(3832, 6, 391, 'b', NULL, NULL, 1, 'D4:Q1:A40', 1475, 'B', 'T1L'),
(3833, 6, 391, 'f', NULL, NULL, 1, 'D4:Q1:A40', 1475, 'B', 'T1L'),
(3834, 6, 392, 'f', NULL, NULL, 1, 'D4:Q1:A40', 1476, 'B', 'T1L'),
(3835, 6, 392, 'g', NULL, NULL, 1, 'D4:Q1:A40', 1476, 'B', 'T1L'),
(3836, 8, 146, NULL, 161, 'a', 1, 'D4:Q1:A40', 218, 'Fr', 'T1L'),
(3837, 8, 414, NULL, 1973, 'a', 1, 'D4:Q1:A40', 670, 'L', 'T1L'),
(3838, 1, 24, 'a', NULL, NULL, 1, 'Q1:D4:A40', 722, 'L', 'T1L'),
(3839, 6, 394, 'g', NULL, NULL, 1, 'Q1:D4:A40', 1478, 'B', 'T1L'),
(3840, 8, 158, NULL, 167, 'a', 1, 'D4:Q1', 219, 'Fr', 'T1L'),
(3841, 7, 48, 'd', NULL, NULL, 1, 'Q1:D4:A40', 1557, 'unknown', 'T2L'),
(3842, 7, 45, 'h', NULL, NULL, 1, 'D4:(Q1*A40)', 1554, 'Fr', 'T2L'),
(3843, 3, 305, 'e', NULL, NULL, 0, 'D4:(Q1*A40)', 950, 'F', 'T3L'),
(3844, 7, 123, 'c', NULL, NULL, 1, 'Q1:D4:A40', 1632, 'unknown', 'T1N.Y.'),
(3845, 7, 123, 'e', NULL, NULL, 1, 'Q1:D4:A40', 1632, 'unknown', 'T1N.Y.'),
(3846, 7, 63, 'h', NULL, NULL, 1, 'D4:Q1', 1575, 'B', 'TT240'),
(3847, 7, 63, 'k', NULL, NULL, 1, 'D4:Q1', 1575, 'B', 'TT240'),
(3848, 7, 63, 'o', NULL, NULL, 1, 'D4:Q1', 1575, 'B', 'TT240'),
(3849, 8, 158, NULL, 167, 'a', 1, 'Q1:D4:A40', 219, 'B', 'TT319'),
(3850, 1, 6, 'b', NULL, NULL, 1, 'D4:Q1', 715, 'H', 'TT319'),
(3851, 1, 11, 'a', NULL, NULL, 1, 'D4:Q1', 718, 'H', 'TT319'),
(3852, 1, 11, 'd', NULL, NULL, 1, 'D4:Q1', 718, 'H', 'TT319'),
(3853, 6, 277, 'l', NULL, NULL, 1, 'D4:Q1', 1370, 'H', 'TT319'),
(3854, 6, 277, 'r', NULL, NULL, 1, 'D4:Q1', 1370, 'H', 'TT319'),
(3855, 1, 11, 'a', NULL, NULL, 1, 'D4:Q1:A40', 718, 'Bo', 'Y1C'),
(3856, 1, 14, 'b', NULL, NULL, 1, 'D4:Q1:A40', 718, 'Bo', 'Y1C');

-- --------------------------------------------------------

--
-- Estructura de tabla para la tabla `spelling_type`
--

CREATE TABLE `spelling_type` (
  `code` varchar(100) NOT NULL,
  `spelling_group` varchar(100) NOT NULL,
  `disposition` varchar(100) NOT NULL,
  `length` int NOT NULL
) ENGINE=InnoDB DEFAULT CHARSET=utf8mb4 COLLATE=utf8mb4_general_ci;

--
-- Volcado de datos para la tabla `spelling_type`
--

INSERT INTO `spelling_type` (`code`, `spelling_group`, `disposition`, `length`) VALUES
('(D4:(Q1*Z1))*A40', 'eye-throne', 'compact', 4),
('(D4:Q1)*A40', 'eye-throne', 'compact', 3),
('(D4:Q1)*A40-retro', 'eye-throne', 'compact-retro', 3),
('(F51:D21)*A40', 'flesh-mouth', 'compact', 3),
('(F51*Z1):D21:A40', 'flesh-mouth', 'vertical', 4),
('(Q1:D4)*A40', 'eye-throne', 'compact', 3),
('(Q1:D4)*G5', 'eye-throne', 'compact', 3),
('(Q1:D4)*R8', 'eye-throne', 'compact', 3),
('(Q1*A40):D4', 'eye-throne', 'compact', 3),
('A40*(F51:D21)-retro', 'flesh-mouth', 'compact-retro', 3),
('A43', 'others', 'compact', 1),
('D4:(Q1*A40)', 'eye-throne', 'compact', 3),
('D4:(Q1*M17)', 'eye-throne', 'compact', 3),
('D4:(Q1*X1)', 'eye-throne', 'compact', 3),
('D4:(Q1*Z1)', 'eye-throne', 'compact', 3),
('D4:A40', 'eye-throne', 'vertical', 2),
('D4:Q1', 'eye-throne', 'vertical', 2),
('D4:Q1:(M17*Z1)', 'eye-throne', 'vertical', 4),
('D4:Q1:A40', 'eye-throne', 'vertical', 3),
('D4:Q1:N5:A40', 'eye-throne', 'vertical', 4),
('D4:Q1:R8', 'eye-throne', 'vertical', 3),
('D4:Q1*A43', 'eye-throne', 'compact', 3),
('D4:Q1*G7', 'eye-throne', 'compact', 3),
('D4:Q1*X1:A40', 'eye-throne', 'vertical', 4),
('D4*(Q1:A40)', 'eye-throne', 'horizontal', 3),
('D4*Q1*A40', 'eye-throne', 'horizontal', 3),
('F51:A40:X1', 'flesh-mouth', 'vertical', 3),
('F51:D21', 'flesh-mouth', 'compact', 2),
('F51:D21:A40', 'flesh-mouth', 'vertical', 3),
('F51:D4:(Q1*A40)', 'others', 'compact', 4),
('F51:D4:A40', 'others', 'compact', 3),
('F51:X1:A40', 'flesh-mouth', 'vertical', 3),
('F51*(D21:A40)', 'flesh-mouth', 'compact', 3),
('F51*D21:A40', 'flesh-mouth', 'compact', 3),
('F51*D21*A40', 'flesh-mouth', 'horizontal', 3),
('Q1:A40', 'eye-throne', 'vertical', 2),
('Q1:D21:A40', 'eye-throne', 'vertical', 3),
('Q1:D4', 'eye-throne', 'vertical', 2),
('Q1:D4:(A40*Z1)', 'eye-throne', 'vertical', 4),
('Q1:D4:A40', 'eye-throne', 'vertical', 3),
('Q1:D4:A43', 'eye-throne', 'vertical', 3),
('Q1:D4:R8', 'eye-throne', 'vertical', 3),
('Q1*(D4:A40)', 'eye-throne', 'compact', 3),
('Q1*D4', 'eye-throne', 'horizontal', 2),
('Q1*D4-retro', 'eye-throne', 'horizontal-retro', 2),
('Q2:D4', 'eye-throne', 'compact', 2),
('U40:D4', 'eye-throne', 'vertical', 2);

--
-- ndices para tablas volcadas
--

--
-- Indices de la tabla `document`
--
ALTER TABLE `document`
  ADD PRIMARY KEY (`code`);

--
-- Indices de la tabla `spell`
--
ALTER TABLE `spell`
  ADD PRIMARY KEY (`id`);

--
-- Indices de la tabla `spelling`
--
ALTER TABLE `spelling`
  ADD PRIMARY KEY (`id`),
  ADD KEY `fk_type` (`type`),
  ADD KEY `fk_spell` (`spell`),
  ADD KEY `fk_document` (`document`);

--
-- Indices de la tabla `spelling_type`
--
ALTER TABLE `spelling_type`
  ADD PRIMARY KEY (`code`);

--
-- AUTO_INCREMENT de las tablas volcadas
--

--
-- AUTO_INCREMENT de la tabla `spell`
--
ALTER TABLE `spell`
  MODIFY `id` int NOT NULL AUTO_INCREMENT, AUTO_INCREMENT=1900;

--
-- AUTO_INCREMENT de la tabla `spelling`
--
ALTER TABLE `spelling`
  MODIFY `id` int NOT NULL AUTO_INCREMENT, AUTO_INCREMENT=3948;

--
-- Restricciones para tablas volcadas
--

--
-- Filtros para la tabla `spelling`
--
ALTER TABLE `spelling`
  ADD CONSTRAINT `fk_document` FOREIGN KEY (`document`) REFERENCES `document` (`code`) ON DELETE RESTRICT ON UPDATE RESTRICT,
  ADD CONSTRAINT `fk_spell` FOREIGN KEY (`spell`) REFERENCES `spell` (`id`) ON DELETE RESTRICT ON UPDATE RESTRICT,
  ADD CONSTRAINT `fk_type` FOREIGN KEY (`type`) REFERENCES `spelling_type` (`code`) ON DELETE RESTRICT ON UPDATE RESTRICT;
COMMIT;

/*!40101 SET CHARACTER_SET_CLIENT=@OLD_CHARACTER_SET_CLIENT */;
/*!40101 SET CHARACTER_SET_RESULTS=@OLD_CHARACTER_SET_RESULTS */;
/*!40101 SET COLLATION_CONNECTION=@OLD_COLLATION_CONNECTION */;
